year,date,hour,tempreture,Clear,Clouds,Fog,Rain
2024,2024-12-01,11,280.75,0,1,0,0
2024,2024-12-01,12,279.86,0,1,0,0
2024,2024-12-01,13,280.62,0,1,0,0
2024,2024-12-01,14,281.26,0,1,0,0
2024,2024-12-01,15,281.35,0,0,0,1
2024,2024-12-01,16,277.57,0,1,0,0
2024,2024-12-01,17,275.81,0,1,0,0
2024,2024-12-01,18,275.23,1,0,0,0
2024,2024-12-01,19,275.73,1,0,0,0
2024,2024-12-01,20,277.35,1,0,0,0
2024,2024-12-01,21,277.08,0,1,0,0
2024,2024-12-02,11,275.94,0,1,0,0
2024,2024-12-02,12,278.65,0,1,0,0
2024,2024-12-02,13,279.61,0,1,0,0
2024,2024-12-02,14,278.15,0,1,0,0
2024,2024-12-02,15,279.79,0,1,0,0
2024,2024-12-02,16,279.07,0,0,0,1
2024,2024-12-02,17,276.81,0,1,0,0
2024,2024-12-02,18,277.09,0,1,0,0
2024,2024-12-02,19,276.94,0,1,0,0
2024,2024-12-02,20,276.8,0,1,0,0
2024,2024-12-02,21,276.43,0,1,0,0
2024,2024-12-03,11,277.87,0,1,0,0
2024,2024-12-03,12,280.11,0,1,0,0
2024,2024-12-03,13,280.55,0,0,0,1
2024,2024-12-03,14,280.85,0,1,0,0
2024,2024-12-03,15,280.37,0,1,0,0
2024,2024-12-03,16,280.55,0,1,0,0
2024,2024-12-03,17,277.66,0,0,0,1
2024,2024-12-03,18,277.94,1,0,0,0
2024,2024-12-03,19,277.33,1,0,0,0
2024,2024-12-03,20,277.1,1,0,0,0
2024,2024-12-03,21,276.66,1,0,0,0
2024,2024-12-04,11,279.62,0,1,0,0
2024,2024-12-04,12,279.08,0,1,0,0
2024,2024-12-04,13,279.94,0,0,0,1
2024,2024-12-04,14,279.72,0,1,0,0
2024,2024-12-04,15,279.19,1,0,0,0
2024,2024-12-04,16,278.74,1,0,0,0
2024,2024-12-04,17,277.89,1,0,0,0
2024,2024-12-04,18,277.57,1,0,0,0
2024,2024-12-04,19,277.24,0,0,1,0
2024,2024-12-04,20,275.2,0,0,1,0
2024,2024-12-04,21,275.44,0,0,1,0
2024,2024-12-05,11,278.41,0,1,0,0
2024,2024-12-05,12,279.75,0,1,0,0
2024,2024-12-05,13,279.09,0,1,0,0
2024,2024-12-05,14,280.11,0,1,0,0
2024,2024-12-05,15,277.84,0,1,0,0
2024,2024-12-05,16,278.86,0,1,0,0
2024,2024-12-05,17,279.46,0,1,0,0
2024,2024-12-05,18,278.22,0,0,0,1
2024,2024-12-05,19,279.85,0,0,0,1
2024,2024-12-05,20,279.9,0,1,0,0
2024,2024-12-05,21,279.4,0,1,0,0
2024,2024-12-06,11,281.43,0,1,0,0
2024,2024-12-06,12,280.92,0,1,0,0
2024,2024-12-06,13,282.55,0,1,0,0
2024,2024-12-06,14,281.02,0,1,0,0
2024,2024-12-06,15,282.01,0,1,0,0
2024,2024-12-06,16,281.2,0,1,0,0
2024,2024-12-06,17,282.7,0,0,0,1
2024,2024-12-06,18,283.97,0,0,0,1
2024,2024-12-06,19,283.98,0,0,0,1
2024,2024-12-06,20,284.37,0,0,0,1
2024,2024-12-06,21,282.7,0,0,1,1
2024,2024-12-07,11,283.04,0,0,0,1
2024,2024-12-07,12,282.77,0,0,0,1
2024,2024-12-07,13,283.83,0,0,0,1
2024,2024-12-07,14,284.43,0,0,0,1
2024,2024-12-07,15,283.47,0,0,0,1
2024,2024-12-07,16,281.03,0,1,0,0
2024,2024-12-07,17,280.02,0,1,0,0
2024,2024-12-07,18,278.5,0,1,0,0
2024,2024-12-07,19,277.03,0,1,0,0
2024,2024-12-07,20,277.3,0,1,0,0
2024,2024-12-07,21,277.55,0,1,0,0
2024,2024-12-08,11,279.67,0,1,0,0
2024,2024-12-08,12,279.71,0,0,0,1
2024,2024-12-08,13,279.97,0,0,0,1
2024,2024-12-08,14,279.39,0,0,0,1
2024,2024-12-08,15,279.1,0,1,0,0
2024,2024-12-08,16,278.34,0,1,0,0
2024,2024-12-08,17,277.54,0,1,0,0
2024,2024-12-08,18,279.32,0,1,0,0
2024,2024-12-08,19,280.22,0,1,0,0
2024,2024-12-08,20,279.6,0,1,0,0
2024,2024-12-08,21,279.73,0,1,0,0
2024,2024-12-09,11,278.65,0,0,0,1
2024,2024-12-09,12,278.98,0,1,0,0
2024,2024-12-09,13,278.89,0,1,0,0
2024,2024-12-09,14,279.82,0,1,0,0
2024,2024-12-09,15,279.06,0,1,0,0
2024,2024-12-09,16,279.82,0,1,0,0
2024,2024-12-09,17,275.7,0,1,0,0
2024,2024-12-09,18,278.27,0,1,0,0
2024,2024-12-09,19,277.01,0,1,0,0
2024,2024-12-09,20,276.87,0,1,0,0
2024,2024-12-09,21,276.66,0,1,0,0
2024,2024-12-10,11,276.99,0,1,0,0
2024,2024-12-10,12,276.88,0,1,0,0
2024,2024-12-10,13,277.45,0,1,0,0
2024,2024-12-10,14,276.41,0,1,0,0
2024,2024-12-10,15,276.75,0,1,0,0
2024,2024-12-10,16,276.13,0,1,0,0
2024,2024-12-10,17,277.73,0,1,0,0
2024,2024-12-10,18,276.18,0,1,0,0
2024,2024-12-10,19,275.92,0,1,0,0
2024,2024-12-10,20,276.25,0,1,0,0
2024,2024-12-10,21,278.11,0,1,0,0
2024,2024-12-11,11,278.27,0,1,0,0
2024,2024-12-11,12,280.19,0,1,0,0
2024,2024-12-11,13,282.1,0,1,0,0
2024,2024-12-11,14,280.21,0,1,0,0
2024,2024-12-11,15,281.07,0,1,0,0
2024,2024-12-11,16,279.86,1,0,0,0
2024,2024-12-11,17,277.92,1,0,0,0
2024,2024-12-11,18,276.66,1,0,0,0
2024,2024-12-11,19,276.17,1,0,0,0
2024,2024-12-11,20,274.57,1,0,0,0
2024,2024-12-11,21,275.51,1,0,0,0
2024,2024-12-12,11,277.68,0,1,0,0
2024,2024-12-12,12,278.22,0,1,0,0
2024,2024-12-12,13,278.35,0,0,0,1
2024,2024-12-12,14,278.76,0,1,0,0
2024,2024-12-12,15,277.83,0,1,0,0
2024,2024-12-12,16,279.94,0,1,0,0
2024,2024-12-12,17,279.64,0,1,0,0
2024,2024-12-12,18,278.19,0,0,0,1
2024,2024-12-12,19,278.94,0,0,1,1
2024,2024-12-12,20,278.78,0,0,0,1
2024,2024-12-12,21,278.62,0,0,1,1
2024,2024-12-13,11,276.84,0,0,0,1
2024,2024-12-13,12,276.17,0,0,0,1
2024,2024-12-13,13,276.56,0,0,0,1
2024,2024-12-13,14,276.6,0,0,0,1
2024,2024-12-13,15,277.11,0,0,0,1
2024,2024-12-13,16,276.96,0,0,0,1
2024,2024-12-13,17,276.43,0,0,0,1
2024,2024-12-13,18,276.36,0,0,0,1
2024,2024-12-13,19,276.45,0,0,0,1
2024,2024-12-13,20,275.64,0,0,0,1
2024,2024-12-13,21,275.54,0,0,0,1
2024,2024-12-14,11,279.2,0,0,0,1
2024,2024-12-14,12,277.42,0,0,0,1
2024,2024-12-14,13,277.67,0,0,0,1
2024,2024-12-14,14,277.2,0,0,0,1
2024,2024-12-14,15,276.89,0,0,0,1
2024,2024-12-14,16,277.2,0,0,0,1
2024,2024-12-14,17,277.09,0,0,0,1
2024,2024-12-14,18,277.21,0,0,0,1
2024,2024-12-14,19,276.65,0,0,0,1
2024,2024-12-14,20,276.45,0,0,0,1
2024,2024-12-14,21,275.81,0,0,0,1
2024,2024-12-15,11,278.65,0,1,0,0
2024,2024-12-15,12,278.61,0,1,0,0
2024,2024-12-15,13,276.82,0,0,0,1
2024,2024-12-15,14,277.75,0,0,0,1
2024,2024-12-15,15,276.73,0,0,0,1
2024,2024-12-15,16,276.27,0,0,0,1
2024,2024-12-15,17,274.97,0,0,0,1
2024,2024-12-15,18,274.74,0,1,0,0
2024,2024-12-15,19,273.53,0,1,0,0
2024,2024-12-15,20,273.55,0,1,0,0
2024,2024-12-15,21,273.22,0,1,0,0
2024,2024-12-16,11,273.04,0,0,0,1
2024,2024-12-16,12,273.42,0,0,0,1
2024,2024-12-16,13,274.2,0,0,0,1
2024,2024-12-16,14,274.79,0,0,0,1
2024,2024-12-16,15,275.35,0,0,0,1
2024,2024-12-16,16,276.53,0,1,0,0
2024,2024-12-16,17,275.57,0,0,0,1
2024,2024-12-16,18,275.35,0,1,0,0
2024,2024-12-16,19,275.14,0,1,0,0
2024,2024-12-16,20,275.59,0,1,0,0
2024,2024-12-16,21,276.13,0,1,0,0
2024,2024-12-17,11,275.45,0,0,0,1
2024,2024-12-17,12,276.25,0,0,0,1
2024,2024-12-17,13,276.39,0,0,0,1
2024,2024-12-17,14,276.89,0,0,0,1
2024,2024-12-17,15,276.51,0,0,0,1
2024,2024-12-17,16,276.64,0,0,1,1
2024,2024-12-17,17,276.69,0,0,1,1
2024,2024-12-17,18,276.2,0,0,1,1
2024,2024-12-17,19,276.26,0,0,1,1
2024,2024-12-17,20,275.92,0,0,1,1
2024,2024-12-17,21,275.9,0,0,1,1
2024,2024-12-18,11,279.93,0,1,0,0
2024,2024-12-18,12,282.43,0,1,0,0
2024,2024-12-18,13,282.96,0,1,0,0
2024,2024-12-18,14,283.69,0,1,0,0
2024,2024-12-18,15,282.95,0,1,0,0
2024,2024-12-18,16,282.44,0,1,0,0
2024,2024-12-18,17,280.22,0,1,0,0
2024,2024-12-18,18,281.04,0,1,0,0
2024,2024-12-18,19,279.61,0,1,0,0
2024,2024-12-18,20,281.45,0,1,0,0
2024,2024-12-18,21,278.78,0,1,0,0
2024,2024-12-19,11,280.67,0,0,0,1
2024,2024-12-19,12,279.24,0,0,0,1
2024,2024-12-19,13,279.5,0,0,0,1
2024,2024-12-19,14,279.94,0,0,0,1
2024,2024-12-19,15,281.48,0,0,0,1
2024,2024-12-19,16,281.04,0,0,0,1
2024,2024-12-19,17,280.37,0,0,0,1
2024,2024-12-19,18,279.1,0,0,0,1
2024,2024-12-19,19,279.47,0,0,0,1
2024,2024-12-19,20,280.63,0,0,0,1
2024,2024-12-19,21,282.85,0,0,0,1
2024,2024-12-20,11,282.91,0,0,0,1
2024,2024-12-20,12,283.16,0,0,0,1
2024,2024-12-20,13,283.64,0,0,0,1
2024,2024-12-20,14,283.52,0,0,0,1
2024,2024-12-20,15,281.37,0,0,0,1
2024,2024-12-20,16,283.16,0,0,0,1
2024,2024-12-20,17,283.28,0,0,0,1
2024,2024-12-20,18,283.06,0,0,0,1
2024,2024-12-20,19,282.83,0,1,0,0
2024,2024-12-20,20,282.76,0,0,0,1
2024,2024-12-20,21,280.46,0,1,0,0
2024,2024-12-21,11,279.32,0,0,0,1
2024,2024-12-21,12,281.18,0,0,0,1
2024,2024-12-21,13,279.97,0,0,0,1
2024,2024-12-21,14,282.66,0,0,0,1
2024,2024-12-21,15,280.68,0,0,0,1
2024,2024-12-21,16,280.15,0,0,0,1
2024,2024-12-21,17,279.41,0,0,0,1
2024,2024-12-21,18,279.05,0,0,0,1
2024,2024-12-21,19,280.89,0,0,0,1
2024,2024-12-21,20,277.95,0,0,0,1
2024,2024-12-21,21,277.74,0,0,0,1
2024,2024-12-22,11,278.9,0,0,0,1
2024,2024-12-22,12,277.36,0,0,0,1
2024,2024-12-22,13,277.15,0,0,0,1
2024,2024-12-22,14,277.58,0,0,0,1
2024,2024-12-22,15,277.26,0,0,0,1
2024,2024-12-22,16,278.01,0,0,0,1
2024,2024-12-22,17,278.32,0,0,0,1
2024,2024-12-22,18,278.15,0,0,0,1
2024,2024-12-22,19,278.87,0,0,0,1
2024,2024-12-22,20,279.16,0,0,0,1
2024,2024-12-22,21,278.49,0,0,0,1
2024,2024-12-23,11,280.47,0,0,0,1
2024,2024-12-23,12,281.15,0,1,0,0
2024,2024-12-23,13,282.63,0,0,0,1
2024,2024-12-23,14,282.55,0,1,0,0
2024,2024-12-23,15,281.09,0,1,0,0
2024,2024-12-23,16,279.96,0,1,0,0
2024,2024-12-23,17,279.42,0,1,0,0
2024,2024-12-23,18,279.25,0,1,0,0
2024,2024-12-23,19,278.2,0,1,0,0
2024,2024-12-23,20,279.76,0,1,0,0
2024,2024-12-23,21,282.2,0,0,0,1
2024,2024-12-24,11,282.54,0,0,0,1
2024,2024-12-24,12,283.17,0,0,0,1
2024,2024-12-24,13,283.41,0,0,0,1
2024,2024-12-24,14,282.69,0,0,0,1
2024,2024-12-24,15,282.43,0,0,0,1
2024,2024-12-24,16,281.64,0,1,0,0
2024,2024-12-24,17,278.81,0,1,0,0
2024,2024-12-24,18,277.48,0,0,0,1
2024,2024-12-24,19,278.08,0,0,0,1
2024,2024-12-24,20,277.67,0,0,0,1
2024,2024-12-24,21,277.78,0,0,0,1
2024,2024-12-25,11,275.19,0,0,0,1
2024,2024-12-25,12,274.46,0,0,0,1
2024,2024-12-25,13,274.39,0,0,1,1
2024,2024-12-25,14,273.91,0,0,0,1
2024,2024-12-25,15,273.46,0,0,1,1
2024,2024-12-25,16,273.77,0,0,1,1
2024,2024-12-25,17,273.65,0,0,1,1
2024,2024-12-25,18,273.36,0,0,0,1
2024,2024-12-25,19,273.41,0,0,0,1
2024,2024-12-25,20,274.55,0,0,0,1
2024,2024-12-25,21,274.13,0,0,0,1
2024,2024-12-26,11,274.93,0,0,0,1
2024,2024-12-26,12,275.77,0,0,0,1
2024,2024-12-26,13,277.89,0,0,0,1
2024,2024-12-26,14,277.88,0,0,0,1
2024,2024-12-26,15,278.06,0,1,0,0
2024,2024-12-26,16,278.1,0,1,0,0
2024,2024-12-26,17,276.66,0,1,0,0
2024,2024-12-26,18,276.02,0,1,0,0
2024,2024-12-26,19,276.6,0,1,0,0
2024,2024-12-26,20,276.61,0,0,0,1
2024,2024-12-26,21,276.58,0,0,0,1
2024,2024-12-27,11,279.4,0,1,0,0
2024,2024-12-27,12,280.26,0,1,0,0
2024,2024-12-27,13,279.5,0,1,0,0
2024,2024-12-27,14,278.16,0,1,0,0
2024,2024-12-27,15,278.11,0,1,0,0
2024,2024-12-27,16,276.51,0,0,1,1
2024,2024-12-27,17,275.73,0,0,1,1
2024,2024-12-27,18,275.73,0,0,1,1
2024,2024-12-27,19,276.02,0,0,1,1
2024,2024-12-27,20,275.82,0,0,0,1
2024,2024-12-27,21,275.21,0,0,0,1
2024,2024-12-28,11,277.69,0,0,0,1
2024,2024-12-28,12,278.74,0,0,0,1
2024,2024-12-28,13,279.36,0,0,0,1
2024,2024-12-28,14,280.2,0,0,0,1
2024,2024-12-28,15,282.98,0,0,0,1
2024,2024-12-28,16,281.13,0,0,0,1
2024,2024-12-28,17,279.87,0,0,0,1
2024,2024-12-28,18,278.78,0,0,0,1
2024,2024-12-28,19,277.88,0,0,0,1
2024,2024-12-28,20,279.42,0,0,0,1
2024,2024-12-28,21,278.94,0,0,0,1
2024,2024-12-29,11,277.87,0,0,0,1
2024,2024-12-29,12,277.93,0,0,0,1
2024,2024-12-29,13,278.16,0,0,0,1
2024,2024-12-29,14,277.38,0,0,1,1
2024,2024-12-29,15,276.93,0,0,0,1
2024,2024-12-29,16,277.45,0,0,0,1
2024,2024-12-29,17,277.33,0,0,0,1
2024,2024-12-29,18,277.82,0,0,0,1
2024,2024-12-29,19,278.31,0,0,0,1
2024,2024-12-29,20,276.66,0,0,0,1
2024,2024-12-29,21,274.84,0,1,0,0
2024,2024-12-30,11,274.99,0,0,1,1
2024,2024-12-30,12,273.99,0,0,1,1
2024,2024-12-30,13,274.36,0,0,0,1
2024,2024-12-30,14,275.18,0,0,1,1
2024,2024-12-30,15,275.03,0,0,1,1
2024,2024-12-30,16,275.2,0,0,1,1
2024,2024-12-30,17,275.09,0,0,1,1
2024,2024-12-30,18,274.92,0,0,0,1
2024,2024-12-30,19,274.52,0,0,0,1
2024,2024-12-30,20,275.63,0,0,0,1
2024,2024-12-30,21,275.9,0,0,0,1
2024,2024-12-31,11,276.48,0,1,0,0
2024,2024-12-31,12,277.68,0,1,0,0
2024,2024-12-31,13,277.59,0,1,0,0
2024,2024-12-31,14,278.15,0,1,0,0
2024,2024-12-31,15,277.02,0,1,0,0
2024,2024-12-31,16,278.93,0,0,0,1
2024,2024-12-31,17,277.06,0,1,0,0
2024,2024-12-31,18,277.7,0,1,0,0
2024,2024-12-31,19,277.28,0,1,0,0
2024,2024-12-31,20,274.36,0,1,0,0
2024,2024-12-31,21,274.46,0,1,0,0
2025,2025-01-01,11,274.83,0,1,0,0
2025,2025-01-01,12,276.8,0,1,0,0
2025,2025-01-01,13,275.98,0,1,0,0
2025,2025-01-01,14,276.38,0,1,0,0
2025,2025-01-01,15,277.57,0,1,0,0
2025,2025-01-01,16,277.3,0,1,0,0
2025,2025-01-01,17,278.24,0,1,0,0
2025,2025-01-01,18,275.23,0,1,0,0
2025,2025-01-01,19,275.23,0,1,0,0
2025,2025-01-01,20,274.46,0,1,0,0
2025,2025-01-01,21,275.74,0,1,0,0
2025,2025-01-02,11,274.29,0,0,0,1
2025,2025-01-02,12,274.47,0,0,0,1
2025,2025-01-02,13,274.33,0,0,0,1
2025,2025-01-02,14,274.08,0,0,0,1
2025,2025-01-02,15,274.62,0,0,0,1
2025,2025-01-02,16,275.37,0,0,0,1
2025,2025-01-02,17,275.43,0,0,0,1
2025,2025-01-02,18,275.91,0,0,0,1
2025,2025-01-02,19,275.97,0,0,0,1
2025,2025-01-02,20,276.73,0,0,0,1
2025,2025-01-02,21,276.76,0,0,0,1
2025,2025-01-03,11,275.53,0,0,0,1
2025,2025-01-03,12,275.46,0,0,0,1
2025,2025-01-03,13,276.49,0,0,0,1
2025,2025-01-03,14,277.23,0,0,0,1
2025,2025-01-03,15,276.21,0,0,0,1
2025,2025-01-03,16,278.18,0,0,0,1
2025,2025-01-03,17,276.45,0,0,0,1
2025,2025-01-03,18,275.92,0,0,0,1
2025,2025-01-03,19,275.81,0,0,0,1
2025,2025-01-03,20,276.2,0,1,0,0
2025,2025-01-03,21,277.08,0,1,0,0
2025,2025-01-04,11,277.53,0,0,0,1
2025,2025-01-04,12,277.29,0,0,0,1
2025,2025-01-04,13,277.48,0,0,0,1
2025,2025-01-04,14,277.25,0,0,0,1
2025,2025-01-04,15,277.44,0,0,0,1
2025,2025-01-04,16,277.42,0,0,0,1
2025,2025-01-04,17,277.37,0,0,0,1
2025,2025-01-04,18,277.18,0,0,0,1
2025,2025-01-04,19,276.72,0,0,0,1
2025,2025-01-04,20,276.75,0,0,0,1
2025,2025-01-04,21,277.24,0,0,0,1
2025,2025-01-05,11,280.22,0,1,0,0
2025,2025-01-05,12,280.33,0,1,0,0
2025,2025-01-05,13,279.84,0,1,0,0
2025,2025-01-05,14,279.37,0,1,0,0
2025,2025-01-05,15,279.44,0,1,0,0
2025,2025-01-05,16,279.73,0,1,0,0
2025,2025-01-05,17,279.67,0,1,0,0
2025,2025-01-05,18,279.22,0,1,0,0
2025,2025-01-05,19,277.16,0,1,0,0
2025,2025-01-05,20,277.86,0,1,0,0
2025,2025-01-05,21,276.5,0,1,0,0
2025,2025-01-06,11,277.73,1,0,0,0
2025,2025-01-06,12,277.16,1,0,0,0
2025,2025-01-06,13,276.76,0,1,0,0
2025,2025-01-06,14,277.99,0,1,0,0
2025,2025-01-06,15,278.78,0,1,0,0
2025,2025-01-06,16,276.7,0,1,0,0
2025,2025-01-06,17,276.14,0,1,0,0
2025,2025-01-06,18,276.32,0,1,0,0
2025,2025-01-06,19,275.78,0,1,0,0
2025,2025-01-06,20,277.51,0,1,0,0
2025,2025-01-06,21,277.09,0,0,1,0
2025,2025-01-07,11,275.55,0,0,1,0
2025,2025-01-07,12,275.95,0,1,0,0
2025,2025-01-07,13,275.6,0,1,0,0
2025,2025-01-07,14,275.66,0,1,0,0
2025,2025-01-07,15,277.29,0,1,0,0
2025,2025-01-07,16,278.61,0,1,0,0
2025,2025-01-07,17,276.48,0,0,0,1
2025,2025-01-07,18,277.01,0,1,0,0
2025,2025-01-07,19,278.92,0,1,0,0
2025,2025-01-07,20,277.12,0,0,0,1
2025,2025-01-07,21,276.85,0,0,0,1
2025,2025-01-08,11,280.82,0,1,0,0
2025,2025-01-08,12,279.17,0,1,0,0
2025,2025-01-08,13,280.09,0,1,0,0
2025,2025-01-08,14,279.54,0,1,0,0
2025,2025-01-08,15,279.27,0,1,0,0
2025,2025-01-08,16,277.49,0,1,0,0
2025,2025-01-08,17,279.03,0,1,0,0
2025,2025-01-08,18,277.6,0,1,0,0
2025,2025-01-08,19,275.86,1,0,0,0
2025,2025-01-08,20,277.57,0,1,0,0
2025,2025-01-08,21,276.31,0,1,0,0
2025,2025-01-09,11,278.26,0,1,0,0
2025,2025-01-09,12,280.11,0,1,0,0
2025,2025-01-09,13,280.11,0,1,0,0
2025,2025-01-09,14,282.26,0,1,0,0
2025,2025-01-09,15,282.8,0,1,0,0
2025,2025-01-09,16,281.41,0,1,0,0
2025,2025-01-09,17,279.62,0,1,0,0
2025,2025-01-09,18,279.83,0,1,0,0
2025,2025-01-09,19,278.15,0,1,0,0
2025,2025-01-09,20,276.8,0,1,0,0
2025,2025-01-09,21,277.81,0,1,0,0
2025,2025-01-10,11,275.87,0,0,0,1
2025,2025-01-10,12,275.24,0,0,0,1
2025,2025-01-10,13,276.26,0,1,0,0
2025,2025-01-10,14,276.37,0,1,0,0
2025,2025-01-10,15,276.55,0,1,0,0
2025,2025-01-10,16,276.64,0,1,0,0
2025,2025-01-10,17,275.91,0,1,0,0
2025,2025-01-10,18,275.66,0,1,0,0
2025,2025-01-10,19,275.15,0,1,0,0
2025,2025-01-10,20,274.54,0,1,0,0
2025,2025-01-10,21,274.19,0,0,0,1
2025,2025-01-11,11,278.43,0,0,0,1
2025,2025-01-11,12,278.39,0,0,0,1
2025,2025-01-11,13,278.78,0,0,0,1
2025,2025-01-11,14,278.16,0,0,0,1
2025,2025-01-11,15,278.55,0,1,0,0
2025,2025-01-11,16,277.11,0,0,0,1
2025,2025-01-11,17,276.39,0,0,0,1
2025,2025-01-11,18,277.78,0,1,0,0
2025,2025-01-11,19,278.71,0,1,0,0
2025,2025-01-11,20,278.87,0,1,0,0
2025,2025-01-11,21,278.04,0,0,0,1
2025,2025-01-12,11,277.37,0,1,0,0
2025,2025-01-12,12,277.58,0,1,0,0
2025,2025-01-12,13,277.88,0,1,0,0
2025,2025-01-12,14,277.59,0,1,0,0
2025,2025-01-12,15,278.22,0,1,0,0
2025,2025-01-12,16,277.58,0,1,0,0
2025,2025-01-12,17,277.08,0,1,0,0
2025,2025-01-12,18,273.43,0,1,0,0
2025,2025-01-12,19,277.18,0,1,0,0
2025,2025-01-12,20,275.26,1,0,0,0
2025,2025-01-12,21,275.93,0,1,0,0
2025,2025-01-13,11,275.82,0,1,0,0
2025,2025-01-13,12,276.15,0,1,0,0
2025,2025-01-13,13,276.28,0,1,0,0
2025,2025-01-13,14,277.05,0,1,0,0
2025,2025-01-13,15,277.47,0,1,0,0
2025,2025-01-13,16,278.34,0,1,0,0
2025,2025-01-13,17,277.83,0,1,0,0
2025,2025-01-13,18,277.53,0,1,0,0
2025,2025-01-13,19,277.17,0,1,0,0
2025,2025-01-13,20,276.46,0,0,0,1
2025,2025-01-13,21,274.26,0,1,0,0
2025,2025-01-14,11,277.07,0,1,0,0
2025,2025-01-14,12,278.59,0,1,0,0
2025,2025-01-14,13,279.14,0,1,0,0
2025,2025-01-14,14,278.85,0,1,0,0
2025,2025-01-14,15,278.0,0,1,0,0
2025,2025-01-14,16,278.06,0,1,0,0
2025,2025-01-14,17,278.81,0,1,0,0
2025,2025-01-14,18,276.57,0,1,0,0
2025,2025-01-14,19,275.03,0,1,0,0
2025,2025-01-14,20,275.39,0,1,0,0
2025,2025-01-14,21,275.89,0,1,0,0
2025,2025-01-15,11,278.47,0,1,0,0
2025,2025-01-15,12,280.42,0,0,0,1
2025,2025-01-15,13,279.82,0,1,0,0
2025,2025-01-15,14,280.81,1,0,0,0
2025,2025-01-15,15,280.89,1,0,0,0
2025,2025-01-15,16,279.81,1,0,0,0
2025,2025-01-15,17,278.97,0,1,0,0
2025,2025-01-15,18,277.73,0,1,0,0
2025,2025-01-15,19,277.04,0,1,0,0
2025,2025-01-15,20,275.56,0,1,0,0
2025,2025-01-15,21,276.07,0,1,0,0
2025,2025-01-16,11,276.5,0,1,0,0
2025,2025-01-16,12,274.38,0,1,0,0
2025,2025-01-16,13,276.3,0,0,0,1
2025,2025-01-16,14,275.9,0,1,0,0
2025,2025-01-16,15,276.55,0,1,0,0
2025,2025-01-16,16,276.0,1,0,0,0
2025,2025-01-16,17,274.43,1,0,0,0
2025,2025-01-16,18,274.18,1,0,0,0
2025,2025-01-16,19,274.99,1,0,0,0
2025,2025-01-16,20,274.54,0,1,0,0
2025,2025-01-16,21,274.2,0,1,0,0
2025,2025-01-17,11,276.99,0,0,0,1
2025,2025-01-17,12,276.7,1,0,0,0
2025,2025-01-17,13,277.66,0,1,0,0
2025,2025-01-17,14,277.66,0,1,0,0
2025,2025-01-17,15,276.83,0,1,0,0
2025,2025-01-17,16,277.05,1,0,0,0
2025,2025-01-17,17,275.47,1,0,0,0
2025,2025-01-17,18,275.79,1,0,0,0
2025,2025-01-17,19,274.32,1,0,0,0
2025,2025-01-17,20,272.17,1,0,0,0
2025,2025-01-17,21,272.1,0,1,0,0
2025,2025-01-18,11,275.75,0,1,0,0
2025,2025-01-18,12,277.81,0,1,0,0
2025,2025-01-18,13,277.56,0,1,0,0
2025,2025-01-18,14,277.88,0,1,0,0
2025,2025-01-18,15,279.47,1,0,0,0
2025,2025-01-18,16,276.28,0,1,0,0
2025,2025-01-18,17,275.59,1,0,0,0
2025,2025-01-18,18,273.82,0,1,0,0
2025,2025-01-18,19,273.79,0,1,0,0
2025,2025-01-18,20,273.48,0,1,0,0
2025,2025-01-18,21,273.43,0,1,0,0
2025,2025-01-19,11,276.6,1,0,0,0
2025,2025-01-19,12,275.44,0,0,0,1
2025,2025-01-19,13,276.3,0,0,0,1
2025,2025-01-19,14,277.64,1,0,0,0
2025,2025-01-19,15,278.87,1,0,0,0
2025,2025-01-19,16,278.44,1,0,0,0
2025,2025-01-19,17,276.09,1,0,0,0
2025,2025-01-19,18,274.81,1,0,0,0
2025,2025-01-19,19,272.83,1,0,0,0
2025,2025-01-19,20,272.42,1,0,0,0
2025,2025-01-19,21,271.62,1,0,0,0
2025,2025-01-20,11,274.39,0,1,0,0
2025,2025-01-20,12,277.48,0,1,0,0
2025,2025-01-20,13,276.66,0,1,0,0
2025,2025-01-20,14,276.69,0,1,0,0
2025,2025-01-20,15,278.24,0,1,0,0
2025,2025-01-20,16,276.73,0,1,0,0
2025,2025-01-20,17,276.17,0,1,0,0
2025,2025-01-20,18,275.58,0,1,0,0
2025,2025-01-20,19,275.46,0,1,0,0
2025,2025-01-20,20,275.46,0,1,0,0
2025,2025-01-20,21,274.7,0,1,0,0
2025,2025-01-21,11,271.2,0,1,0,0
2025,2025-01-21,12,272.32,0,1,0,0
2025,2025-01-21,13,274.69,0,1,0,0
2025,2025-01-21,14,275.22,0,1,0,0
2025,2025-01-21,15,277.08,0,1,0,0
2025,2025-01-21,16,275.84,0,1,0,0
2025,2025-01-21,17,276.42,0,1,0,0
2025,2025-01-21,18,275.3,0,1,0,0
2025,2025-01-21,19,272.08,0,1,0,0
2025,2025-01-21,20,270.17,0,1,0,0
2025,2025-01-21,21,270.7,0,1,0,0
2025,2025-01-22,11,276.62,0,1,0,0
2025,2025-01-22,12,275.39,0,1,0,0
2025,2025-01-22,13,274.83,0,1,0,0
2025,2025-01-22,14,275.26,0,1,0,0
2025,2025-01-22,15,274.71,0,1,0,0
2025,2025-01-22,16,275.92,0,1,0,0
2025,2025-01-22,17,275.12,0,1,0,0
2025,2025-01-22,18,276.0,0,1,0,0
2025,2025-01-22,19,274.94,0,1,0,0
2025,2025-01-22,20,275.35,0,1,0,0
2025,2025-01-22,21,274.72,0,1,0,0
2025,2025-01-23,11,275.62,0,1,0,0
2025,2025-01-23,12,275.28,0,1,0,0
2025,2025-01-23,13,275.88,0,0,0,1
2025,2025-01-23,14,274.68,0,1,0,0
2025,2025-01-23,15,275.24,0,1,0,0
2025,2025-01-23,16,274.62,0,1,0,0
2025,2025-01-23,17,275.28,0,1,0,0
2025,2025-01-23,18,276.46,0,1,0,0
2025,2025-01-23,19,273.71,0,1,0,0
2025,2025-01-23,20,273.19,0,1,0,0
2025,2025-01-23,21,272.77,0,1,0,0
2025,2025-01-24,11,275.83,0,1,0,0
2025,2025-01-24,12,276.21,1,0,0,0
2025,2025-01-24,13,277.42,0,1,0,0
2025,2025-01-24,14,277.83,1,0,0,0
2025,2025-01-24,15,277.26,1,0,0,0
2025,2025-01-24,16,275.12,1,0,0,0
2025,2025-01-24,17,274.67,1,0,0,0
2025,2025-01-24,18,275.95,1,0,0,0
2025,2025-01-24,19,272.26,1,0,0,0
2025,2025-01-24,20,271.5,1,0,0,0
2025,2025-01-24,21,271.55,1,0,0,0
2025,2025-01-25,11,278.51,1,0,0,0
2025,2025-01-25,12,275.96,0,0,0,1
2025,2025-01-25,13,278.14,0,1,0,0
2025,2025-01-25,14,278.36,0,1,0,0
2025,2025-01-25,15,279.4,1,0,0,0
2025,2025-01-25,16,276.04,0,1,0,0
2025,2025-01-25,17,277.29,0,1,0,0
2025,2025-01-25,18,274.82,0,1,0,0
2025,2025-01-25,19,273.58,0,1,0,0
2025,2025-01-25,20,273.67,1,0,0,0
2025,2025-01-25,21,273.5,0,1,0,0
2025,2025-01-26,11,276.54,0,1,0,0
2025,2025-01-26,12,277.12,0,1,0,0
2025,2025-01-26,13,277.67,0,1,0,0
2025,2025-01-26,14,279.15,1,0,0,0
2025,2025-01-26,15,279.08,1,0,0,0
2025,2025-01-26,16,277.39,1,0,0,0
2025,2025-01-26,17,277.8,1,0,0,0
2025,2025-01-26,18,276.07,1,0,0,0
2025,2025-01-26,19,274.98,1,0,0,0
2025,2025-01-26,20,274.56,1,0,0,0
2025,2025-01-26,21,274.13,1,0,0,0
2025,2025-01-27,11,278.21,1,0,0,0
2025,2025-01-27,12,278.47,1,0,0,0
2025,2025-01-27,13,278.95,1,0,0,0
2025,2025-01-27,14,278.91,0,1,0,0
2025,2025-01-27,15,278.29,1,0,0,0
2025,2025-01-27,16,279.3,1,0,0,0
2025,2025-01-27,17,277.23,1,0,0,0
2025,2025-01-27,18,274.86,1,0,0,0
2025,2025-01-27,19,275.41,1,0,0,0
2025,2025-01-27,20,273.95,1,0,0,0
2025,2025-01-27,21,272.32,1,0,0,0
2025,2025-01-28,11,276.53,0,1,0,0
2025,2025-01-28,12,278.67,0,0,0,1
2025,2025-01-28,13,279.64,1,0,0,0
2025,2025-01-28,14,278.64,0,1,0,0
2025,2025-01-28,15,279.51,0,1,0,0
2025,2025-01-28,16,278.86,0,1,0,0
2025,2025-01-28,17,278.28,0,1,0,0
2025,2025-01-28,18,276.68,0,1,0,0
2025,2025-01-28,19,275.6,0,1,0,0
2025,2025-01-28,20,275.09,0,1,0,0
2025,2025-01-28,21,274.65,1,0,0,0
2025,2025-01-29,11,277.1,1,0,0,0
2025,2025-01-29,12,279.58,1,0,0,0
2025,2025-01-29,13,280.29,1,0,0,0
2025,2025-01-29,14,279.9,0,1,0,0
2025,2025-01-29,15,279.04,0,0,1,0
2025,2025-01-29,16,278.79,1,0,0,0
2025,2025-01-29,17,276.31,1,0,0,0
2025,2025-01-29,18,276.52,0,1,0,0
2025,2025-01-29,19,275.93,0,1,0,0
2025,2025-01-29,20,275.03,1,0,0,0
2025,2025-01-29,21,274.35,0,1,0,0
2025,2025-01-30,11,273.89,0,1,0,0
2025,2025-01-30,12,273.65,0,0,0,1
2025,2025-01-30,13,272.71,0,0,0,1
2025,2025-01-30,14,272.89,0,0,0,1
2025,2025-01-30,15,272.62,0,0,0,1
2025,2025-01-30,16,273.27,0,0,0,1
2025,2025-01-30,17,273.69,0,0,0,1
2025,2025-01-30,18,273.21,0,0,0,1
2025,2025-01-30,19,273.29,0,0,0,1
2025,2025-01-30,20,273.5,0,0,0,1
2025,2025-01-30,21,272.15,0,0,0,1
2025,2025-01-31,11,273.48,0,0,0,1
2025,2025-01-31,12,273.62,0,0,0,1
2025,2025-01-31,13,274.04,0,0,0,1
2025,2025-01-31,14,274.33,0,0,1,1
2025,2025-01-31,15,274.22,0,0,1,1
2025,2025-01-31,16,274.69,0,0,0,1
2025,2025-01-31,17,274.49,0,0,0,1
2025,2025-01-31,18,274.6,0,0,0,1
2025,2025-01-31,19,274.59,0,0,0,1
2025,2025-01-31,20,272.82,0,0,0,1
2025,2025-01-31,21,270.64,0,0,0,1
2025,2025-02-01,11,270.24,0,0,0,1
2025,2025-02-01,12,271.53,0,0,0,1
2025,2025-02-01,13,272.02,0,0,0,1
2025,2025-02-01,14,272.73,0,0,0,1
2025,2025-02-01,15,273.18,0,0,0,1
2025,2025-02-01,16,273.08,0,0,0,1
2025,2025-02-01,17,272.49,0,1,0,0
2025,2025-02-01,18,271.91,0,0,0,1
2025,2025-02-01,19,270.5,0,1,0,0
2025,2025-02-01,20,270.69,0,1,0,0
2025,2025-02-01,21,271.06,0,1,0,0
2025,2025-02-02,11,270.33,0,0,0,1
2025,2025-02-02,12,270.91,0,0,0,1
2025,2025-02-02,13,269.49,0,0,0,1
2025,2025-02-02,14,270.85,0,0,0,1
2025,2025-02-02,15,270.3,0,0,0,1
2025,2025-02-02,16,269.69,0,0,0,1
2025,2025-02-02,17,268.9,0,0,0,1
2025,2025-02-02,18,269.67,0,0,0,1
2025,2025-02-02,19,268.73,0,0,0,1
2025,2025-02-02,20,268.54,0,0,0,1
2025,2025-02-02,21,268.05,0,0,0,1
2025,2025-02-03,11,266.39,0,0,0,1
2025,2025-02-03,12,268.2,0,0,0,1
2025,2025-02-03,13,267.49,0,0,0,1
2025,2025-02-03,14,269.72,0,0,0,1
2025,2025-02-03,15,269.02,0,0,0,1
2025,2025-02-03,16,268.64,0,0,0,1
2025,2025-02-03,17,271.16,0,0,0,1
2025,2025-02-03,18,268.94,0,0,0,1
2025,2025-02-03,19,267.61,0,0,0,1
2025,2025-02-03,20,268.03,0,0,0,1
2025,2025-02-03,21,270.34,0,0,0,1
2025,2025-02-04,11,267.0,0,1,0,0
2025,2025-02-04,12,268.8,0,1,0,0
2025,2025-02-04,13,273.47,1,0,0,0
2025,2025-02-04,14,271.66,0,0,0,1
2025,2025-02-04,15,271.41,0,0,0,1
2025,2025-02-04,16,271.39,0,0,0,1
2025,2025-02-04,17,272.43,0,0,0,1
2025,2025-02-04,18,266.66,0,1,0,0
2025,2025-02-04,19,265.89,0,1,0,0
2025,2025-02-04,20,269.35,0,1,0,0
2025,2025-02-04,21,265.12,0,1,0,0
2025,2025-02-05,11,268.05,0,1,0,0
2025,2025-02-05,12,268.71,0,1,0,0
2025,2025-02-05,13,267.76,0,1,0,0
2025,2025-02-05,14,270.2,0,1,0,0
2025,2025-02-05,15,272.91,0,1,0,0
2025,2025-02-05,16,269.66,0,1,0,0
2025,2025-02-05,17,268.56,0,1,0,0
2025,2025-02-05,18,267.81,0,1,0,0
2025,2025-02-05,19,271.15,0,1,0,0
2025,2025-02-05,20,267.56,0,1,0,0
2025,2025-02-05,21,267.48,0,1,0,0
2025,2025-02-06,11,270.55,0,0,0,1
2025,2025-02-06,12,271.66,0,0,0,1
2025,2025-02-06,13,272.37,0,0,0,1
2025,2025-02-06,14,272.2,0,0,0,1
2025,2025-02-06,15,269.38,0,0,0,1
2025,2025-02-06,16,270.93,0,0,0,1
2025,2025-02-06,17,269.88,0,0,0,1
2025,2025-02-06,18,269.47,0,0,0,1
2025,2025-02-06,19,271.8,1,0,0,0
2025,2025-02-06,20,266.11,1,0,0,0
2025,2025-02-06,21,266.09,1,0,0,0
2025,2025-02-07,11,269.51,0,1,0,0
2025,2025-02-07,12,271.76,0,1,0,0
2025,2025-02-07,13,272.52,0,0,0,1
2025,2025-02-07,14,273.74,0,0,0,1
2025,2025-02-07,15,275.49,0,0,0,1
2025,2025-02-07,16,273.92,0,0,0,1
2025,2025-02-07,17,272.62,0,0,0,1
2025,2025-02-07,18,270.54,0,1,0,0
2025,2025-02-07,19,267.73,0,0,0,1
2025,2025-02-07,20,268.74,0,1,0,0
2025,2025-02-07,21,268.93,0,1,0,0
2025,2025-02-08,11,272.0,0,0,0,1
2025,2025-02-08,12,272.98,0,0,0,1
2025,2025-02-08,13,274.15,0,0,0,1
2025,2025-02-08,14,273.52,0,0,0,1
2025,2025-02-08,15,275.62,0,0,0,1
2025,2025-02-08,16,272.97,0,0,0,1
2025,2025-02-08,17,272.24,0,0,0,1
2025,2025-02-08,18,271.24,0,1,0,0
2025,2025-02-08,19,270.19,0,1,0,0
2025,2025-02-08,20,269.93,0,1,0,0
2025,2025-02-08,21,268.52,0,1,0,0
2025,2025-02-09,11,275.28,0,1,0,0
2025,2025-02-09,12,273.51,1,0,0,0
2025,2025-02-09,13,271.77,0,0,0,1
2025,2025-02-09,14,271.52,0,0,0,1
2025,2025-02-09,15,271.96,0,0,0,1
2025,2025-02-09,16,272.1,0,0,0,1
2025,2025-02-09,17,270.42,0,1,0,0
2025,2025-02-09,18,269.44,0,0,0,1
2025,2025-02-09,19,271.31,0,1,0,0
2025,2025-02-09,20,270.41,0,1,0,0
2025,2025-02-09,21,269.12,0,1,0,0
2025,2025-02-10,11,269.77,0,1,0,0
2025,2025-02-10,12,272.54,0,1,0,0
2025,2025-02-10,13,274.46,0,1,0,0
2025,2025-02-10,14,273.37,1,0,0,0
2025,2025-02-10,15,275.28,1,0,0,0
2025,2025-02-10,16,273.97,0,0,0,1
2025,2025-02-10,17,272.22,1,0,0,0
2025,2025-02-10,18,271.68,0,1,0,0
2025,2025-02-10,19,268.36,1,0,0,0
2025,2025-02-10,20,266.41,1,0,0,0
2025,2025-02-10,21,266.9,1,0,0,0
2025,2025-02-11,11,269.94,0,1,0,0
2025,2025-02-11,12,271.61,0,1,0,0
2025,2025-02-11,13,270.34,0,1,0,0
2025,2025-02-11,14,272.22,1,0,0,0
2025,2025-02-11,15,271.83,1,0,0,0
2025,2025-02-11,16,272.95,0,0,0,1
2025,2025-02-11,17,272.08,1,0,0,0
2025,2025-02-11,18,271.88,1,0,0,0
2025,2025-02-11,19,269.83,1,0,0,0
2025,2025-02-11,20,268.03,1,0,0,0
2025,2025-02-11,21,268.68,1,0,0,0
2025,2025-02-12,11,272.38,1,0,0,0
2025,2025-02-12,12,272.79,0,1,0,0
2025,2025-02-12,13,275.19,0,1,0,0
2025,2025-02-12,14,275.08,0,0,0,1
2025,2025-02-12,15,274.91,1,0,0,0
2025,2025-02-12,16,272.98,1,0,0,0
2025,2025-02-12,17,272.28,1,0,0,0
2025,2025-02-12,18,271.09,0,1,0,0
2025,2025-02-12,19,269.86,0,1,0,0
2025,2025-02-12,20,269.32,0,1,0,0
2025,2025-02-12,21,268.5,0,1,0,0
2025,2025-02-13,11,275.64,0,1,0,0
2025,2025-02-13,12,274.03,0,1,0,0
2025,2025-02-13,13,275.62,0,1,0,0
2025,2025-02-13,14,273.88,0,1,0,0
2025,2025-02-13,15,273.61,0,0,0,1
2025,2025-02-13,16,274.04,0,1,0,0
2025,2025-02-13,17,272.98,0,1,0,0
2025,2025-02-13,18,273.88,0,1,0,0
2025,2025-02-13,19,272.85,0,1,0,0
2025,2025-02-13,20,271.61,0,1,0,0
2025,2025-02-13,21,271.54,0,1,0,0
2025,2025-02-14,11,275.52,0,1,0,0
2025,2025-02-14,12,277.33,0,1,0,0
2025,2025-02-14,13,277.64,0,1,0,0
2025,2025-02-14,14,277.77,0,1,0,0
2025,2025-02-14,15,278.05,0,1,0,0
2025,2025-02-14,16,277.1,0,1,0,0
2025,2025-02-14,17,275.24,0,1,0,0
2025,2025-02-14,18,274.04,0,1,0,0
2025,2025-02-14,19,273.77,0,0,0,1
2025,2025-02-14,20,273.62,0,1,0,0
2025,2025-02-14,21,272.45,0,0,0,1
2025,2025-02-15,11,273.51,0,0,0,1
2025,2025-02-15,12,273.26,0,0,0,1
2025,2025-02-15,13,273.8,0,0,0,1
2025,2025-02-15,14,274.75,0,0,0,1
2025,2025-02-15,15,273.56,0,0,0,1
2025,2025-02-15,16,273.71,0,0,0,1
2025,2025-02-15,17,273.46,0,0,0,1
2025,2025-02-15,18,274.82,0,0,0,1
2025,2025-02-15,19,273.74,0,0,0,1
2025,2025-02-15,20,272.99,0,0,0,1
2025,2025-02-15,21,271.53,0,0,0,1
2025,2025-02-16,11,274.62,0,0,1,1
2025,2025-02-16,12,275.59,0,0,1,1
2025,2025-02-16,13,276.33,0,0,0,1
2025,2025-02-16,14,276.8,0,0,0,1
2025,2025-02-16,15,276.76,0,0,0,1
2025,2025-02-16,16,277.06,0,0,0,1
2025,2025-02-16,17,276.74,0,0,0,1
2025,2025-02-16,18,276.69,0,1,0,0
2025,2025-02-16,19,277.36,0,1,0,0
2025,2025-02-16,20,276.8,0,0,0,1
2025,2025-02-16,21,276.13,0,0,0,1
2025,2025-02-17,11,277.76,0,1,0,0
2025,2025-02-17,12,278.93,0,1,0,0
2025,2025-02-17,13,278.26,0,1,0,0
2025,2025-02-17,14,277.95,0,1,0,0
2025,2025-02-17,15,277.63,0,1,0,0
2025,2025-02-17,16,277.87,0,1,0,0
2025,2025-02-17,17,277.85,0,1,0,0
2025,2025-02-17,18,278.27,0,1,0,0
2025,2025-02-17,19,279.22,0,1,0,0
2025,2025-02-17,20,277.66,0,1,0,0
2025,2025-02-17,21,275.89,0,1,0,0
2025,2025-02-18,11,277.27,0,1,0,0
2025,2025-02-18,12,278.14,0,0,0,1
2025,2025-02-18,13,278.78,0,0,0,1
2025,2025-02-18,14,279.11,0,0,0,1
2025,2025-02-18,15,279.49,0,1,0,0
2025,2025-02-18,16,280.17,0,0,0,1
2025,2025-02-18,17,279.35,0,1,0,0
2025,2025-02-18,18,278.54,0,0,0,1
2025,2025-02-18,19,278.22,0,1,0,0
2025,2025-02-18,20,278.64,0,1,0,0
2025,2025-02-18,21,278.6,0,1,0,0
2025,2025-02-19,11,278.65,0,0,0,1
2025,2025-02-19,12,278.15,0,0,0,1
2025,2025-02-19,13,278.13,0,0,0,1
2025,2025-02-19,14,278.31,0,0,0,1
2025,2025-02-19,15,278.34,0,0,0,1
2025,2025-02-19,16,277.93,0,0,0,1
2025,2025-02-19,17,277.97,0,0,0,1
2025,2025-02-19,18,277.9,0,0,0,1
2025,2025-02-19,19,277.77,0,0,0,1
2025,2025-02-19,20,277.45,0,0,0,1
2025,2025-02-19,21,277.19,0,0,0,1
2025,2025-02-20,11,278.06,0,0,0,1
2025,2025-02-20,12,278.16,0,0,0,1
2025,2025-02-20,13,278.38,0,0,0,1
2025,2025-02-20,14,278.87,0,0,0,1
2025,2025-02-20,15,279.22,0,0,0,1
2025,2025-02-20,16,279.52,0,1,0,0
2025,2025-02-20,17,279.88,0,0,0,1
2025,2025-02-20,18,277.63,0,0,0,1
2025,2025-02-20,19,277.63,0,0,0,1
2025,2025-02-20,20,277.27,0,0,0,1
2025,2025-02-20,21,277.43,0,0,0,1
2025,2025-02-21,11,277.33,0,0,0,1
2025,2025-02-21,12,277.72,0,0,0,1
2025,2025-02-21,13,278.02,0,0,1,1
2025,2025-02-21,14,277.89,0,0,1,1
2025,2025-02-21,15,278.55,0,0,1,1
2025,2025-02-21,16,277.98,0,0,1,1
2025,2025-02-21,17,278.99,0,0,1,1
2025,2025-02-21,18,278.53,0,0,0,1
2025,2025-02-21,19,277.88,0,0,0,1
2025,2025-02-21,20,277.88,0,0,0,1
2025,2025-02-21,21,277.81,0,0,0,1
2025,2025-02-22,11,279.67,0,0,0,1
2025,2025-02-22,12,280.22,0,0,0,1
2025,2025-02-22,13,282.9,0,0,0,1
2025,2025-02-22,14,279.98,0,0,1,1
2025,2025-02-22,15,282.84,0,0,1,1
2025,2025-02-22,16,279.63,0,0,0,1
2025,2025-02-22,17,280.33,0,0,0,1
2025,2025-02-22,18,280.2,0,0,0,1
2025,2025-02-22,19,280.15,0,0,0,1
2025,2025-02-22,20,279.66,0,0,0,1
2025,2025-02-22,21,280.26,0,0,0,1
2025,2025-02-23,11,282.83,0,1,0,0
2025,2025-02-23,12,284.07,0,1,0,0
2025,2025-02-23,13,285.08,0,1,0,0
2025,2025-02-23,14,284.64,0,1,0,0
2025,2025-02-23,15,284.28,0,1,0,0
2025,2025-02-23,16,283.83,0,0,0,1
2025,2025-02-23,17,280.29,0,0,0,1
2025,2025-02-23,18,280.5,0,0,1,1
2025,2025-02-23,19,280.08,0,0,0,1
2025,2025-02-23,20,280.12,0,0,0,1
2025,2025-02-23,21,279.3,0,0,0,1
2025,2025-02-24,11,280.69,0,1,0,0
2025,2025-02-24,12,282.78,0,1,0,0
2025,2025-02-24,13,283.58,0,0,0,1
2025,2025-02-24,14,282.34,0,0,0,1
2025,2025-02-24,15,278.53,0,0,0,1
2025,2025-02-24,16,277.88,0,0,0,1
2025,2025-02-24,17,276.54,0,0,1,1
2025,2025-02-24,18,277.22,0,0,0,1
2025,2025-02-24,19,277.51,0,0,0,1
2025,2025-02-24,20,278.21,0,0,0,1
2025,2025-02-24,21,278.35,0,1,0,0
2025,2025-02-25,11,278.7,0,0,1,1
2025,2025-02-25,12,279.78,0,0,0,1
2025,2025-02-25,13,281.16,0,0,0,1
2025,2025-02-25,14,281.37,0,0,0,1
2025,2025-02-25,15,281.27,0,1,0,0
2025,2025-02-25,16,279.42,0,0,0,1
2025,2025-02-25,17,279.41,0,0,0,1
2025,2025-02-25,18,278.91,0,0,0,1
2025,2025-02-25,19,278.8,0,0,0,1
2025,2025-02-25,20,278.57,0,0,0,1
2025,2025-02-25,21,278.92,0,1,0,0
2025,2025-02-26,11,282.79,0,1,0,0
2025,2025-02-26,12,284.45,0,1,0,0
2025,2025-02-26,13,285.51,0,1,0,0
2025,2025-02-26,14,285.2,0,1,0,0
2025,2025-02-26,15,284.39,0,1,0,0
2025,2025-02-26,16,284.34,0,1,0,0
2025,2025-02-26,17,283.29,0,1,0,0
2025,2025-02-26,18,282.83,0,1,0,0
2025,2025-02-26,19,282.55,0,1,0,0
2025,2025-02-26,20,280.63,0,1,0,0
2025,2025-02-26,21,279.42,0,1,0,0
2025,2025-02-27,11,282.76,0,0,0,1
2025,2025-02-27,12,283.81,0,0,0,1
2025,2025-02-27,13,285.05,0,0,0,1
2025,2025-02-27,14,284.23,0,0,0,1
2025,2025-02-27,15,283.4,0,1,0,0
2025,2025-02-27,16,283.04,0,1,0,0
2025,2025-02-27,17,283.93,0,1,0,0
2025,2025-02-27,18,280.85,0,1,0,0
2025,2025-02-27,19,281.41,0,1,0,0
2025,2025-02-27,20,282.56,0,1,0,0
2025,2025-02-27,21,280.06,0,1,0,0
2025,2025-02-28,11,285.84,0,1,0,0
2025,2025-02-28,12,286.01,0,1,0,0
2025,2025-02-28,13,286.95,0,1,0,0
2025,2025-02-28,14,286.83,0,1,0,0
2025,2025-02-28,15,286.55,0,1,0,0
2025,2025-02-28,16,285.88,0,1,0,0
2025,2025-02-28,17,284.59,0,1,0,0
2025,2025-02-28,18,283.41,0,1,0,0
2025,2025-02-28,19,282.47,0,1,0,0
2025,2025-02-28,20,282.66,0,1,0,0
2025,2025-02-28,21,281.05,0,1,0,0
2025,2025-03-01,11,286.1,0,1,0,0
2025,2025-03-01,12,285.72,0,1,0,0
2025,2025-03-01,13,286.37,0,1,0,0
2025,2025-03-01,14,286.74,0,1,0,0
2025,2025-03-01,15,286.25,0,1,0,0
2025,2025-03-01,16,285.17,0,1,0,0
2025,2025-03-01,17,284.22,0,1,0,0
2025,2025-03-01,18,282.75,0,1,0,0
2025,2025-03-01,19,282.76,0,1,0,0
2025,2025-03-01,20,281.87,0,1,0,0
2025,2025-03-01,21,281.36,0,1,0,0
2025,2025-03-02,11,283.55,0,1,0,0
2025,2025-03-02,12,283.73,0,1,0,0
2025,2025-03-02,13,284.24,0,1,0,0
2025,2025-03-02,14,284.6,0,1,0,0
2025,2025-03-02,15,283.62,0,1,0,0
2025,2025-03-02,16,283.69,0,1,0,0
2025,2025-03-02,17,282.84,0,1,0,0
2025,2025-03-02,18,279.51,0,1,0,0
2025,2025-03-02,19,278.38,0,1,0,0
2025,2025-03-02,20,277.58,0,1,0,0
2025,2025-03-02,21,277.66,1,0,0,0
2025,2025-03-03,11,281.22,0,0,0,1
2025,2025-03-03,12,282.18,0,0,0,1
2025,2025-03-03,13,282.81,0,0,0,1
2025,2025-03-03,14,282.78,0,1,0,0
2025,2025-03-03,15,282.64,0,1,0,0
2025,2025-03-03,16,282.57,0,1,0,0
2025,2025-03-03,17,282.68,0,1,0,0
2025,2025-03-03,18,280.89,0,1,0,0
2025,2025-03-03,19,281.31,0,1,0,0
2025,2025-03-03,20,280.64,0,1,0,0
2025,2025-03-03,21,279.65,0,1,0,0
2025,2025-03-04,11,282.28,0,0,0,1
2025,2025-03-04,12,280.54,0,0,0,1
2025,2025-03-04,13,278.87,0,0,0,1
2025,2025-03-04,14,277.91,0,0,0,1
2025,2025-03-04,15,277.83,0,0,1,1
2025,2025-03-04,16,277.05,0,0,0,1
2025,2025-03-04,17,276.8,0,0,0,1
2025,2025-03-04,18,277.42,0,0,0,1
2025,2025-03-04,19,277.57,0,0,0,1
2025,2025-03-04,20,277.39,0,0,0,1
2025,2025-03-04,21,276.53,0,1,0,0
2025,2025-03-05,11,278.21,0,0,0,1
2025,2025-03-05,12,280.06,0,0,0,1
2025,2025-03-05,13,282.51,0,1,0,0
2025,2025-03-05,14,281.67,0,1,0,0
2025,2025-03-05,15,282.65,0,0,0,1
2025,2025-03-05,16,282.38,0,1,0,0
2025,2025-03-05,17,280.58,0,1,0,0
2025,2025-03-05,18,278.81,0,1,0,0
2025,2025-03-05,19,277.03,1,0,0,0
2025,2025-03-05,20,275.98,1,0,0,0
2025,2025-03-05,21,276.01,1,0,0,0
2025,2025-03-06,11,279.99,0,1,0,0
2025,2025-03-06,12,282.55,0,1,0,0
2025,2025-03-06,13,283.39,0,1,0,0
2025,2025-03-06,14,284.06,0,1,0,0
2025,2025-03-06,15,284.04,1,0,0,0
2025,2025-03-06,16,283.44,1,0,0,0
2025,2025-03-06,17,282.98,1,0,0,0
2025,2025-03-06,18,280.75,0,1,0,0
2025,2025-03-06,19,277.54,0,1,0,0
2025,2025-03-06,20,278.75,0,1,0,0
2025,2025-03-06,21,277.42,1,0,0,0
2025,2025-03-07,11,277.93,0,1,0,0
2025,2025-03-07,12,278.33,0,1,0,0
2025,2025-03-07,13,278.28,0,1,0,0
2025,2025-03-07,14,280.26,0,1,0,0
2025,2025-03-07,15,279.83,0,1,0,0
2025,2025-03-07,16,280.59,0,1,0,0
2025,2025-03-07,17,279.06,0,1,0,0
2025,2025-03-07,18,279.72,0,1,0,0
2025,2025-03-07,19,279.41,0,1,0,0
2025,2025-03-07,20,278.72,0,1,0,0
2025,2025-03-07,21,278.3,0,1,0,0
2025,2025-03-08,11,275.14,0,0,1,1
2025,2025-03-08,12,275.54,0,0,1,1
2025,2025-03-08,13,275.39,0,0,0,1
2025,2025-03-08,14,275.97,0,0,0,1
2025,2025-03-08,15,275.63,0,0,1,1
2025,2025-03-08,16,276.53,0,0,1,1
2025,2025-03-08,17,276.67,0,0,0,1
2025,2025-03-08,18,276.6,0,0,0,1
2025,2025-03-08,19,277.58,0,0,0,1
2025,2025-03-08,20,277.68,0,0,0,1
2025,2025-03-08,21,278.65,0,0,0,1
2025,2025-03-09,11,277.59,0,0,0,1
2025,2025-03-09,12,278.94,0,0,0,1
2025,2025-03-09,13,280.37,0,0,0,1
2025,2025-03-09,14,279.45,0,0,0,1
2025,2025-03-09,15,278.48,0,0,0,1
2025,2025-03-09,16,278.2,0,0,0,1
2025,2025-03-09,17,277.89,0,0,0,1
2025,2025-03-09,18,275.8,0,0,0,1
2025,2025-03-09,19,276.22,0,0,0,1
2025,2025-03-09,20,276.18,0,1,0,0
2025,2025-03-09,21,274.69,1,0,0,0
2025,2025-03-10,11,276.67,0,1,0,0
2025,2025-03-10,12,276.96,0,0,0,1
2025,2025-03-10,13,278.87,0,0,0,1
2025,2025-03-10,14,279.65,0,0,0,1
2025,2025-03-10,15,280.22,0,1,0,0
2025,2025-03-10,16,279.28,0,0,0,1
2025,2025-03-10,17,276.54,0,0,0,1
2025,2025-03-10,18,277.48,0,0,0,1
2025,2025-03-10,19,273.3,0,0,0,1
2025,2025-03-10,20,273.66,0,0,0,1
2025,2025-03-10,21,273.7,0,0,0,1
2025,2025-03-11,11,274.55,0,0,1,1
2025,2025-03-11,12,275.33,0,0,0,1
2025,2025-03-11,13,274.97,0,0,0,1
2025,2025-03-11,14,275.05,0,0,0,1
2025,2025-03-11,15,276.0,0,0,0,1
2025,2025-03-11,16,275.7,0,0,0,1
2025,2025-03-11,17,275.82,0,0,0,1
2025,2025-03-11,18,275.02,0,0,0,1
2025,2025-03-11,19,275.48,0,0,0,1
2025,2025-03-11,20,274.9,0,0,0,1
2025,2025-03-11,21,274.78,0,0,0,1
2025,2025-03-12,11,276.79,0,0,0,1
2025,2025-03-12,12,277.22,0,0,0,1
2025,2025-03-12,13,278.33,0,0,0,1
2025,2025-03-12,14,278.25,0,0,1,1
2025,2025-03-12,15,278.73,0,0,1,1
2025,2025-03-12,16,277.57,0,0,0,1
2025,2025-03-12,17,277.39,0,0,0,1
2025,2025-03-12,18,276.63,0,0,0,1
2025,2025-03-12,19,276.77,0,1,0,0
2025,2025-03-12,20,276.73,0,0,0,1
2025,2025-03-12,21,277.35,0,0,0,1
2025,2025-03-13,11,277.4,0,1,0,0
2025,2025-03-13,12,279.05,0,1,0,0
2025,2025-03-13,13,280.87,0,0,0,1
2025,2025-03-13,14,280.32,0,0,0,1
2025,2025-03-13,15,278.27,0,0,0,1
2025,2025-03-13,16,277.97,0,0,0,1
2025,2025-03-13,17,277.32,0,0,0,1
2025,2025-03-13,18,277.87,0,0,0,1
2025,2025-03-13,19,276.32,0,1,0,0
2025,2025-03-13,20,275.21,0,1,0,0
2025,2025-03-13,21,277.07,0,1,0,0
2025,2025-03-14,11,278.08,0,1,0,0
2025,2025-03-14,12,279.96,0,1,0,0
2025,2025-03-14,13,280.27,0,1,0,0
2025,2025-03-14,14,281.94,0,1,0,0
2025,2025-03-14,15,282.2,0,1,0,0
2025,2025-03-14,16,282.73,0,1,0,0
2025,2025-03-14,17,282.49,0,1,0,0
2025,2025-03-14,18,282.14,0,1,0,0
2025,2025-03-14,19,281.32,0,1,0,0
2025,2025-03-14,20,278.45,0,1,0,0
2025,2025-03-14,21,277.66,0,1,0,0
2025,2025-03-15,11,272.53,0,0,0,1
2025,2025-03-15,12,271.52,0,0,0,1
2025,2025-03-15,13,272.2,0,0,0,1
2025,2025-03-15,14,273.81,0,0,0,1
2025,2025-03-15,15,276.34,0,0,0,1
2025,2025-03-15,16,275.63,0,0,0,1
2025,2025-03-15,17,275.93,0,0,0,1
2025,2025-03-15,18,276.6,0,0,0,1
2025,2025-03-15,19,275.54,0,0,0,1
2025,2025-03-15,20,275.45,0,1,0,0
2025,2025-03-15,21,275.25,0,1,0,0
2025,2025-03-16,11,277.8,0,0,0,1
2025,2025-03-16,12,278.71,0,1,0,0
2025,2025-03-16,13,279.68,0,1,0,0
2025,2025-03-16,14,279.87,0,1,0,0
2025,2025-03-16,15,278.98,0,0,0,1
2025,2025-03-16,16,278.58,0,0,0,1
2025,2025-03-16,17,277.83,0,0,0,1
2025,2025-03-16,18,277.34,0,0,0,1
2025,2025-03-16,19,277.09,0,0,0,1
2025,2025-03-16,20,276.91,0,0,0,1
2025,2025-03-16,21,275.89,0,0,0,1
2025,2025-03-17,11,279.08,0,1,0,0
2025,2025-03-17,12,279.09,0,1,0,0
2025,2025-03-17,13,278.44,0,1,0,0
2025,2025-03-17,14,279.7,0,1,0,0
2025,2025-03-17,15,280.04,0,1,0,0
2025,2025-03-17,16,280.32,0,1,0,0
2025,2025-03-17,17,281.19,0,1,0,0
2025,2025-03-17,18,279.18,0,1,0,0
2025,2025-03-17,19,276.88,0,1,0,0
2025,2025-03-17,20,275.27,0,1,0,0
2025,2025-03-17,21,274.66,0,1,0,0
2025,2025-03-18,11,278.12,0,1,0,0
2025,2025-03-18,12,278.75,0,1,0,0
2025,2025-03-18,13,279.65,0,1,0,0
2025,2025-03-18,14,279.62,0,1,0,0
2025,2025-03-18,15,280.35,0,1,0,0
2025,2025-03-18,16,280.78,0,1,0,0
