year,date,hour,rain_1h,feels_like,clouds_all,Clear,Clouds,Fog,Rain,Snow
2024,2024-12-01,11,0.0,280.75,75,0,1,0,0,0
2024,2024-12-01,12,0.0,279.86,75,0,1,0,0,0
2024,2024-12-01,13,0.0,280.62,40,0,1,0,0,0
2024,2024-12-01,14,0.0,281.26,80,0,1,0,0,0
2024,2024-12-01,15,0.25,281.35,80,0,0,0,1,0
2024,2024-12-01,16,0.0,277.57,77,0,1,0,0,0
2024,2024-12-01,17,0.0,275.81,20,0,1,0,0,0
2024,2024-12-01,18,0.0,275.23,0,1,0,0,0,0
2024,2024-12-01,19,0.0,275.73,0,1,0,0,0,0
2024,2024-12-01,20,0.0,277.35,0,1,0,0,0,0
2024,2024-12-01,21,0.0,277.08,49,0,1,0,0,0
2024,2024-12-02,11,0.0,275.94,75,0,1,0,0,0
2024,2024-12-02,12,0.0,278.65,75,0,1,0,0,0
2024,2024-12-02,13,0.0,279.61,75,0,1,0,0,0
2024,2024-12-02,14,0.0,278.15,75,0,1,0,0,0
2024,2024-12-02,15,0.0,279.79,75,0,1,0,0,0
2024,2024-12-02,16,0.25,279.07,89,0,0,0,1,0
2024,2024-12-02,17,0.0,276.81,98,0,1,0,0,0
2024,2024-12-02,18,0.0,277.09,100,0,1,0,0,0
2024,2024-12-02,19,0.0,276.94,75,0,1,0,0,0
2024,2024-12-02,20,0.0,276.8,97,0,1,0,0,0
2024,2024-12-02,21,0.0,276.43,93,0,1,0,0,0
2024,2024-12-03,11,0.0,277.87,75,0,1,0,0,0
2024,2024-12-03,12,0.0,280.11,75,0,1,0,0,0
2024,2024-12-03,13,0.25,280.55,62,0,0,0,1,0
2024,2024-12-03,14,0.0,280.85,20,0,1,0,0,0
2024,2024-12-03,15,0.0,280.37,75,0,1,0,0,0
2024,2024-12-03,16,0.0,280.55,91,0,1,0,0,0
2024,2024-12-03,17,0.25,277.66,40,0,0,0,1,0
2024,2024-12-03,18,0.0,277.94,0,1,0,0,0,0
2024,2024-12-03,19,0.0,277.33,0,1,0,0,0,0
2024,2024-12-03,20,0.0,277.1,0,1,0,0,0,0
2024,2024-12-03,21,0.0,276.66,5,1,0,0,0,0
2024,2024-12-04,11,0.0,279.62,17,0,1,0,0,0
2024,2024-12-04,12,0.0,279.08,16,0,1,0,0,0
2024,2024-12-04,13,0.25,279.94,17,0,0,0,1,0
2024,2024-12-04,14,0.0,279.72,31,0,1,0,0,0
2024,2024-12-04,15,0.0,279.19,10,1,0,0,0,0
2024,2024-12-04,16,0.0,278.74,9,1,0,0,0,0
2024,2024-12-04,17,0.0,277.89,7,1,0,0,0,0
2024,2024-12-04,18,0.0,277.57,5,1,0,0,0,0
2024,2024-12-04,19,0.0,277.24,100,0,0,1,0,0
2024,2024-12-04,20,0.0,275.2,100,0,0,1,0,0
2024,2024-12-04,21,0.0,275.44,100,0,0,1,0,0
2024,2024-12-05,11,0.0,278.41,100,0,1,0,0,0
2024,2024-12-05,12,0.0,279.75,73,0,1,0,0,0
2024,2024-12-05,13,0.0,279.09,75,0,1,0,0,0
2024,2024-12-05,14,0.0,280.11,75,0,1,0,0,0
2024,2024-12-05,15,0.0,277.84,100,0,1,0,0,0
2024,2024-12-05,16,0.0,278.86,100,0,1,0,0,0
2024,2024-12-05,17,0.0,279.46,100,0,1,0,0,0
2024,2024-12-05,18,0.0,278.22,100,0,0,0,1,0
2024,2024-12-05,19,0.25,279.85,100,0,0,0,1,0
2024,2024-12-05,20,0.0,279.9,75,0,1,0,0,0
2024,2024-12-05,21,0.0,279.4,100,0,1,0,0,0
2024,2024-12-06,11,0.0,281.43,100,0,1,0,0,0
2024,2024-12-06,12,0.0,280.92,100,0,1,0,0,0
2024,2024-12-06,13,0.0,282.55,100,0,1,0,0,0
2024,2024-12-06,14,0.0,281.02,75,0,1,0,0,0
2024,2024-12-06,15,0.0,282.01,75,0,1,0,0,0
2024,2024-12-06,16,0.0,281.2,75,0,1,0,0,0
2024,2024-12-06,17,1.13,282.7,100,0,0,0,1,0
2024,2024-12-06,18,0.15,283.97,100,0,0,0,1,0
2024,2024-12-06,19,0.76,283.98,100,0,0,0,1,0
2024,2024-12-06,20,0.25,284.37,100,0,0,0,1,0
2024,2024-12-06,21,3.08,282.7,100,0,0,1,1,0
2024,2024-12-07,11,1.17,283.04,100,0,0,0,1,0
2024,2024-12-07,12,0.95,282.77,75,0,0,0,1,0
2024,2024-12-07,13,0.38,283.83,20,0,0,0,1,0
2024,2024-12-07,14,1.08,284.43,81,0,0,0,1,0
2024,2024-12-07,15,0.51,283.47,68,0,0,0,1,0
2024,2024-12-07,16,0.0,281.03,75,0,1,0,0,0
2024,2024-12-07,17,0.0,280.02,75,0,1,0,0,0
2024,2024-12-07,18,0.0,278.5,40,0,1,0,0,0
2024,2024-12-07,19,0.0,277.03,20,0,1,0,0,0
2024,2024-12-07,20,0.0,277.3,75,0,1,0,0,0
2024,2024-12-07,21,0.0,277.55,75,0,1,0,0,0
2024,2024-12-08,11,0.0,279.67,40,0,1,0,0,0
2024,2024-12-08,12,0.19,279.71,75,0,0,0,1,0
2024,2024-12-08,13,0.14,279.97,100,0,0,0,1,0
2024,2024-12-08,14,0.25,279.39,75,0,0,0,1,0
2024,2024-12-08,15,0.0,279.1,75,0,1,0,0,0
2024,2024-12-08,16,0.0,278.34,75,0,1,0,0,0
2024,2024-12-08,17,0.0,277.54,75,0,1,0,0,0
2024,2024-12-08,18,0.0,279.32,81,0,1,0,0,0
2024,2024-12-08,19,0.0,280.22,75,0,1,0,0,0
2024,2024-12-08,20,0.0,279.6,89,0,1,0,0,0
2024,2024-12-08,21,0.0,279.73,100,0,1,0,0,0
2024,2024-12-09,11,0.25,278.65,75,0,0,0,1,0
2024,2024-12-09,12,0.0,278.98,75,0,1,0,0,0
2024,2024-12-09,13,0.0,278.89,75,0,1,0,0,0
2024,2024-12-09,14,0.0,279.82,75,0,1,0,0,0
2024,2024-12-09,15,0.0,279.06,40,0,1,0,0,0
2024,2024-12-09,16,0.0,279.82,77,0,1,0,0,0
2024,2024-12-09,17,0.0,275.7,20,0,1,0,0,0
2024,2024-12-09,18,0.0,278.27,61,0,1,0,0,0
2024,2024-12-09,19,0.0,277.01,41,0,1,0,0,0
2024,2024-12-09,20,0.0,276.87,20,0,1,0,0,0
2024,2024-12-09,21,0.0,276.66,75,0,1,0,0,0
2024,2024-12-10,11,0.0,276.99,75,0,1,0,0,0
2024,2024-12-10,12,0.0,276.88,75,0,1,0,0,0
2024,2024-12-10,13,0.0,277.45,40,0,1,0,0,0
2024,2024-12-10,14,0.0,276.41,75,0,1,0,0,0
2024,2024-12-10,15,0.0,276.75,75,0,1,0,0,0
2024,2024-12-10,16,0.0,276.13,75,0,1,0,0,0
2024,2024-12-10,17,0.0,277.73,99,0,1,0,0,0
2024,2024-12-10,18,0.0,276.18,75,0,1,0,0,0
2024,2024-12-10,19,0.0,275.92,100,0,1,0,0,0
2024,2024-12-10,20,0.0,276.25,100,0,1,0,0,0
2024,2024-12-10,21,0.0,278.11,100,0,1,0,0,0
2024,2024-12-11,11,0.0,278.27,75,0,1,0,0,0
2024,2024-12-11,12,0.0,280.19,75,0,1,0,0,0
2024,2024-12-11,13,0.0,282.1,20,0,1,0,0,0
2024,2024-12-11,14,0.0,280.21,75,0,1,0,0,0
2024,2024-12-11,15,0.0,281.07,20,0,1,0,0,0
2024,2024-12-11,16,0.0,279.86,1,1,0,0,0,0
2024,2024-12-11,17,0.0,277.92,0,1,0,0,0,0
2024,2024-12-11,18,0.0,276.66,0,1,0,0,0,0
2024,2024-12-11,19,0.0,276.17,0,1,0,0,0,0
2024,2024-12-11,20,0.0,274.57,0,1,0,0,0,0
2024,2024-12-11,21,0.0,275.51,0,1,0,0,0,0
2024,2024-12-12,11,0.0,277.68,75,0,1,0,0,0
2024,2024-12-12,12,0.0,278.22,75,0,1,0,0,0
2024,2024-12-12,13,0.25,278.35,100,0,0,0,1,0
2024,2024-12-12,14,0.0,278.76,100,0,1,0,0,0
2024,2024-12-12,15,0.0,277.83,100,0,1,0,0,0
2024,2024-12-12,16,0.0,279.94,100,0,1,0,0,0
2024,2024-12-12,17,0.0,279.64,100,0,1,0,0,0
2024,2024-12-12,18,0.0,278.19,100,0,0,0,1,0
2024,2024-12-12,19,0.25,278.94,100,0,0,1,1,0
2024,2024-12-12,20,0.25,278.78,100,0,0,0,1,0
2024,2024-12-12,21,0.25,278.62,100,0,0,1,1,0
2024,2024-12-13,11,1.24,276.84,100,0,0,0,1,0
2024,2024-12-13,12,0.95,276.17,100,0,0,0,1,0
2024,2024-12-13,13,0.62,276.56,100,0,0,0,1,0
2024,2024-12-13,14,0.83,276.6,100,0,0,0,1,0
2024,2024-12-13,15,0.41,277.11,100,0,0,0,1,0
2024,2024-12-13,16,0.35,276.96,100,0,0,0,1,0
2024,2024-12-13,17,0.83,276.43,100,0,0,0,1,0
2024,2024-12-13,18,0.8,276.36,100,0,0,0,1,0
2024,2024-12-13,19,0.76,276.45,100,0,0,0,1,0
2024,2024-12-13,20,0.51,275.64,100,0,0,0,1,0
2024,2024-12-13,21,2.29,275.54,100,0,0,0,1,0
2024,2024-12-14,11,2.03,279.2,95,0,0,0,1,0
2024,2024-12-14,12,0.8,277.42,100,0,0,0,1,0
2024,2024-12-14,13,0.76,277.67,100,0,0,0,1,0
2024,2024-12-14,14,1.17,277.2,100,0,0,0,1,0
2024,2024-12-14,15,0.47,276.89,75,0,0,0,1,0
2024,2024-12-14,16,1.98,277.2,75,0,0,0,1,0
2024,2024-12-14,17,0.25,277.09,75,0,0,0,1,0
2024,2024-12-14,18,0.62,277.21,75,0,0,0,1,0
2024,2024-12-14,19,0.88,276.65,75,0,0,0,1,0
2024,2024-12-14,20,0.95,276.45,75,0,0,0,1,0
2024,2024-12-14,21,0.81,275.81,40,0,0,0,1,0
2024,2024-12-15,11,0.0,278.65,20,0,1,0,0,0
2024,2024-12-15,12,0.0,278.61,20,0,1,0,0,0
2024,2024-12-15,13,0.25,276.82,40,0,0,0,1,0
2024,2024-12-15,14,1.27,277.75,20,0,0,0,1,0
2024,2024-12-15,15,1.02,276.73,20,0,0,0,1,0
2024,2024-12-15,16,0.25,276.27,40,0,0,0,1,0
2024,2024-12-15,17,23.37,274.97,40,0,0,0,1,0
2024,2024-12-15,18,0.0,274.74,20,0,1,0,0,0
2024,2024-12-15,19,0.0,273.53,20,0,1,0,0,0
2024,2024-12-15,20,0.0,273.55,20,0,1,0,0,0
2024,2024-12-15,21,0.0,273.22,20,0,1,0,0,0
2024,2024-12-16,11,0.6,273.04,100,0,0,0,1,0
2024,2024-12-16,12,0.25,273.42,100,0,0,0,1,0
2024,2024-12-16,13,0.25,274.2,100,0,0,0,1,0
2024,2024-12-16,14,0.25,274.79,75,0,0,0,1,0
2024,2024-12-16,15,0.38,275.35,100,0,0,0,1,0
2024,2024-12-16,16,0.0,276.53,75,0,1,0,0,0
2024,2024-12-16,17,0.25,275.57,75,0,0,0,1,0
2024,2024-12-16,18,0.0,275.35,75,0,1,0,0,0
2024,2024-12-16,19,0.0,275.14,100,0,1,0,0,0
2024,2024-12-16,20,0.0,275.59,100,0,1,0,0,0
2024,2024-12-16,21,0.0,276.13,100,0,1,0,0,0
2024,2024-12-17,11,1.48,275.45,100,0,0,0,1,0
2024,2024-12-17,12,1.02,276.25,100,0,0,0,1,0
2024,2024-12-17,13,1.92,276.39,100,0,0,0,1,0
2024,2024-12-17,14,0.81,276.89,100,0,0,0,1,0
2024,2024-12-17,15,0.8,276.51,100,0,0,0,1,0
2024,2024-12-17,16,1.71,276.64,75,0,0,1,1,0
2024,2024-12-17,17,2.47,276.69,75,0,0,1,1,0
2024,2024-12-17,18,2.54,276.2,100,0,0,1,1,0
2024,2024-12-17,19,2.14,276.26,100,0,0,1,1,0
2024,2024-12-17,20,2.36,275.92,100,0,0,1,1,0
2024,2024-12-17,21,3.6,275.9,100,0,0,1,1,0
2024,2024-12-18,11,0.0,279.93,20,0,1,0,0,0
2024,2024-12-18,12,0.0,282.43,20,0,1,0,0,0
2024,2024-12-18,13,0.0,282.96,20,0,1,0,0,0
2024,2024-12-18,14,0.0,283.69,40,0,1,0,0,0
2024,2024-12-18,15,0.0,282.95,75,0,1,0,0,0
2024,2024-12-18,16,0.0,282.44,22,0,1,0,0,0
2024,2024-12-18,17,0.0,280.22,20,0,1,0,0,0
2024,2024-12-18,18,0.0,281.04,88,0,1,0,0,0
2024,2024-12-18,19,0.0,279.61,75,0,1,0,0,0
2024,2024-12-18,20,0.0,281.45,96,0,1,0,0,0
2024,2024-12-18,21,0.0,278.78,75,0,1,0,0,0
2024,2024-12-19,11,0.25,280.67,100,0,0,0,1,0
2024,2024-12-19,12,0.37,279.24,100,0,0,0,1,0
2024,2024-12-19,13,1.07,279.5,75,0,0,0,1,0
2024,2024-12-19,14,0.43,279.94,75,0,0,0,1,0
2024,2024-12-19,15,0.41,281.48,100,0,0,0,1,0
2024,2024-12-19,16,0.91,281.04,100,0,0,0,1,0
2024,2024-12-19,17,2.29,280.37,100,0,0,0,1,0
2024,2024-12-19,18,2.65,279.1,100,0,0,0,1,0
2024,2024-12-19,19,1.82,279.47,100,0,0,0,1,0
2024,2024-12-19,20,0.89,280.63,75,0,0,0,1,0
2024,2024-12-19,21,0.51,282.85,40,0,0,0,1,0
2024,2024-12-20,11,0.72,282.91,100,0,0,0,1,0
2024,2024-12-20,12,0.42,283.16,100,0,0,0,1,0
2024,2024-12-20,13,0.32,283.64,100,0,0,0,1,0
2024,2024-12-20,14,0.25,283.52,100,0,0,0,1,0
2024,2024-12-20,15,0.55,281.37,100,0,0,0,1,0
2024,2024-12-20,16,0.45,283.16,75,0,0,0,1,0
2024,2024-12-20,17,0.56,283.28,100,0,0,0,1,0
2024,2024-12-20,18,0.38,283.06,75,0,0,0,1,0
2024,2024-12-20,19,0.0,282.83,40,0,1,0,0,0
2024,2024-12-20,20,0.25,282.76,20,0,0,0,1,0
2024,2024-12-20,21,0.0,280.46,20,0,1,0,0,0
2024,2024-12-21,11,0.71,279.32,100,0,0,0,1,0
2024,2024-12-21,12,2.03,281.18,100,0,0,0,1,0
2024,2024-12-21,13,1.52,279.97,100,0,0,0,1,0
2024,2024-12-21,14,0.91,282.66,100,0,0,0,1,0
2024,2024-12-21,15,0.34,280.68,75,0,0,0,1,0
2024,2024-12-21,16,0.46,280.15,75,0,0,0,1,0
2024,2024-12-21,17,0.3,279.41,75,0,0,0,1,0
2024,2024-12-21,18,0.46,279.05,20,0,0,0,1,0
2024,2024-12-21,19,0.23,280.89,79,0,0,0,1,0
2024,2024-12-21,20,0.6,277.95,20,0,0,0,1,0
2024,2024-12-21,21,0.25,277.74,75,0,0,0,1,0
2024,2024-12-22,11,0.25,278.9,100,0,0,0,1,0
2024,2024-12-22,12,1.52,277.36,100,0,0,0,1,0
2024,2024-12-22,13,1.23,277.15,100,0,0,0,1,0
2024,2024-12-22,14,0.54,277.58,100,0,0,0,1,0
2024,2024-12-22,15,0.56,277.26,100,0,0,0,1,0
2024,2024-12-22,16,1.6,278.01,100,0,0,0,1,0
2024,2024-12-22,17,0.25,278.32,100,0,0,0,1,0
2024,2024-12-22,18,0.25,278.15,100,0,0,0,1,0
2024,2024-12-22,19,1.16,278.87,100,0,0,0,1,0
2024,2024-12-22,20,1.35,279.16,100,0,0,0,1,0
2024,2024-12-22,21,3.16,278.49,100,0,0,0,1,0
2024,2024-12-23,11,0.29,280.47,75,0,0,0,1,0
2024,2024-12-23,12,0.0,281.15,75,0,1,0,0,0
2024,2024-12-23,13,0.51,282.63,100,0,0,0,1,0
2024,2024-12-23,14,0.0,282.55,100,0,1,0,0,0
2024,2024-12-23,15,0.0,281.09,100,0,1,0,0,0
2024,2024-12-23,16,0.0,279.96,75,0,1,0,0,0
2024,2024-12-23,17,0.0,279.42,75,0,1,0,0,0
2024,2024-12-23,18,0.0,279.25,100,0,1,0,0,0
2024,2024-12-23,19,0.0,278.2,100,0,1,0,0,0
2024,2024-12-23,20,0.0,279.76,100,0,1,0,0,0
2024,2024-12-23,21,0.61,282.2,100,0,0,0,1,0
2024,2024-12-24,11,0.72,282.54,75,0,0,0,1,0
2024,2024-12-24,12,0.82,283.17,75,0,0,0,1,0
2024,2024-12-24,13,0.16,283.41,75,0,0,0,1,0
2024,2024-12-24,14,0.45,282.69,75,0,0,0,1,0
2024,2024-12-24,15,1.06,282.43,88,0,0,0,1,0
2024,2024-12-24,16,0.0,281.64,29,0,1,0,0,0
2024,2024-12-24,17,0.0,278.81,75,0,1,0,0,0
2024,2024-12-24,18,0.31,277.48,75,0,0,0,1,0
2024,2024-12-24,19,0.1,278.08,75,0,0,0,1,0
2024,2024-12-24,20,0.19,277.67,75,0,0,0,1,0
2024,2024-12-24,21,0.16,277.78,75,0,0,0,1,0
2024,2024-12-25,11,0.25,275.19,100,0,0,0,1,0
2024,2024-12-25,12,0.89,274.46,100,0,0,0,1,0
2024,2024-12-25,13,4.24,274.39,100,0,0,1,1,0
2024,2024-12-25,14,3.18,273.91,100,0,0,0,1,0
2024,2024-12-25,15,2.54,273.46,100,0,0,1,1,0
2024,2024-12-25,16,3.72,273.77,100,0,0,1,1,0
2024,2024-12-25,17,2.37,273.65,100,0,0,1,1,0
2024,2024-12-25,18,1.22,273.36,100,0,0,0,1,0
2024,2024-12-25,19,0.45,273.41,100,0,0,0,1,0
2024,2024-12-25,20,1.27,274.55,100,0,0,0,1,0
2024,2024-12-25,21,0.41,274.13,100,0,0,0,1,0
2024,2024-12-26,11,0.51,274.93,100,0,0,0,1,0
2024,2024-12-26,12,0.25,275.77,75,0,0,0,1,0
2024,2024-12-26,13,0.31,277.89,75,0,0,0,1,0
2024,2024-12-26,14,0.32,277.88,75,0,0,0,1,0
2024,2024-12-26,15,0.0,278.06,20,0,1,0,0,0
2024,2024-12-26,16,0.0,278.1,20,0,1,0,0,0
2024,2024-12-26,17,0.0,276.66,20,0,1,0,0,0
2024,2024-12-26,18,0.0,276.02,20,0,1,0,0,0
2024,2024-12-26,19,0.0,276.6,75,0,1,0,0,0
2024,2024-12-26,20,0.38,276.61,75,0,0,0,1,0
2024,2024-12-26,21,0.25,276.58,75,0,0,0,1,0
2024,2024-12-27,11,0.0,279.4,40,0,1,0,0,0
2024,2024-12-27,12,0.0,280.26,75,0,1,0,0,0
2024,2024-12-27,13,0.0,279.5,75,0,1,0,0,0
2024,2024-12-27,14,0.0,278.16,100,0,1,0,0,0
2024,2024-12-27,15,0.0,278.11,100,0,1,0,0,0
2024,2024-12-27,16,0.51,276.51,100,0,0,1,1,0
2024,2024-12-27,17,0.56,275.73,100,0,0,1,1,0
2024,2024-12-27,18,0.97,275.73,100,0,0,1,1,0
2024,2024-12-27,19,0.76,276.02,100,0,0,1,1,0
2024,2024-12-27,20,0.87,275.82,100,0,0,0,1,0
2024,2024-12-27,21,0.96,275.21,100,0,0,0,1,0
2024,2024-12-28,11,0.25,277.69,75,0,0,0,1,0
2024,2024-12-28,12,0.25,278.74,75,0,0,0,1,0
2024,2024-12-28,13,1.2,279.36,75,0,0,0,1,0
2024,2024-12-28,14,0.25,280.2,75,0,0,0,1,0
2024,2024-12-28,15,0.25,282.98,40,0,0,0,1,0
2024,2024-12-28,16,0.25,281.13,75,0,0,0,1,0
2024,2024-12-28,17,0.25,279.87,75,0,0,0,1,0
2024,2024-12-28,18,0.25,278.78,75,0,0,0,1,0
2024,2024-12-28,19,0.25,277.88,40,0,0,0,1,0
2024,2024-12-28,20,0.49,279.42,40,0,0,0,1,0
2024,2024-12-28,21,0.43,278.94,40,0,0,0,1,0
2024,2024-12-29,11,0.4,277.87,100,0,0,0,1,0
2024,2024-12-29,12,1.82,277.93,100,0,0,0,1,0
2024,2024-12-29,13,2.96,278.16,100,0,0,0,1,0
2024,2024-12-29,14,2.84,277.38,100,0,0,1,1,0
2024,2024-12-29,15,1.74,276.93,100,0,0,0,1,0
2024,2024-12-29,16,0.56,277.45,75,0,0,0,1,0
2024,2024-12-29,17,0.25,277.33,75,0,0,0,1,0
2024,2024-12-29,18,0.25,277.82,75,0,0,0,1,0
2024,2024-12-29,19,0.61,278.31,100,0,0,0,1,0
2024,2024-12-29,20,0.28,276.66,75,0,0,0,1,0
2024,2024-12-29,21,0.0,274.84,40,0,1,0,0,0
2024,2024-12-30,11,1.27,274.99,100,0,0,1,1,0
2024,2024-12-30,12,1.2,273.99,100,0,0,1,1,0
2024,2024-12-30,13,0.45,274.36,100,0,0,0,1,0
2024,2024-12-30,14,0.25,275.18,100,0,0,1,1,0
2024,2024-12-30,15,1.47,275.03,100,0,0,1,1,0
2024,2024-12-30,16,1.19,275.2,100,0,0,1,1,0
2024,2024-12-30,17,1.16,275.09,100,0,0,1,1,0
2024,2024-12-30,18,0.86,274.92,100,0,0,0,1,0
2024,2024-12-30,19,0.34,274.52,100,0,0,0,1,0
2024,2024-12-30,20,0.0,275.63,100,0,0,0,1,0
2024,2024-12-30,21,0.25,275.9,100,0,0,0,1,0
2024,2024-12-31,11,0.0,276.48,75,0,1,0,0,0
2024,2024-12-31,12,0.0,277.68,75,0,1,0,0,0
2024,2024-12-31,13,0.0,277.59,75,0,1,0,0,0
2024,2024-12-31,14,0.0,278.15,75,0,1,0,0,0
2024,2024-12-31,15,0.0,277.02,75,0,1,0,0,0
2024,2024-12-31,16,0.51,278.93,75,0,0,0,1,0
2024,2024-12-31,17,0.0,277.06,75,0,1,0,0,0
2024,2024-12-31,18,0.0,277.7,100,0,1,0,0,0
2024,2024-12-31,19,0.0,277.28,100,0,1,0,0,0
2024,2024-12-31,20,0.0,274.36,100,0,1,0,0,0
2024,2024-12-31,21,0.0,274.46,100,0,1,0,0,0
2025,2025-01-01,11,0.0,274.83,100,0,1,0,0,0
2025,2025-01-01,12,0.0,276.8,75,0,1,0,0,0
2025,2025-01-01,13,0.0,275.98,75,0,1,0,0,0
2025,2025-01-01,14,0.0,276.38,75,0,1,0,0,0
2025,2025-01-01,15,0.0,277.57,75,0,1,0,0,0
2025,2025-01-01,16,0.0,277.3,75,0,1,0,0,0
2025,2025-01-01,17,0.0,278.24,95,0,1,0,0,0
2025,2025-01-01,18,0.0,275.23,75,0,1,0,0,0
2025,2025-01-01,19,0.0,275.23,75,0,1,0,0,0
2025,2025-01-01,20,0.0,274.46,40,0,1,0,0,0
2025,2025-01-01,21,0.0,275.74,75,0,1,0,0,0
2025,2025-01-02,11,0.3,274.29,100,0,0,0,1,0
2025,2025-01-02,12,0.34,274.47,100,0,0,0,1,0
2025,2025-01-02,13,0.84,274.33,100,0,0,0,1,0
2025,2025-01-02,14,0.76,274.08,100,0,0,0,1,0
2025,2025-01-02,15,0.69,274.62,100,0,0,0,1,0
2025,2025-01-02,16,0.76,275.37,100,0,0,0,1,0
2025,2025-01-02,17,0.72,275.43,100,0,0,0,1,0
2025,2025-01-02,18,0.97,275.91,100,0,0,0,1,0
2025,2025-01-02,19,0.57,275.97,100,0,0,0,1,0
2025,2025-01-02,20,0.38,276.73,100,0,0,0,1,0
2025,2025-01-02,21,0.0,276.76,100,0,0,0,1,0
2025,2025-01-03,11,0.28,275.53,100,0,0,0,1,0
2025,2025-01-03,12,0.58,275.46,100,0,0,0,1,0
2025,2025-01-03,13,1.27,276.49,100,0,0,0,1,0
2025,2025-01-03,14,0.73,277.23,100,0,0,0,1,0
2025,2025-01-03,15,1.16,276.21,100,0,0,0,1,0
2025,2025-01-03,16,1.16,278.18,100,0,0,0,1,0
2025,2025-01-03,17,0.34,276.45,100,0,0,0,1,0
2025,2025-01-03,18,0.72,275.92,100,0,0,0,1,0
2025,2025-01-03,19,0.37,275.81,100,0,0,0,1,0
2025,2025-01-03,20,0.0,276.2,100,0,1,0,0,0
2025,2025-01-03,21,0.0,277.08,100,0,1,0,0,0
2025,2025-01-04,11,0.25,277.53,100,0,0,0,1,0
2025,2025-01-04,12,0.51,277.29,100,0,0,0,1,0
2025,2025-01-04,13,0.95,277.48,100,0,0,0,1,0
2025,2025-01-04,14,0.63,277.25,100,0,0,0,1,0
2025,2025-01-04,15,0.35,277.44,100,0,0,0,1,0
2025,2025-01-04,16,0.56,277.42,100,0,0,0,1,0
2025,2025-01-04,17,0.92,277.37,100,0,0,0,1,0
2025,2025-01-04,18,1.1,277.18,100,0,0,0,1,0
2025,2025-01-04,19,8.47,276.72,100,0,0,0,1,0
2025,2025-01-04,20,2.11,276.75,100,0,0,0,1,0
2025,2025-01-04,21,0.89,277.24,100,0,0,0,1,0
2025,2025-01-05,11,0.0,280.22,100,0,1,0,0,0
2025,2025-01-05,12,0.0,280.33,75,0,1,0,0,0
2025,2025-01-05,13,0.0,279.84,100,0,1,0,0,0
2025,2025-01-05,14,0.0,279.37,75,0,1,0,0,0
2025,2025-01-05,15,0.0,279.44,75,0,1,0,0,0
2025,2025-01-05,16,0.0,279.73,87,0,1,0,0,0
2025,2025-01-05,17,0.0,279.67,91,0,1,0,0,0
2025,2025-01-05,18,0.0,279.22,92,0,1,0,0,0
2025,2025-01-05,19,0.0,277.16,73,0,1,0,0,0
2025,2025-01-05,20,0.0,277.86,60,0,1,0,0,0
2025,2025-01-05,21,0.0,276.5,24,0,1,0,0,0
2025,2025-01-06,11,0.0,277.73,2,1,0,0,0,0
2025,2025-01-06,12,0.0,277.16,0,1,0,0,0,0
2025,2025-01-06,13,0.0,276.76,40,0,1,0,0,0
2025,2025-01-06,14,0.0,277.99,20,0,1,0,0,0
2025,2025-01-06,15,0.0,278.78,75,0,1,0,0,0
2025,2025-01-06,16,0.0,276.7,75,0,1,0,0,0
2025,2025-01-06,17,0.0,276.14,75,0,1,0,0,0
2025,2025-01-06,18,0.0,276.32,75,0,1,0,0,0
2025,2025-01-06,19,0.0,275.78,100,0,1,0,0,0
2025,2025-01-06,20,0.0,277.51,100,0,1,0,0,0
2025,2025-01-06,21,0.0,277.09,100,0,0,1,0,0
2025,2025-01-07,11,0.0,275.55,75,0,0,1,0,0
2025,2025-01-07,12,0.0,275.95,98,0,1,0,0,0
2025,2025-01-07,13,0.0,275.6,100,0,1,0,0,0
2025,2025-01-07,14,0.0,275.66,100,0,1,0,0,0
2025,2025-01-07,15,0.0,277.29,75,0,1,0,0,0
2025,2025-01-07,16,0.0,278.61,75,0,1,0,0,0
2025,2025-01-07,17,0.23,276.48,75,0,0,0,1,0
2025,2025-01-07,18,0.0,277.01,100,0,1,0,0,0
2025,2025-01-07,19,0.0,278.92,100,0,1,0,0,0
2025,2025-01-07,20,0.0,277.12,100,0,0,0,1,0
2025,2025-01-07,21,0.38,276.85,100,0,0,0,1,0
2025,2025-01-08,11,0.0,280.82,100,0,1,0,0,0
2025,2025-01-08,12,0.0,279.17,100,0,1,0,0,0
2025,2025-01-08,13,0.0,280.09,100,0,1,0,0,0
2025,2025-01-08,14,0.0,279.54,100,0,1,0,0,0
2025,2025-01-08,15,0.0,279.27,75,0,1,0,0,0
2025,2025-01-08,16,0.0,277.49,93,0,1,0,0,0
2025,2025-01-08,17,0.0,279.03,71,0,1,0,0,0
2025,2025-01-08,18,0.0,277.6,22,0,1,0,0,0
2025,2025-01-08,19,0.0,275.86,0,1,0,0,0,0
2025,2025-01-08,20,0.0,277.57,21,0,1,0,0,0
2025,2025-01-08,21,0.0,276.31,32,0,1,0,0,0
2025,2025-01-09,11,0.0,278.26,40,0,1,0,0,0
2025,2025-01-09,12,0.0,280.11,75,0,1,0,0,0
2025,2025-01-09,13,0.0,280.11,75,0,1,0,0,0
2025,2025-01-09,14,0.0,282.26,11,0,1,0,0,0
2025,2025-01-09,15,0.0,282.8,12,0,1,0,0,0
2025,2025-01-09,16,0.0,281.41,34,0,1,0,0,0
2025,2025-01-09,17,0.0,279.62,90,0,1,0,0,0
2025,2025-01-09,18,0.0,279.83,96,0,1,0,0,0
2025,2025-01-09,19,0.0,278.15,100,0,1,0,0,0
2025,2025-01-09,20,0.0,276.8,100,0,1,0,0,0
2025,2025-01-09,21,0.0,277.81,100,0,1,0,0,0
2025,2025-01-10,11,0.25,275.87,75,0,0,0,1,0
2025,2025-01-10,12,0.25,275.24,75,0,0,0,1,0
2025,2025-01-10,13,0.0,276.26,75,0,1,0,0,0
2025,2025-01-10,14,0.0,276.37,75,0,1,0,0,0
2025,2025-01-10,15,0.0,276.55,40,0,1,0,0,0
2025,2025-01-10,16,0.0,276.64,20,0,1,0,0,0
2025,2025-01-10,17,0.0,275.91,20,0,1,0,0,0
2025,2025-01-10,18,0.0,275.66,20,0,1,0,0,0
2025,2025-01-10,19,0.0,275.15,20,0,1,0,0,0
2025,2025-01-10,20,0.0,274.54,75,0,1,0,0,0
2025,2025-01-10,21,14.22,274.19,75,0,0,0,1,0
2025,2025-01-11,11,0.25,278.43,75,0,0,0,1,0
2025,2025-01-11,12,0.68,278.39,75,0,0,0,1,0
2025,2025-01-11,13,0.26,278.78,75,0,0,0,1,0
2025,2025-01-11,14,0.18,278.16,75,0,0,0,1,0
2025,2025-01-11,15,0.0,278.55,75,0,1,0,0,0
2025,2025-01-11,16,0.25,277.11,75,0,0,0,1,0
2025,2025-01-11,17,0.25,276.39,75,0,0,0,1,0
2025,2025-01-11,18,0.0,277.78,75,0,1,0,0,0
2025,2025-01-11,19,0.0,278.71,100,0,1,0,0,0
2025,2025-01-11,20,0.0,278.87,75,0,1,0,0,0
2025,2025-01-11,21,0.13,278.04,75,0,0,0,1,0
2025,2025-01-12,11,0.0,277.37,78,0,1,0,0,0
2025,2025-01-12,12,0.0,277.58,81,0,1,0,0,0
2025,2025-01-12,13,0.0,277.88,80,0,1,0,0,0
2025,2025-01-12,14,0.0,277.59,86,0,1,0,0,0
2025,2025-01-12,15,0.0,278.22,76,0,1,0,0,0
2025,2025-01-12,16,0.0,277.58,74,0,1,0,0,0
2025,2025-01-12,17,0.0,277.08,17,0,1,0,0,0
2025,2025-01-12,18,0.0,273.43,15,0,1,0,0,0
2025,2025-01-12,19,0.0,277.18,12,0,1,0,0,0
2025,2025-01-12,20,0.0,275.26,0,1,0,0,0,0
2025,2025-01-12,21,0.0,275.93,75,0,1,0,0,0
2025,2025-01-13,11,0.0,275.82,100,0,1,0,0,0
2025,2025-01-13,12,0.0,276.15,100,0,1,0,0,0
2025,2025-01-13,13,0.0,276.28,100,0,1,0,0,0
2025,2025-01-13,14,0.0,277.05,100,0,1,0,0,0
2025,2025-01-13,15,0.0,277.47,100,0,1,0,0,0
2025,2025-01-13,16,0.0,278.34,75,0,1,0,0,0
2025,2025-01-13,17,0.0,277.83,100,0,1,0,0,0
2025,2025-01-13,18,0.0,277.53,100,0,1,0,0,0
2025,2025-01-13,19,0.0,277.17,75,0,1,0,0,0
2025,2025-01-13,20,0.25,276.46,100,0,0,0,1,0
2025,2025-01-13,21,0.0,274.26,75,0,1,0,0,0
2025,2025-01-14,11,0.0,277.07,75,0,1,0,0,0
2025,2025-01-14,12,0.0,278.59,75,0,1,0,0,0
2025,2025-01-14,13,0.0,279.14,51,0,1,0,0,0
2025,2025-01-14,14,0.0,278.85,49,0,1,0,0,0
2025,2025-01-14,15,0.0,278.0,75,0,1,0,0,0
2025,2025-01-14,16,0.0,278.06,89,0,1,0,0,0
2025,2025-01-14,17,0.0,278.81,77,0,1,0,0,0
2025,2025-01-14,18,0.0,276.57,75,0,1,0,0,0
2025,2025-01-14,19,0.0,275.03,75,0,1,0,0,0
2025,2025-01-14,20,0.0,275.39,45,0,1,0,0,0
2025,2025-01-14,21,0.0,275.89,100,0,1,0,0,0
2025,2025-01-15,11,0.0,278.47,20,0,1,0,0,0
2025,2025-01-15,12,0.25,280.42,20,0,0,0,1,0
2025,2025-01-15,13,0.0,279.82,20,0,1,0,0,0
2025,2025-01-15,14,0.0,280.81,5,1,0,0,0,0
2025,2025-01-15,15,0.0,280.89,3,1,0,0,0,0
2025,2025-01-15,16,0.0,279.81,9,1,0,0,0,0
2025,2025-01-15,17,0.0,278.97,47,0,1,0,0,0
2025,2025-01-15,18,0.0,277.73,40,0,1,0,0,0
2025,2025-01-15,19,0.0,277.04,94,0,1,0,0,0
2025,2025-01-15,20,0.0,275.56,40,0,1,0,0,0
2025,2025-01-15,21,0.0,276.07,88,0,1,0,0,0
2025,2025-01-16,11,0.0,276.5,75,0,1,0,0,0
2025,2025-01-16,12,0.0,274.38,75,0,1,0,0,0
2025,2025-01-16,13,0.25,276.3,40,0,0,0,1,0
2025,2025-01-16,14,0.0,275.9,20,0,1,0,0,0
2025,2025-01-16,15,0.0,276.55,20,0,1,0,0,0
2025,2025-01-16,16,0.0,276.0,0,1,0,0,0,0
2025,2025-01-16,17,0.0,274.43,0,1,0,0,0,0
2025,2025-01-16,18,0.0,274.18,0,1,0,0,0,0
2025,2025-01-16,19,0.0,274.99,0,1,0,0,0,0
2025,2025-01-16,20,0.0,274.54,20,0,1,0,0,0
2025,2025-01-16,21,0.0,274.2,20,0,1,0,0,0
2025,2025-01-17,11,0.25,276.99,0,0,0,0,1,0
2025,2025-01-17,12,0.0,276.7,0,1,0,0,0,0
2025,2025-01-17,13,0.0,277.66,20,0,1,0,0,0
2025,2025-01-17,14,0.0,277.66,20,0,1,0,0,0
2025,2025-01-17,15,0.0,276.83,20,0,1,0,0,0
2025,2025-01-17,16,0.0,277.05,0,1,0,0,0,0
2025,2025-01-17,17,0.0,275.47,7,1,0,0,0,0
2025,2025-01-17,18,0.0,275.79,0,1,0,0,0,0
2025,2025-01-17,19,0.0,274.32,0,1,0,0,0,0
2025,2025-01-17,20,0.0,272.17,0,1,0,0,0,0
2025,2025-01-17,21,0.0,272.1,20,0,1,0,0,0
2025,2025-01-18,11,0.0,275.75,20,0,1,0,0,0
2025,2025-01-18,12,0.0,277.81,20,0,1,0,0,0
2025,2025-01-18,13,0.0,277.56,75,0,1,0,0,0
2025,2025-01-18,14,0.0,277.88,75,0,1,0,0,0
2025,2025-01-18,15,0.0,279.47,10,1,0,0,0,0
2025,2025-01-18,16,0.0,276.28,75,0,1,0,0,0
2025,2025-01-18,17,0.0,275.59,7,1,0,0,0,0
2025,2025-01-18,18,0.0,273.82,100,0,1,0,0,0
2025,2025-01-18,19,0.0,273.79,100,0,1,0,0,0
2025,2025-01-18,20,0.0,273.48,100,0,1,0,0,0
2025,2025-01-18,21,0.0,273.43,75,0,1,0,0,0
2025,2025-01-19,11,0.0,276.6,0,1,0,0,0,0
2025,2025-01-19,12,0.25,275.44,0,0,0,0,1,0
2025,2025-01-19,13,0.25,276.3,0,0,0,0,1,0
2025,2025-01-19,14,0.0,277.64,0,1,0,0,0,0
2025,2025-01-19,15,0.0,278.87,0,1,0,0,0,0
2025,2025-01-19,16,0.0,278.44,0,1,0,0,0,0
2025,2025-01-19,17,0.0,276.09,0,1,0,0,0,0
2025,2025-01-19,18,0.0,274.81,0,1,0,0,0,0
2025,2025-01-19,19,0.0,272.83,0,1,0,0,0,0
2025,2025-01-19,20,0.0,272.42,0,1,0,0,0,0
2025,2025-01-19,21,0.0,271.62,0,1,0,0,0,0
2025,2025-01-20,11,0.0,274.39,75,0,1,0,0,0
2025,2025-01-20,12,0.0,277.48,75,0,1,0,0,0
2025,2025-01-20,13,0.0,276.66,75,0,1,0,0,0
2025,2025-01-20,14,0.0,276.69,100,0,1,0,0,0
2025,2025-01-20,15,0.0,278.24,100,0,1,0,0,0
2025,2025-01-20,16,0.0,276.73,100,0,1,0,0,0
2025,2025-01-20,17,0.0,276.17,100,0,1,0,0,0
2025,2025-01-20,18,0.0,275.58,99,0,1,0,0,0
2025,2025-01-20,19,0.0,275.46,100,0,1,0,0,0
2025,2025-01-20,20,0.0,275.46,100,0,1,0,0,0
2025,2025-01-20,21,0.0,274.7,75,0,1,0,0,0
2025,2025-01-21,11,0.0,271.2,75,0,1,0,0,0
2025,2025-01-21,12,0.0,272.32,75,0,1,0,0,0
2025,2025-01-21,13,0.0,274.69,75,0,1,0,0,0
2025,2025-01-21,14,0.0,275.22,20,0,1,0,0,0
2025,2025-01-21,15,0.0,277.08,20,0,1,0,0,0
2025,2025-01-21,16,0.0,275.84,75,0,1,0,0,0
2025,2025-01-21,17,0.0,276.42,75,0,1,0,0,0
2025,2025-01-21,18,0.0,275.3,75,0,1,0,0,0
2025,2025-01-21,19,0.0,272.08,20,0,1,0,0,0
2025,2025-01-21,20,0.0,270.17,20,0,1,0,0,0
2025,2025-01-21,21,0.0,270.7,100,0,1,0,0,0
2025,2025-01-22,11,0.0,276.62,100,0,1,0,0,0
2025,2025-01-22,12,0.0,275.39,100,0,1,0,0,0
2025,2025-01-22,13,0.0,274.83,96,0,1,0,0,0
2025,2025-01-22,14,0.0,275.26,75,0,1,0,0,0
2025,2025-01-22,15,0.0,274.71,100,0,1,0,0,0
2025,2025-01-22,16,0.0,275.92,100,0,1,0,0,0
2025,2025-01-22,17,0.0,275.12,100,0,1,0,0,0
2025,2025-01-22,18,0.0,276.0,100,0,1,0,0,0
2025,2025-01-22,19,0.0,274.94,75,0,1,0,0,0
2025,2025-01-22,20,0.0,275.35,75,0,1,0,0,0
2025,2025-01-22,21,0.0,274.72,75,0,1,0,0,0
2025,2025-01-23,11,0.0,275.62,75,0,1,0,0,0
2025,2025-01-23,12,0.0,275.28,75,0,1,0,0,0
2025,2025-01-23,13,0.25,275.88,100,0,0,0,1,0
2025,2025-01-23,14,0.0,274.68,75,0,1,0,0,0
2025,2025-01-23,15,0.0,275.24,75,0,1,0,0,0
2025,2025-01-23,16,0.0,274.62,75,0,1,0,0,0
2025,2025-01-23,17,0.0,275.28,100,0,1,0,0,0
2025,2025-01-23,18,0.0,276.46,100,0,1,0,0,0
2025,2025-01-23,19,0.0,273.71,100,0,1,0,0,0
2025,2025-01-23,20,0.0,273.19,100,0,1,0,0,0
2025,2025-01-23,21,0.0,272.77,75,0,1,0,0,0
2025,2025-01-24,11,0.0,275.83,20,0,1,0,0,0
2025,2025-01-24,12,0.0,276.21,0,1,0,0,0,0
2025,2025-01-24,13,0.0,277.42,20,0,1,0,0,0
2025,2025-01-24,14,0.0,277.83,0,1,0,0,0,0
2025,2025-01-24,15,0.0,277.26,0,1,0,0,0,0
2025,2025-01-24,16,0.0,275.12,0,1,0,0,0,0
2025,2025-01-24,17,0.0,274.67,0,1,0,0,0,0
2025,2025-01-24,18,0.0,275.95,0,1,0,0,0,0
2025,2025-01-24,19,0.0,272.26,0,1,0,0,0,0
2025,2025-01-24,20,0.0,271.5,0,1,0,0,0,0
2025,2025-01-24,21,0.0,271.55,0,1,0,0,0,0
2025,2025-01-25,11,0.0,278.51,0,1,0,0,0,0
2025,2025-01-25,12,0.25,275.96,20,0,0,0,1,0
2025,2025-01-25,13,0.0,278.14,20,0,1,0,0,0
2025,2025-01-25,14,0.0,278.36,20,0,1,0,0,0
2025,2025-01-25,15,0.0,279.4,0,1,0,0,0,0
2025,2025-01-25,16,0.0,276.04,20,0,1,0,0,0
2025,2025-01-25,17,0.0,277.29,28,0,1,0,0,0
2025,2025-01-25,18,0.0,274.82,29,0,1,0,0,0
2025,2025-01-25,19,0.0,273.58,17,0,1,0,0,0
2025,2025-01-25,20,0.0,273.67,4,1,0,0,0,0
2025,2025-01-25,21,0.0,273.5,100,0,1,0,0,0
2025,2025-01-26,11,0.0,276.54,20,0,1,0,0,0
2025,2025-01-26,12,0.0,277.12,20,0,1,0,0,0
2025,2025-01-26,13,0.0,277.67,20,0,1,0,0,0
2025,2025-01-26,14,0.0,279.15,0,1,0,0,0,0
2025,2025-01-26,15,0.0,279.08,0,1,0,0,0,0
2025,2025-01-26,16,0.0,277.39,0,1,0,0,0,0
2025,2025-01-26,17,0.0,277.8,5,1,0,0,0,0
2025,2025-01-26,18,0.0,276.07,1,1,0,0,0,0
2025,2025-01-26,19,0.0,274.98,0,1,0,0,0,0
2025,2025-01-26,20,0.0,274.56,0,1,0,0,0,0
2025,2025-01-26,21,0.0,274.13,0,1,0,0,0,0
2025,2025-01-27,11,0.0,278.21,7,1,0,0,0,0
2025,2025-01-27,12,0.0,278.47,0,1,0,0,0,0
2025,2025-01-27,13,0.0,278.95,0,1,0,0,0,0
2025,2025-01-27,14,0.0,278.91,20,0,1,0,0,0
2025,2025-01-27,15,0.0,278.29,0,1,0,0,0,0
2025,2025-01-27,16,0.0,279.3,0,1,0,0,0,0
2025,2025-01-27,17,0.0,277.23,0,1,0,0,0,0
2025,2025-01-27,18,0.0,274.86,0,1,0,0,0,0
2025,2025-01-27,19,0.0,275.41,0,1,0,0,0,0
2025,2025-01-27,20,0.0,273.95,0,1,0,0,0,0
2025,2025-01-27,21,0.0,272.32,0,1,0,0,0,0
2025,2025-01-28,11,0.0,276.53,20,0,1,0,0,0
2025,2025-01-28,12,0.25,278.67,1,0,0,0,1,0
2025,2025-01-28,13,0.0,279.64,5,1,0,0,0,0
2025,2025-01-28,14,0.0,278.64,20,0,1,0,0,0
2025,2025-01-28,15,0.0,279.51,21,0,1,0,0,0
2025,2025-01-28,16,0.0,278.86,32,0,1,0,0,0
2025,2025-01-28,17,0.0,278.28,29,0,1,0,0,0
2025,2025-01-28,18,0.0,276.68,35,0,1,0,0,0
2025,2025-01-28,19,0.0,275.6,73,0,1,0,0,0
2025,2025-01-28,20,0.0,275.09,89,0,1,0,0,0
2025,2025-01-28,21,0.0,274.65,0,1,0,0,0,0
2025,2025-01-29,11,0.0,277.1,0,1,0,0,0,0
2025,2025-01-29,12,0.0,279.58,0,1,0,0,0,0
2025,2025-01-29,13,0.0,280.29,1,1,0,0,0,0
2025,2025-01-29,14,0.0,279.9,20,0,1,0,0,0
2025,2025-01-29,15,0.0,279.04,20,0,0,1,0,0
2025,2025-01-29,16,0.0,278.79,3,1,0,0,0,0
2025,2025-01-29,17,0.0,276.31,5,1,0,0,0,0
2025,2025-01-29,18,0.0,276.52,40,0,1,0,0,0
2025,2025-01-29,19,0.0,275.93,20,0,1,0,0,0
2025,2025-01-29,20,0.0,275.03,5,1,0,0,0,0
2025,2025-01-29,21,0.0,274.35,75,0,1,0,0,0
2025,2025-01-30,11,0.0,273.89,100,0,1,0,0,0
2025,2025-01-30,12,0.25,273.65,100,0,0,0,1,0
2025,2025-01-30,13,1.67,272.71,100,0,0,0,1,0
2025,2025-01-30,14,0.7,272.89,100,0,0,0,1,0
2025,2025-01-30,15,0.89,272.62,100,0,0,0,1,0
2025,2025-01-30,16,0.25,273.27,100,0,0,0,1,0
2025,2025-01-30,17,0.11,273.69,100,0,0,0,1,0
2025,2025-01-30,18,0.14,273.21,100,0,0,0,1,0
2025,2025-01-30,19,0.25,273.29,100,0,0,0,1,0
2025,2025-01-30,20,1.59,273.5,100,0,0,0,1,0
2025,2025-01-30,21,1.95,272.15,100,0,0,0,1,0
2025,2025-01-31,11,0.76,273.48,100,0,0,0,1,0
2025,2025-01-31,12,0.7,273.62,100,0,0,0,1,0
2025,2025-01-31,13,1.78,274.04,100,0,0,0,1,0
2025,2025-01-31,14,2.39,274.33,100,0,0,1,1,0
2025,2025-01-31,15,2.9,274.22,100,0,0,1,1,0
2025,2025-01-31,16,2.34,274.69,100,0,0,0,1,0
2025,2025-01-31,17,0.76,274.49,100,0,0,0,1,0
2025,2025-01-31,18,0.76,274.6,100,0,0,0,1,0
2025,2025-01-31,19,0.76,274.59,100,0,0,0,1,0
2025,2025-01-31,20,0.51,272.82,75,0,0,0,1,0
2025,2025-01-31,21,0.25,270.64,75,0,0,0,1,0
2025,2025-02-01,11,0.51,270.24,100,0,0,0,1,0
2025,2025-02-01,12,0.51,271.53,100,0,0,0,1,0
2025,2025-02-01,13,0.25,272.02,75,0,0,0,1,0
2025,2025-02-01,14,0.63,272.73,75,0,0,0,1,0
2025,2025-02-01,15,0.42,273.18,75,0,0,0,1,0
2025,2025-02-01,16,0.51,273.08,75,0,0,0,1,0
2025,2025-02-01,17,0.0,272.49,75,0,1,0,0,0
2025,2025-02-01,18,0.11,271.91,75,0,0,0,1,0
2025,2025-02-01,19,0.0,270.5,75,0,1,0,0,0
2025,2025-02-01,20,0.0,270.69,40,0,1,0,0,0
2025,2025-02-01,21,0.0,271.06,20,0,1,0,0,0
2025,2025-02-02,11,0.0,270.33,100,0,0,0,0,1
2025,2025-02-02,12,0.0,270.91,75,0,0,0,0,1
2025,2025-02-02,13,0.51,269.49,87,0,0,0,1,0
2025,2025-02-02,14,1.35,270.85,75,0,0,0,1,0
2025,2025-02-02,15,1.34,270.3,75,0,0,0,1,0
2025,2025-02-02,16,6.2,269.69,75,0,0,0,1,0
2025,2025-02-02,17,0.51,268.9,100,0,0,0,1,1
2025,2025-02-02,18,0.0,269.67,75,0,0,0,0,1
2025,2025-02-02,19,0.0,268.73,20,0,0,0,0,1
2025,2025-02-02,20,0.0,268.54,20,0,0,0,0,1
2025,2025-02-02,21,0.0,268.05,20,0,0,0,0,1
2025,2025-02-03,11,0.0,266.39,100,0,0,0,0,1
2025,2025-02-03,12,0.0,268.2,100,0,0,0,0,1
2025,2025-02-03,13,0.0,267.49,96,0,0,0,0,1
2025,2025-02-03,14,0.0,269.72,89,0,0,0,0,1
2025,2025-02-03,15,0.0,269.02,100,0,0,0,0,1
2025,2025-02-03,16,0.0,268.64,100,0,0,0,0,1
2025,2025-02-03,17,0.0,271.16,100,0,0,0,0,1
2025,2025-02-03,18,0.0,268.94,100,0,0,0,0,1
2025,2025-02-03,19,0.0,267.61,100,0,0,0,0,1
2025,2025-02-03,20,0.0,268.03,100,0,0,0,0,1
2025,2025-02-03,21,0.0,270.34,96,0,0,0,0,1
2025,2025-02-04,11,0.0,267.0,75,0,1,0,0,0
2025,2025-02-04,12,0.0,268.8,75,0,1,0,0,0
2025,2025-02-04,13,0.0,273.47,1,1,0,0,0,0
2025,2025-02-04,14,0.0,271.66,75,0,0,0,0,1
2025,2025-02-04,15,0.0,271.41,75,0,0,0,0,1
2025,2025-02-04,16,0.0,271.39,75,0,0,0,0,1
2025,2025-02-04,17,0.0,272.43,7,0,0,0,0,1
2025,2025-02-04,18,0.0,266.66,40,0,1,0,0,0
2025,2025-02-04,19,0.0,265.89,20,0,1,0,0,0
2025,2025-02-04,20,0.0,269.35,15,0,1,0,0,0
2025,2025-02-04,21,0.0,265.12,20,0,1,0,0,0
2025,2025-02-05,11,0.0,268.05,100,0,1,0,0,0
2025,2025-02-05,12,0.0,268.71,100,0,1,0,0,0
2025,2025-02-05,13,0.0,267.76,100,0,1,0,0,0
2025,2025-02-05,14,0.0,270.2,100,0,1,0,0,0
2025,2025-02-05,15,0.0,272.91,100,0,1,0,0,0
2025,2025-02-05,16,0.0,269.66,100,0,1,0,0,0
2025,2025-02-05,17,0.0,268.56,100,0,1,0,0,0
2025,2025-02-05,18,0.0,267.81,100,0,1,0,0,0
2025,2025-02-05,19,0.0,271.15,98,0,1,0,0,0
2025,2025-02-05,20,0.0,267.56,100,0,1,0,0,0
2025,2025-02-05,21,0.0,267.48,100,0,1,0,0,0
2025,2025-02-06,11,0.0,270.55,100,0,0,0,0,1
2025,2025-02-06,12,0.0,271.66,100,0,0,0,0,1
2025,2025-02-06,13,0.0,272.37,100,0,0,0,0,1
2025,2025-02-06,14,0.51,272.2,100,0,0,0,1,0
2025,2025-02-06,15,0.25,269.38,75,0,0,0,1,0
2025,2025-02-06,16,0.25,270.93,8,0,0,0,1,0
2025,2025-02-06,17,0.51,269.88,75,0,0,0,1,0
2025,2025-02-06,18,0.0,269.47,0,0,0,0,0,1
2025,2025-02-06,19,0.0,271.8,0,1,0,0,0,0
2025,2025-02-06,20,0.0,266.11,0,1,0,0,0,0
2025,2025-02-06,21,0.0,266.09,0,1,0,0,0,0
2025,2025-02-07,11,0.0,269.51,40,0,1,0,0,0
2025,2025-02-07,12,0.0,271.76,40,0,1,0,0,0
2025,2025-02-07,13,0.25,272.52,75,0,0,0,1,0
2025,2025-02-07,14,0.34,273.74,75,0,0,0,1,0
2025,2025-02-07,15,0.42,275.49,75,0,0,0,1,0
2025,2025-02-07,16,0.3,273.92,100,0,0,0,1,0
2025,2025-02-07,17,0.0,272.62,46,0,0,0,0,1
2025,2025-02-07,18,0.0,270.54,74,0,1,0,0,0
2025,2025-02-07,19,0.0,267.73,75,0,0,0,0,1
2025,2025-02-07,20,0.0,268.74,75,0,1,0,0,0
2025,2025-02-07,21,0.0,268.93,75,0,1,0,0,0
2025,2025-02-08,11,0.0,272.0,100,0,0,0,0,1
2025,2025-02-08,12,0.25,272.98,100,0,0,0,1,0
2025,2025-02-08,13,0.25,274.15,74,0,0,0,1,0
2025,2025-02-08,14,0.56,273.52,75,0,0,0,1,0
2025,2025-02-08,15,1.15,275.62,40,0,0,0,1,0
2025,2025-02-08,16,0.83,272.97,20,0,0,0,1,0
2025,2025-02-08,17,0.51,272.24,20,0,0,0,1,0
2025,2025-02-08,18,0.0,271.24,20,0,1,0,0,0
2025,2025-02-08,19,0.0,270.19,40,0,1,0,0,0
2025,2025-02-08,20,0.0,269.93,20,0,1,0,0,0
2025,2025-02-08,21,0.0,268.52,20,0,1,0,0,0
2025,2025-02-09,11,0.0,275.28,100,0,1,0,0,0
2025,2025-02-09,12,0.0,273.51,0,1,0,0,0,0
2025,2025-02-09,13,0.64,271.77,0,0,0,0,1,0
2025,2025-02-09,14,0.25,271.52,100,0,0,0,1,0
2025,2025-02-09,15,0.38,271.96,75,0,0,0,1,0
2025,2025-02-09,16,0.25,272.1,75,0,0,0,1,0
2025,2025-02-09,17,0.0,270.42,75,0,1,0,0,0
2025,2025-02-09,18,0.0,269.44,20,0,0,0,0,1
2025,2025-02-09,19,0.0,271.31,17,0,1,0,0,0
2025,2025-02-09,20,0.0,270.41,20,0,1,0,0,0
2025,2025-02-09,21,0.0,269.12,20,0,1,0,0,0
2025,2025-02-10,11,0.0,269.77,20,0,1,0,0,0
2025,2025-02-10,12,0.0,272.54,20,0,1,0,0,0
2025,2025-02-10,13,0.0,274.46,20,0,1,0,0,0
2025,2025-02-10,14,0.0,273.37,0,1,0,0,0,0
2025,2025-02-10,15,0.0,275.28,0,1,0,0,0,0
2025,2025-02-10,16,0.0,273.97,0,0,0,0,0,1
2025,2025-02-10,17,0.0,272.22,0,1,0,0,0,0
2025,2025-02-10,18,0.0,271.68,20,0,1,0,0,0
2025,2025-02-10,19,0.0,268.36,0,1,0,0,0,0
2025,2025-02-10,20,0.0,266.41,0,1,0,0,0,0
2025,2025-02-10,21,0.0,266.9,0,1,0,0,0,0
2025,2025-02-11,11,0.0,269.94,20,0,1,0,0,0
2025,2025-02-11,12,0.0,271.61,20,0,1,0,0,0
2025,2025-02-11,13,0.0,270.34,20,0,1,0,0,0
2025,2025-02-11,14,0.0,272.22,2,1,0,0,0,0
2025,2025-02-11,15,0.0,271.83,4,1,0,0,0,0
2025,2025-02-11,16,0.0,272.95,0,0,0,0,0,1
2025,2025-02-11,17,0.0,272.08,0,1,0,0,0,0
2025,2025-02-11,18,0.0,271.88,0,1,0,0,0,0
2025,2025-02-11,19,0.0,269.83,0,1,0,0,0,0
2025,2025-02-11,20,0.0,268.03,0,1,0,0,0,0
2025,2025-02-11,21,0.0,268.68,0,1,0,0,0,0
2025,2025-02-12,11,0.0,272.38,0,1,0,0,0,0
2025,2025-02-12,12,0.0,272.79,20,0,1,0,0,0
2025,2025-02-12,13,0.0,275.19,20,0,1,0,0,0
2025,2025-02-12,14,0.25,275.08,0,0,0,0,1,0
2025,2025-02-12,15,0.0,274.91,0,1,0,0,0,0
2025,2025-02-12,16,0.0,272.98,0,1,0,0,0,0
2025,2025-02-12,17,0.0,272.28,0,1,0,0,0,0
2025,2025-02-12,18,0.0,271.09,20,0,1,0,0,0
2025,2025-02-12,19,0.0,269.86,20,0,1,0,0,0
2025,2025-02-12,20,0.0,269.32,55,0,1,0,0,0
2025,2025-02-12,21,0.0,268.5,82,0,1,0,0,0
2025,2025-02-13,11,0.0,275.64,75,0,1,0,0,0
2025,2025-02-13,12,0.0,274.03,75,0,1,0,0,0
2025,2025-02-13,13,0.0,275.62,100,0,1,0,0,0
2025,2025-02-13,14,0.0,273.88,75,0,1,0,0,0
2025,2025-02-13,15,0.25,273.61,100,0,0,0,1,0
2025,2025-02-13,16,0.0,274.04,100,0,1,0,0,0
2025,2025-02-13,17,0.0,272.98,75,0,1,0,0,0
2025,2025-02-13,18,0.0,273.88,100,0,1,0,0,0
2025,2025-02-13,19,0.0,272.85,75,0,1,0,0,0
2025,2025-02-13,20,0.0,271.61,20,0,1,0,0,0
2025,2025-02-13,21,0.0,271.54,75,0,1,0,0,0
2025,2025-02-14,11,0.0,275.52,20,0,1,0,0,0
2025,2025-02-14,12,0.0,277.33,20,0,1,0,0,0
2025,2025-02-14,13,0.0,277.64,20,0,1,0,0,0
2025,2025-02-14,14,0.0,277.77,20,0,1,0,0,0
2025,2025-02-14,15,0.0,278.05,40,0,1,0,0,0
2025,2025-02-14,16,0.0,277.1,40,0,1,0,0,0
2025,2025-02-14,17,0.0,275.24,20,0,1,0,0,0
2025,2025-02-14,18,0.0,274.04,20,0,1,0,0,0
2025,2025-02-14,19,0.11,273.77,75,0,0,0,1,0
2025,2025-02-14,20,0.0,273.62,40,0,1,0,0,0
2025,2025-02-14,21,0.25,272.45,75,0,0,0,1,0
2025,2025-02-15,11,0.25,273.51,100,0,0,0,1,0
2025,2025-02-15,12,0.3,273.26,100,0,0,0,1,0
2025,2025-02-15,13,0.34,273.8,100,0,0,0,1,0
2025,2025-02-15,14,0.25,274.75,100,0,0,0,1,0
2025,2025-02-15,15,0.25,273.56,100,0,0,0,1,0
2025,2025-02-15,16,0.31,273.71,100,0,0,0,1,0
2025,2025-02-15,17,0.17,273.46,100,0,0,0,1,0
2025,2025-02-15,18,0.19,274.82,100,0,0,0,1,0
2025,2025-02-15,19,0.58,273.74,100,0,0,0,1,0
2025,2025-02-15,20,0.47,272.99,100,0,0,0,1,0
2025,2025-02-15,21,0.51,271.53,100,0,0,0,1,0
2025,2025-02-16,11,0.51,274.62,100,0,0,1,1,0
2025,2025-02-16,12,0.68,275.59,100,0,0,1,1,0
2025,2025-02-16,13,0.47,276.33,100,0,0,0,1,0
2025,2025-02-16,14,0.25,276.8,100,0,0,0,1,0
2025,2025-02-16,15,0.94,276.76,75,0,0,0,1,0
2025,2025-02-16,16,0.24,277.06,100,0,0,0,1,0
2025,2025-02-16,17,0.14,276.74,100,0,0,0,1,0
2025,2025-02-16,18,0.0,276.69,100,0,1,0,0,0
2025,2025-02-16,19,0.0,277.36,100,0,1,0,0,0
2025,2025-02-16,20,0.17,276.8,100,0,0,0,1,0
2025,2025-02-16,21,0.51,276.13,100,0,0,0,1,0
2025,2025-02-17,11,0.0,277.76,100,0,1,0,0,0
2025,2025-02-17,12,0.0,278.93,100,0,1,0,0,0
2025,2025-02-17,13,0.0,278.26,75,0,1,0,0,0
2025,2025-02-17,14,0.0,277.95,40,0,1,0,0,0
2025,2025-02-17,15,0.0,277.63,75,0,1,0,0,0
2025,2025-02-17,16,0.0,277.87,40,0,1,0,0,0
2025,2025-02-17,17,0.0,277.85,75,0,1,0,0,0
2025,2025-02-17,18,0.0,278.27,83,0,1,0,0,0
2025,2025-02-17,19,0.0,279.22,83,0,1,0,0,0
2025,2025-02-17,20,0.0,277.66,20,0,1,0,0,0
2025,2025-02-17,21,0.0,275.89,20,0,1,0,0,0
2025,2025-02-18,11,0.0,277.27,100,0,1,0,0,0
2025,2025-02-18,12,0.25,278.14,100,0,0,0,1,0
2025,2025-02-18,13,0.0,278.78,75,0,0,0,1,0
2025,2025-02-18,14,0.0,279.11,100,0,0,0,1,0
2025,2025-02-18,15,0.0,279.49,92,0,1,0,0,0
2025,2025-02-18,16,0.0,280.17,100,0,0,0,1,0
2025,2025-02-18,17,0.0,279.35,100,0,1,0,0,0
2025,2025-02-18,18,0.25,278.54,100,0,0,0,1,0
2025,2025-02-18,19,0.0,278.22,100,0,1,0,0,0
2025,2025-02-18,20,0.0,278.64,100,0,1,0,0,0
2025,2025-02-18,21,0.0,278.6,100,0,1,0,0,0
2025,2025-02-19,11,0.3,278.65,75,0,0,0,1,0
2025,2025-02-19,12,0.89,278.15,75,0,0,0,1,0
2025,2025-02-19,13,0.83,278.13,75,0,0,0,1,0
2025,2025-02-19,14,0.89,278.31,75,0,0,0,1,0
2025,2025-02-19,15,1.82,278.34,100,0,0,0,1,0
2025,2025-02-19,16,1.49,277.93,75,0,0,0,1,0
2025,2025-02-19,17,1.68,277.97,75,0,0,0,1,0
2025,2025-02-19,18,0.66,277.9,75,0,0,0,1,0
2025,2025-02-19,19,0.64,277.77,100,0,0,0,1,0
2025,2025-02-19,20,1.14,277.45,100,0,0,0,1,0
2025,2025-02-19,21,1.32,277.19,100,0,0,0,1,0
2025,2025-02-20,11,0.32,278.06,100,0,0,0,1,0
2025,2025-02-20,12,0.23,278.16,100,0,0,0,1,0
2025,2025-02-20,13,0.25,278.38,100,0,0,0,1,0
2025,2025-02-20,14,0.25,278.87,100,0,0,0,1,0
2025,2025-02-20,15,0.12,279.22,100,0,0,0,1,0
2025,2025-02-20,16,0.0,279.52,100,0,1,0,0,0
2025,2025-02-20,17,0.25,279.88,95,0,0,0,1,0
2025,2025-02-20,18,0.3,277.63,100,0,0,0,1,0
2025,2025-02-20,19,0.25,277.63,100,0,0,0,1,0
2025,2025-02-20,20,0.34,277.27,100,0,0,0,1,0
2025,2025-02-20,21,0.3,277.43,100,0,0,0,1,0
2025,2025-02-21,11,0.61,277.33,100,0,0,0,1,0
2025,2025-02-21,12,0.97,277.72,100,0,0,0,1,0
2025,2025-02-21,13,1.12,278.02,100,0,0,1,1,0
2025,2025-02-21,14,0.66,277.89,100,0,0,1,1,0
2025,2025-02-21,15,0.81,278.55,100,0,0,1,1,0
2025,2025-02-21,16,1.65,277.98,100,0,0,1,1,0
2025,2025-02-21,17,2.63,278.99,100,0,0,1,1,0
2025,2025-02-21,18,2.9,278.53,100,0,0,0,1,0
2025,2025-02-21,19,2.79,277.88,100,0,0,0,1,0
2025,2025-02-21,20,1.65,277.88,100,0,0,0,1,0
2025,2025-02-21,21,0.38,277.81,100,0,0,0,1,0
2025,2025-02-22,11,0.34,279.67,100,0,0,0,1,0
2025,2025-02-22,12,0.71,280.22,100,0,0,0,1,0
2025,2025-02-22,13,0.76,282.9,100,0,0,0,1,0
2025,2025-02-22,14,5.21,279.98,100,0,0,1,1,0
2025,2025-02-22,15,6.98,282.84,100,0,0,1,1,0
2025,2025-02-22,16,4.32,279.63,100,0,0,0,1,0
2025,2025-02-22,17,0.25,280.33,100,0,0,0,1,0
2025,2025-02-22,18,2.02,280.2,100,0,0,0,1,0
2025,2025-02-22,19,2.19,280.15,100,0,0,0,1,0
2025,2025-02-22,20,1.02,279.66,100,0,0,0,1,0
2025,2025-02-22,21,1.04,280.26,100,0,0,0,1,0
2025,2025-02-23,11,0.0,282.83,75,0,1,0,0,0
2025,2025-02-23,12,0.0,284.07,75,0,1,0,0,0
2025,2025-02-23,13,0.0,285.08,75,0,1,0,0,0
2025,2025-02-23,14,0.0,284.64,75,0,1,0,0,0
2025,2025-02-23,15,0.0,284.28,100,0,1,0,0,0
2025,2025-02-23,16,0.59,283.83,100,0,0,0,1,0
2025,2025-02-23,17,1.58,280.29,100,0,0,0,1,0
2025,2025-02-23,18,4.67,280.5,100,0,0,1,1,0
2025,2025-02-23,19,3.37,280.08,100,0,0,0,1,0
2025,2025-02-23,20,1.49,280.12,20,0,0,0,1,0
2025,2025-02-23,21,0.19,279.3,40,0,0,0,1,0
2025,2025-02-24,11,0.0,280.69,100,0,1,0,0,0
2025,2025-02-24,12,0.0,282.78,100,0,1,0,0,0
2025,2025-02-24,13,0.25,283.58,100,0,0,0,1,0
2025,2025-02-24,14,0.25,282.34,100,0,0,0,1,0
2025,2025-02-24,15,0.98,278.53,100,0,0,0,1,0
2025,2025-02-24,16,0.44,277.88,100,0,0,0,1,0
2025,2025-02-24,17,2.37,276.54,100,0,0,1,1,0
2025,2025-02-24,18,0.76,277.22,100,0,0,0,1,0
2025,2025-02-24,19,0.44,277.51,100,0,0,0,1,0
2025,2025-02-24,20,0.16,278.21,100,0,0,0,1,0
2025,2025-02-24,21,0.0,278.35,100,0,1,0,0,0
2025,2025-02-25,11,0.25,278.7,75,0,0,1,1,0
2025,2025-02-25,12,0.25,279.78,100,0,0,0,1,0
2025,2025-02-25,13,0.25,281.16,75,0,0,0,1,0
2025,2025-02-25,14,0.0,281.37,75,0,0,0,1,0
2025,2025-02-25,15,0.0,281.27,93,0,1,0,0,0
2025,2025-02-25,16,0.0,279.42,75,0,0,0,1,0
2025,2025-02-25,17,0.76,279.41,75,0,0,0,1,0
2025,2025-02-25,18,0.89,278.91,75,0,0,0,1,0
2025,2025-02-25,19,2.54,278.8,100,0,0,0,1,0
2025,2025-02-25,20,0.25,278.57,100,0,0,0,1,0
2025,2025-02-25,21,0.0,278.92,100,0,1,0,0,0
2025,2025-02-26,11,0.0,282.79,20,0,1,0,0,0
2025,2025-02-26,12,0.0,284.45,75,0,1,0,0,0
2025,2025-02-26,13,0.0,285.51,75,0,1,0,0,0
2025,2025-02-26,14,0.0,285.2,84,0,1,0,0,0
2025,2025-02-26,15,0.0,284.39,92,0,1,0,0,0
2025,2025-02-26,16,0.0,284.34,100,0,1,0,0,0
2025,2025-02-26,17,0.0,283.29,100,0,1,0,0,0
2025,2025-02-26,18,0.0,282.83,100,0,1,0,0,0
2025,2025-02-26,19,0.0,282.55,100,0,1,0,0,0
2025,2025-02-26,20,0.0,280.63,100,0,1,0,0,0
2025,2025-02-26,21,0.0,279.42,40,0,1,0,0,0
2025,2025-02-27,11,0.0,282.76,100,0,0,0,1,0
2025,2025-02-27,12,0.0,283.81,100,0,0,0,1,0
2025,2025-02-27,13,0.0,285.05,75,0,0,0,1,0
2025,2025-02-27,14,0.0,284.23,75,0,0,0,1,0
2025,2025-02-27,15,0.0,283.4,100,0,1,0,0,0
2025,2025-02-27,16,0.0,283.04,75,0,1,0,0,0
2025,2025-02-27,17,0.0,283.93,93,0,1,0,0,0
2025,2025-02-27,18,0.0,280.85,75,0,1,0,0,0
2025,2025-02-27,19,0.0,281.41,100,0,1,0,0,0
2025,2025-02-27,20,0.0,282.56,100,0,1,0,0,0
2025,2025-02-27,21,0.0,280.06,100,0,1,0,0,0
2025,2025-02-28,11,0.0,285.84,75,0,1,0,0,0
2025,2025-02-28,12,0.0,286.01,77,0,1,0,0,0
2025,2025-02-28,13,0.0,286.95,77,0,1,0,0,0
2025,2025-02-28,14,0.0,286.83,77,0,1,0,0,0
2025,2025-02-28,15,0.0,286.55,93,0,1,0,0,0
2025,2025-02-28,16,0.0,285.88,93,0,1,0,0,0
2025,2025-02-28,17,0.0,284.59,93,0,1,0,0,0
2025,2025-02-28,18,0.0,283.41,59,0,1,0,0,0
2025,2025-02-28,19,0.0,282.47,59,0,1,0,0,0
2025,2025-02-28,20,0.0,282.66,59,0,1,0,0,0
2025,2025-02-28,21,0.0,281.05,100,0,1,0,0,0
2025,2025-03-01,11,0.0,286.1,100,0,1,0,0,0
2025,2025-03-01,12,0.0,285.72,100,0,1,0,0,0
2025,2025-03-01,13,0.0,286.37,100,0,1,0,0,0
2025,2025-03-01,14,0.0,286.74,100,0,1,0,0,0
2025,2025-03-01,15,0.0,286.25,100,0,1,0,0,0
2025,2025-03-01,16,0.0,285.17,100,0,1,0,0,0
2025,2025-03-01,17,0.0,284.22,100,0,1,0,0,0
2025,2025-03-01,18,0.0,282.75,100,0,1,0,0,0
2025,2025-03-01,19,0.0,282.76,100,0,1,0,0,0
2025,2025-03-01,20,0.0,281.87,100,0,1,0,0,0
2025,2025-03-01,21,0.0,281.36,100,0,1,0,0,0
2025,2025-03-02,11,0.0,283.55,100,0,1,0,0,0
2025,2025-03-02,12,0.0,283.73,75,0,1,0,0,0
2025,2025-03-02,13,0.0,284.24,75,0,1,0,0,0
2025,2025-03-02,14,0.0,284.6,100,0,1,0,0,0
2025,2025-03-02,15,0.0,283.62,75,0,1,0,0,0
2025,2025-03-02,16,0.0,283.69,75,0,1,0,0,0
2025,2025-03-02,17,0.0,282.84,70,0,1,0,0,0
2025,2025-03-02,18,0.0,279.51,20,0,1,0,0,0
2025,2025-03-02,19,0.0,278.38,75,0,1,0,0,0
2025,2025-03-02,20,0.0,277.58,20,0,1,0,0,0
2025,2025-03-02,21,0.0,277.66,0,1,0,0,0,0
2025,2025-03-03,11,0.66,281.22,100,0,0,0,1,0
2025,2025-03-03,12,0.51,282.18,100,0,0,0,1,0
2025,2025-03-03,13,0.0,282.81,100,0,0,0,1,0
2025,2025-03-03,14,0.0,282.78,75,0,1,0,0,0
2025,2025-03-03,15,0.0,282.64,75,0,1,0,0,0
2025,2025-03-03,16,0.0,282.57,75,0,1,0,0,0
2025,2025-03-03,17,0.0,282.68,75,0,1,0,0,0
2025,2025-03-03,18,0.0,280.89,100,0,1,0,0,0
2025,2025-03-03,19,0.0,281.31,75,0,1,0,0,0
2025,2025-03-03,20,0.0,280.64,75,0,1,0,0,0
2025,2025-03-03,21,0.0,279.65,40,0,1,0,0,0
2025,2025-03-04,11,0.25,282.28,100,0,0,0,1,0
2025,2025-03-04,12,0.0,280.54,100,0,0,0,1,0
2025,2025-03-04,13,0.61,278.87,100,0,0,0,1,0
2025,2025-03-04,14,0.65,277.91,100,0,0,0,1,0
2025,2025-03-04,15,2.54,277.83,100,0,0,1,1,0
2025,2025-03-04,16,2.24,277.05,100,0,0,0,1,0
2025,2025-03-04,17,1.82,276.8,100,0,0,0,1,0
2025,2025-03-04,18,0.38,277.42,75,0,0,0,1,0
2025,2025-03-04,19,0.38,277.57,75,0,0,0,1,0
2025,2025-03-04,20,0.0,277.39,20,0,0,0,1,0
2025,2025-03-04,21,0.0,276.53,100,0,1,0,0,0
2025,2025-03-05,11,0.25,278.21,75,0,0,0,1,0
2025,2025-03-05,12,0.25,280.06,75,0,0,0,1,0
2025,2025-03-05,13,0.0,282.51,39,0,1,0,0,0
2025,2025-03-05,14,0.0,281.67,75,0,1,0,0,0
2025,2025-03-05,15,0.51,282.65,40,0,0,0,1,0
2025,2025-03-05,16,0.0,282.38,20,0,1,0,0,0
2025,2025-03-05,17,0.0,280.58,20,0,1,0,0,0
2025,2025-03-05,18,0.0,278.81,16,0,1,0,0,0
2025,2025-03-05,19,0.0,277.03,0,1,0,0,0,0
2025,2025-03-05,20,0.0,275.98,0,1,0,0,0,0
2025,2025-03-05,21,0.0,276.01,0,1,0,0,0,0
2025,2025-03-06,11,0.0,279.99,20,0,1,0,0,0
2025,2025-03-06,12,0.0,282.55,33,0,1,0,0,0
2025,2025-03-06,13,0.0,283.39,20,0,1,0,0,0
2025,2025-03-06,14,0.0,284.06,33,0,1,0,0,0
2025,2025-03-06,15,0.0,284.04,5,1,0,0,0,0
2025,2025-03-06,16,0.0,283.44,5,1,0,0,0,0
2025,2025-03-06,17,0.0,282.98,5,1,0,0,0,0
2025,2025-03-06,18,0.0,280.75,13,0,1,0,0,0
2025,2025-03-06,19,0.0,277.54,20,0,1,0,0,0
2025,2025-03-06,20,0.0,278.75,13,0,1,0,0,0
2025,2025-03-06,21,0.0,277.42,0,1,0,0,0,0
2025,2025-03-07,11,0.0,277.93,100,0,1,0,0,0
2025,2025-03-07,12,0.0,278.33,100,0,1,0,0,0
2025,2025-03-07,13,0.0,278.28,75,0,1,0,0,0
2025,2025-03-07,14,0.0,280.26,75,0,1,0,0,0
2025,2025-03-07,15,0.0,279.83,75,0,1,0,0,0
2025,2025-03-07,16,0.0,280.59,100,0,1,0,0,0
2025,2025-03-07,17,0.0,279.06,75,0,1,0,0,0
2025,2025-03-07,18,0.0,279.72,100,0,1,0,0,0
2025,2025-03-07,19,0.0,279.41,100,0,1,0,0,0
2025,2025-03-07,20,0.0,278.72,100,0,1,0,0,0
2025,2025-03-07,21,0.0,278.3,100,0,1,0,0,0
2025,2025-03-08,11,1.39,275.14,100,0,0,1,1,0
2025,2025-03-08,12,1.6,275.54,100,0,0,1,1,0
2025,2025-03-08,13,1.89,275.39,100,0,0,0,1,0
2025,2025-03-08,14,1.13,275.97,100,0,0,0,1,0
2025,2025-03-08,15,2.84,275.63,100,0,0,1,1,0
2025,2025-03-08,16,2.45,276.53,100,0,0,1,1,0
2025,2025-03-08,17,2.43,276.67,100,0,0,0,1,0
2025,2025-03-08,18,1.48,276.6,100,0,0,0,1,0
2025,2025-03-08,19,1.42,277.58,100,0,0,0,1,0
2025,2025-03-08,20,0.66,277.68,100,0,0,0,1,0
2025,2025-03-08,21,0.25,278.65,100,0,0,0,1,0
2025,2025-03-09,11,1.52,277.59,100,0,0,0,1,0
2025,2025-03-09,12,1.73,278.94,100,0,0,0,1,0
2025,2025-03-09,13,2.08,280.37,100,0,0,0,1,0
2025,2025-03-09,14,1.32,279.45,100,0,0,0,1,0
2025,2025-03-09,15,0.25,278.48,100,0,0,0,1,0
2025,2025-03-09,16,0.71,278.2,100,0,0,0,1,0
2025,2025-03-09,17,0.25,277.89,100,0,0,0,1,0
2025,2025-03-09,18,1.12,275.8,100,0,0,0,1,0
2025,2025-03-09,19,0.25,276.22,75,0,0,0,1,0
2025,2025-03-09,20,0.0,276.18,20,0,1,0,0,0
2025,2025-03-09,21,0.0,274.69,0,1,0,0,0,0
2025,2025-03-10,11,0.0,276.67,75,0,1,0,0,0
2025,2025-03-10,12,0.38,276.96,75,0,0,0,1,0
2025,2025-03-10,13,0.76,278.87,75,0,0,0,1,0
2025,2025-03-10,14,0.25,279.65,100,0,0,0,1,0
2025,2025-03-10,15,0.0,280.22,100,0,1,0,0,0
2025,2025-03-10,16,0.0,279.28,100,0,0,0,1,0
2025,2025-03-10,17,0.25,276.54,100,0,0,0,1,0
2025,2025-03-10,18,0.25,277.48,75,0,0,0,1,0
2025,2025-03-10,19,1.18,273.3,100,0,0,0,1,0
2025,2025-03-10,20,0.86,273.66,100,0,0,0,1,0
2025,2025-03-10,21,0.0,273.7,100,0,0,0,1,0
2025,2025-03-11,11,0.3,274.55,100,0,0,1,1,0
2025,2025-03-11,12,0.0,275.33,100,0,0,0,1,0
2025,2025-03-11,13,0.0,274.97,100,0,0,0,1,0
2025,2025-03-11,14,0.0,275.05,100,0,0,0,1,0
2025,2025-03-11,15,0.25,276.0,100,0,0,0,1,0
2025,2025-03-11,16,0.51,275.7,100,0,0,0,1,0
2025,2025-03-11,17,0.25,275.82,100,0,0,0,1,0
2025,2025-03-11,18,0.25,275.02,100,0,0,0,1,0
2025,2025-03-11,19,0.34,275.48,100,0,0,0,1,0
2025,2025-03-11,20,0.64,274.9,100,0,0,0,1,0
2025,2025-03-11,21,0.38,274.78,100,0,0,0,1,0
2025,2025-03-12,11,0.0,276.79,100,0,0,0,1,0
2025,2025-03-12,12,0.0,277.22,100,0,0,0,1,0
2025,2025-03-12,13,0.51,278.33,100,0,0,0,1,0
2025,2025-03-12,14,2.07,278.25,100,0,0,1,1,0
2025,2025-03-12,15,2.28,278.73,100,0,0,1,1,0
2025,2025-03-12,16,1.37,277.57,100,0,0,0,1,0
2025,2025-03-12,17,0.4,277.39,100,0,0,0,1,0
2025,2025-03-12,18,0.51,276.63,100,0,0,0,1,0
2025,2025-03-12,19,0.0,276.77,100,0,1,0,0,0
2025,2025-03-12,20,0.25,276.73,100,0,0,0,1,0
2025,2025-03-12,21,0.25,277.35,100,0,0,0,1,0
2025,2025-03-13,11,0.0,277.4,100,0,1,0,0,0
2025,2025-03-13,12,0.0,279.05,100,0,1,0,0,0
2025,2025-03-13,13,0.0,280.87,100,0,0,0,1,0
2025,2025-03-13,14,0.0,280.32,100,0,0,0,1,0
2025,2025-03-13,15,0.25,278.27,100,0,0,0,1,0
2025,2025-03-13,16,0.25,277.97,100,0,0,0,1,0
2025,2025-03-13,17,1.14,277.32,100,0,0,0,1,0
2025,2025-03-13,18,0.85,277.87,100,0,0,0,1,0
2025,2025-03-13,19,0.0,276.32,48,0,1,0,0,0
2025,2025-03-13,20,0.0,275.21,48,0,1,0,0,0
2025,2025-03-13,21,0.0,277.07,48,0,1,0,0,0
2025,2025-03-14,11,0.0,278.08,75,0,1,0,0,0
2025,2025-03-14,12,0.0,279.96,75,0,1,0,0,0
2025,2025-03-14,13,0.0,280.27,75,0,1,0,0,0
2025,2025-03-14,14,0.0,281.94,75,0,1,0,0,0
2025,2025-03-14,15,0.0,282.2,75,0,1,0,0,0
2025,2025-03-14,16,0.0,282.73,75,0,1,0,0,0
2025,2025-03-14,17,0.0,282.49,75,0,1,0,0,0
2025,2025-03-14,18,0.0,282.14,75,0,1,0,0,0
2025,2025-03-14,19,0.0,281.32,100,0,1,0,0,0
2025,2025-03-14,20,0.0,278.45,75,0,1,0,0,0
2025,2025-03-14,21,0.0,277.66,100,0,1,0,0,0
2025,2025-03-15,11,1.27,272.53,100,0,0,0,1,0
2025,2025-03-15,12,1.06,271.52,100,0,0,0,1,0
2025,2025-03-15,13,0.98,272.2,100,0,0,0,1,0
2025,2025-03-15,14,0.76,273.81,95,0,0,0,1,0
2025,2025-03-15,15,0.64,276.34,75,0,0,0,1,0
2025,2025-03-15,16,0.51,275.63,75,0,0,0,1,0
2025,2025-03-15,17,0.63,275.93,75,0,0,0,1,0
2025,2025-03-15,18,0.93,276.6,75,0,0,0,1,0
2025,2025-03-15,19,0.38,275.54,75,0,0,0,1,0
2025,2025-03-15,20,0.0,275.45,75,0,1,0,0,0
2025,2025-03-15,21,0.0,275.25,100,0,1,0,0,0
2025,2025-03-16,11,0.25,277.8,75,0,0,0,1,0
2025,2025-03-16,12,0.0,278.71,75,0,1,0,0,0
2025,2025-03-16,13,0.0,279.68,40,0,1,0,0,0
2025,2025-03-16,14,0.0,279.87,100,0,1,0,0,0
2025,2025-03-16,15,2.03,278.98,75,0,0,0,1,0
2025,2025-03-16,16,0.0,278.58,75,0,0,0,1,0
2025,2025-03-16,17,0.0,277.83,20,0,0,0,1,0
2025,2025-03-16,18,0.0,277.34,75,0,0,0,1,0
2025,2025-03-16,19,0.25,277.09,100,0,0,0,1,0
2025,2025-03-16,20,0.34,276.91,100,0,0,0,1,0
2025,2025-03-16,21,0.38,275.89,75,0,0,0,1,0
2025,2025-03-17,11,0.0,279.08,20,0,1,0,0,0
2025,2025-03-17,12,0.0,279.09,40,0,1,0,0,0
2025,2025-03-17,13,0.0,278.44,20,0,1,0,0,0
2025,2025-03-17,14,0.0,279.7,20,0,1,0,0,0
2025,2025-03-17,15,0.0,280.04,20,0,1,0,0,0
2025,2025-03-17,16,0.0,280.32,20,0,1,0,0,0
2025,2025-03-17,17,0.0,281.19,100,0,1,0,0,0
2025,2025-03-17,18,0.0,279.18,100,0,1,0,0,0
2025,2025-03-17,19,0.0,276.88,75,0,1,0,0,0
2025,2025-03-17,20,0.0,275.27,75,0,1,0,0,0
2025,2025-03-17,21,0.0,274.66,75,0,1,0,0,0
2025,2025-03-18,11,0.0,278.12,75,0,1,0,0,0
2025,2025-03-18,12,0.0,278.75,75,0,1,0,0,0
2025,2025-03-18,13,0.0,279.65,75,0,1,0,0,0
2025,2025-03-18,14,0.0,279.62,75,0,1,0,0,0
2025,2025-03-18,15,0.0,280.35,75,0,1,0,0,0
2025,2025-03-18,16,0.0,280.78,75,0,1,0,0,0
