date,hour,bill,pax,amount,amt_percentage
2024/12/01,00-01,0,0,0.00,0.00
2024/12/01,01-02,0,0,0.00,0.00
2024/12/01,02-03,0,0,0.00,0.00
2024/12/01,03-04,0,0,0.00,0.00
2024/12/01,04-05,0,0,0.00,0.00
2024/12/01,05-06,0,0,0.00,0.00
2024/12/01,06-07,0,0,0.00,0.00
2024/12/01,07-08,0,0,0.00,0.00
2024/12/01,08-09,0,0,0.00,0.00
2024/12/01,09-10,0,0,0.00,0.00
2024/12/01,10-11,0,0,0.00,0.00
2024/12/01,11-12,6,0,127.69,7.16
2024/12/01,12-13,15,0,182.11,10.21
2024/12/01,13-14,12,0,160.44,8.99
2024/12/01,14-15,15,0,166.91,9.36
2024/12/01,15-16,16,0,248.10,13.91
2024/12/01,16-17,10,0,177.78,9.97
2024/12/01,17-18,18,0,206.19,11.56
2024/12/01,18-19,10,0,111.17,6.23
2024/12/01,19-20,13,0,183.43,10.28
2024/12/01,20-21,12,0,148.55,8.33
2024/12/01,21-22,5,0,71.35,4.00
2024/12/01,22-23,0,0,0.00,0.00
2024/12/01,23-00,0,0,0.00,0.00
2024/12/02,00-01,0,0,0.00,0.00
2024/12/02,01-02,0,0,0.00,0.00
2024/12/02,02-03,0,0,0.00,0.00
2024/12/02,03-04,0,0,0.00,0.00
2024/12/02,04-05,0,0,0.00,0.00
2024/12/02,05-06,0,0,0.00,0.00
2024/12/02,06-07,0,0,0.00,0.00
2024/12/02,07-08,0,0,0.00,0.00
2024/12/02,08-09,0,0,0.00,0.00
2024/12/02,09-10,0,0,0.00,0.00
2024/12/02,10-11,0,0,0.00,0.00
2024/12/02,11-12,1,0,8.90,2.03
2024/12/02,12-13,8,0,151.89,34.61
2024/12/02,13-14,4,0,45.50,10.37
2024/12/02,14-15,6,0,138.00,31.45
2024/12/02,15-16,3,0,35.02,7.98
2024/12/02,16-17,5,0,59.49,13.56
2024/12/02,17-18,0,0,0.00,0.00
2024/12/02,18-19,0,0,0.00,0.00
2024/12/02,19-20,0,0,0.00,0.00
2024/12/02,20-21,0,0,0.00,0.00
2024/12/02,21-22,0,0,0.00,0.00
2024/12/02,22-23,0,0,0.00,0.00
2024/12/02,23-00,0,0,0.00,0.00
2024/12/03,00-01,0,0,0.00,0.00
2024/12/03,01-02,0,0,0.00,0.00
2024/12/03,02-03,0,0,0.00,0.00
2024/12/03,03-04,0,0,0.00,0.00
2024/12/03,04-05,0,0,0.00,0.00
2024/12/03,05-06,0,0,0.00,0.00
2024/12/03,06-07,0,0,0.00,0.00
2024/12/03,07-08,0,0,0.00,0.00
2024/12/03,08-09,0,0,0.00,0.00
2024/12/03,09-10,1,0,17.25,1.85
2024/12/03,10-11,0,0,0.00,0.00
2024/12/03,11-12,3,0,27.41,2.94
2024/12/03,12-13,5,0,109.06,11.70
2024/12/03,13-14,9,0,160.40,17.21
2024/12/03,14-15,10,0,120.27,12.91
2024/12/03,15-16,3,0,53.90,5.78
2024/12/03,16-17,4,0,59.92,6.43
2024/12/03,17-18,6,0,71.46,7.67
2024/12/03,18-19,13,0,146.37,15.71
2024/12/03,19-20,9,0,103.52,11.11
2024/12/03,20-21,5,0,62.36,6.69
2024/12/03,21-22,0,0,0.00,0.00
2024/12/03,22-23,0,0,0.00,0.00
2024/12/03,23-00,0,0,0.00,0.00
2024/12/04,00-01,0,0,0.00,0.00
2024/12/04,01-02,0,0,0.00,0.00
2024/12/04,02-03,0,0,0.00,0.00
2024/12/04,03-04,0,0,0.00,0.00
2024/12/04,04-05,0,0,0.00,0.00
2024/12/04,05-06,0,0,0.00,0.00
2024/12/04,06-07,0,0,0.00,0.00
2024/12/04,07-08,0,0,0.00,0.00
2024/12/04,08-09,0,0,0.00,0.00
2024/12/04,09-10,0,0,0.00,0.00
2024/12/04,10-11,0,0,0.00,0.00
2024/12/04,11-12,10,0,93.73,9.69
2024/12/04,12-13,4,0,93.96,9.71
2024/12/04,13-14,7,0,106.76,11.03
2024/12/04,14-15,9,0,132.50,13.69
2024/12/04,15-16,9,0,103.22,10.67
2024/12/04,16-17,9,0,119.69,12.37
2024/12/04,17-18,6,0,67.12,6.94
2024/12/04,18-19,8,0,111.21,11.49
2024/12/04,19-20,11,0,94.09,9.72
2024/12/04,20-21,5,0,44.60,4.61
2024/12/04,21-22,1,0,0.90,0.09
2024/12/04,22-23,0,0,0.00,0.00
2024/12/04,23-00,0,0,0.00,0.00
2024/12/05,00-01,0,0,0.00,0.00
2024/12/05,01-02,0,0,0.00,0.00
2024/12/05,02-03,0,0,0.00,0.00
2024/12/05,03-04,0,0,0.00,0.00
2024/12/05,04-05,0,0,0.00,0.00
2024/12/05,05-06,0,0,0.00,0.00
2024/12/05,06-07,0,0,0.00,0.00
2024/12/05,07-08,0,0,0.00,0.00
2024/12/05,08-09,0,0,0.00,0.00
2024/12/05,09-10,0,0,0.00,0.00
2024/12/05,10-11,0,0,0.00,0.00
2024/12/05,11-12,1,0,15.02,1.91
2024/12/05,12-13,3,0,30.61,3.90
2024/12/05,13-14,3,0,34.87,4.44
2024/12/05,14-15,14,0,175.04,22.30
2024/12/05,15-16,6,0,51.66,6.58
2024/12/05,16-17,8,0,75.51,9.62
2024/12/05,17-18,4,0,40.85,5.20
2024/12/05,18-19,10,0,96.62,12.31
2024/12/05,19-20,18,0,219.50,27.96
2024/12/05,20-21,4,0,45.37,5.78
2024/12/05,21-22,0,0,0.00,0.00
2024/12/05,22-23,0,0,0.00,0.00
2024/12/05,23-00,0,0,0.00,0.00
2024/12/06,00-01,0,0,0.00,0.00
2024/12/06,01-02,0,0,0.00,0.00
2024/12/06,02-03,0,0,0.00,0.00
2024/12/06,03-04,0,0,0.00,0.00
2024/12/06,04-05,0,0,0.00,0.00
2024/12/06,05-06,0,0,0.00,0.00
2024/12/06,06-07,0,0,0.00,0.00
2024/12/06,07-08,0,0,0.00,0.00
2024/12/06,08-09,0,0,0.00,0.00
2024/12/06,09-10,0,0,0.00,0.00
2024/12/06,10-11,0,0,0.00,0.00
2024/12/06,11-12,6,0,280.59,20.24
2024/12/06,12-13,6,0,68.24,4.92
2024/12/06,13-14,7,0,76.52,5.52
2024/12/06,14-15,7,0,90.38,6.52
2024/12/06,15-16,8,0,95.70,6.90
2024/12/06,16-17,8,0,69.33,5.00
2024/12/06,17-18,13,0,132.84,9.58
2024/12/06,18-19,12,0,140.98,10.17
2024/12/06,19-20,18,0,211.30,15.24
2024/12/06,20-21,7,0,95.75,6.91
2024/12/06,21-22,6,0,124.76,9.00
2024/12/06,22-23,0,0,0.00,0.00
2024/12/06,23-00,0,0,0.00,0.00
2024/12/07,00-01,0,0,0.00,0.00
2024/12/07,01-02,0,0,0.00,0.00
2024/12/07,02-03,0,0,0.00,0.00
2024/12/07,03-04,0,0,0.00,0.00
2024/12/07,04-05,0,0,0.00,0.00
2024/12/07,05-06,0,0,0.00,0.00
2024/12/07,06-07,0,0,0.00,0.00
2024/12/07,07-08,0,0,0.00,0.00
2024/12/07,08-09,0,0,0.00,0.00
2024/12/07,09-10,1,0,0.00,0.00
2024/12/07,10-11,0,0,0.00,0.00
2024/12/07,11-12,5,0,45.28,4.09
2024/12/07,12-13,9,0,126.35,11.42
2024/12/07,13-14,10,0,123.49,11.16
2024/12/07,14-15,13,0,148.01,13.37
2024/12/07,15-16,10,0,133.91,12.10
2024/12/07,16-17,14,0,215.19,19.44
2024/12/07,17-18,5,0,42.80,3.87
2024/12/07,18-19,10,0,90.13,8.14
2024/12/07,19-20,4,0,30.98,2.80
2024/12/07,20-21,7,0,91.83,8.30
2024/12/07,21-22,6,0,58.80,5.31
2024/12/07,22-23,0,0,0.00,0.00
2024/12/07,23-00,0,0,0.00,0.00
2024/12/08,00-01,0,0,0.00,0.00
2024/12/08,01-02,0,0,0.00,0.00
2024/12/08,02-03,0,0,0.00,0.00
2024/12/08,03-04,0,0,0.00,0.00
2024/12/08,04-05,0,0,0.00,0.00
2024/12/08,05-06,0,0,0.00,0.00
2024/12/08,06-07,0,0,0.00,0.00
2024/12/08,07-08,0,0,0.00,0.00
2024/12/08,08-09,0,0,0.00,0.00
2024/12/08,09-10,0,0,0.00,0.00
2024/12/08,10-11,0,0,0.00,0.00
2024/12/08,11-12,3,0,37.34,3.38
2024/12/08,12-13,8,0,93.78,8.48
2024/12/08,13-14,9,0,87.42,7.91
2024/12/08,14-15,13,0,124.58,11.27
2024/12/08,15-16,19,0,218.06,19.72
2024/12/08,16-17,8,0,78.33,7.08
2024/12/08,17-18,5,0,76.11,6.88
2024/12/08,18-19,11,0,117.81,10.65
2024/12/08,19-20,11,0,102.71,9.29
2024/12/08,20-21,11,0,128.40,11.61
2024/12/08,21-22,4,0,41.30,3.73
2024/12/08,22-23,0,0,0.00,0.00
2024/12/08,23-00,0,0,0.00,0.00
2024/12/09,00-01,0,0,0.00,0.00
2024/12/09,01-02,0,0,0.00,0.00
2024/12/09,02-03,0,0,0.00,0.00
2024/12/09,03-04,0,0,0.00,0.00
2024/12/09,04-05,0,0,0.00,0.00
2024/12/09,05-06,0,0,0.00,0.00
2024/12/09,06-07,0,0,0.00,0.00
2024/12/09,07-08,0,0,0.00,0.00
2024/12/09,08-09,0,0,0.00,0.00
2024/12/09,09-10,0,0,0.00,0.00
2024/12/09,10-11,0,0,0.00,0.00
2024/12/09,11-12,2,0,16.27,2.03
2024/12/09,12-13,3,0,39.75,4.96
2024/12/09,13-14,8,0,82.50,10.29
2024/12/09,14-15,6,0,117.22,14.62
2024/12/09,15-16,10,0,95.29,11.89
2024/12/09,16-17,3,0,41.56,5.19
2024/12/09,17-18,11,0,114.32,14.26
2024/12/09,18-19,11,0,119.87,14.96
2024/12/09,19-20,15,0,174.75,21.80
2024/12/09,20-21,0,0,0.00,0.00
2024/12/09,21-22,0,0,0.00,0.00
2024/12/09,22-23,0,0,0.00,0.00
2024/12/09,23-00,0,0,0.00,0.00
2024/12/10,00-01,0,0,0.00,0.00
2024/12/10,01-02,0,0,0.00,0.00
2024/12/10,02-03,0,0,0.00,0.00
2024/12/10,03-04,0,0,0.00,0.00
2024/12/10,04-05,0,0,0.00,0.00
2024/12/10,05-06,0,0,0.00,0.00
2024/12/10,06-07,0,0,0.00,0.00
2024/12/10,07-08,0,0,0.00,0.00
2024/12/10,08-09,0,0,0.00,0.00
2024/12/10,09-10,0,0,0.00,0.00
2024/12/10,10-11,0,0,0.00,0.00
2024/12/10,11-12,2,0,12.44,1.59
2024/12/10,12-13,7,0,68.02,8.71
2024/12/10,13-14,5,0,66.54,8.52
2024/12/10,14-15,13,0,158.61,20.30
2024/12/10,15-16,4,0,30.23,3.87
2024/12/10,16-17,8,0,120.34,15.40
2024/12/10,17-18,6,0,58.14,7.44
2024/12/10,18-19,3,0,28.04,3.59
2024/12/10,19-20,18,0,201.51,25.79
2024/12/10,20-21,4,0,37.43,4.79
2024/12/10,21-22,0,0,0.00,0.00
2024/12/10,22-23,0,0,0.00,0.00
2024/12/10,23-00,0,0,0.00,0.00
2024/12/11,00-01,0,0,0.00,0.00
2024/12/11,01-02,0,0,0.00,0.00
2024/12/11,02-03,0,0,0.00,0.00
2024/12/11,03-04,0,0,0.00,0.00
2024/12/11,04-05,0,0,0.00,0.00
2024/12/11,05-06,0,0,0.00,0.00
2024/12/11,06-07,0,0,0.00,0.00
2024/12/11,07-08,0,0,0.00,0.00
2024/12/11,08-09,0,0,0.00,0.00
2024/12/11,09-10,0,0,0.00,0.00
2024/12/11,10-11,0,0,0.00,0.00
2024/12/11,11-12,4,0,26.87,2.84
2024/12/11,12-13,4,0,52.72,5.58
2024/12/11,13-14,10,0,141.81,15.00
2024/12/11,14-15,2,0,28.96,3.06
2024/12/11,15-16,8,0,85.53,9.05
2024/12/11,16-17,10,0,142.63,15.09
2024/12/11,17-18,7,0,93.37,9.88
2024/12/11,18-19,13,0,161.60,17.09
2024/12/11,19-20,14,0,169.62,17.94
2024/12/11,20-21,4,0,42.22,4.47
2024/12/11,21-22,0,0,0.00,0.00
2024/12/11,22-23,0,0,0.00,0.00
2024/12/11,23-00,0,0,0.00,0.00
2025/01/12,00-01,0,0,0.00,0.00
2025/01/12,01-02,0,0,0.00,0.00
2025/01/12,02-03,0,0,0.00,0.00
2025/01/12,03-04,0,0,0.00,0.00
2025/01/12,04-05,0,0,0.00,0.00
2025/01/12,05-06,0,0,0.00,0.00
2025/01/12,06-07,0,0,0.00,0.00
2025/01/12,07-08,0,0,0.00,0.00
2025/01/12,08-09,0,0,0.00,0.00
2025/01/12,09-10,0,0,0.00,0.00
2025/01/12,10-11,0,0,0.00,0.00
2025/01/12,11-12,14,0,109.25,5.09
2025/01/12,12-13,19,0,129.96,6.05
2025/01/12,13-14,26,0,157.82,7.35
2025/01/12,14-15,46,0,283.66,13.21
2025/01/12,15-16,46,0,305.28,14.22
2025/01/12,16-17,41,0,214.51,9.99
2025/01/12,17-18,29,0,217.07,10.11
2025/01/12,18-19,34,0,230.69,10.75
2025/01/12,19-20,21,0,141.37,6.59
2025/01/12,20-21,34,0,248.42,11.57
2025/01/12,21-22,13,0,81.53,3.80
2025/01/12,22-23,2,0,27.27,1.27
2025/01/12,23-00,0,0,0.00,0.00
2024/12/13,00-01,0,0,0.00,0.00
2024/12/13,01-02,0,0,0.00,0.00
2024/12/13,02-03,0,0,0.00,0.00
2024/12/13,03-04,0,0,0.00,0.00
2024/12/13,04-05,0,0,0.00,0.00
2024/12/13,05-06,0,0,0.00,0.00
2024/12/13,06-07,0,0,0.00,0.00
2024/12/13,07-08,0,0,0.00,0.00
2024/12/13,08-09,0,0,0.00,0.00
2024/12/13,09-10,0,0,0.00,0.00
2024/12/13,10-11,0,0,0.00,0.00
2024/12/13,11-12,3,0,21.13,1.82
2024/12/13,12-13,6,0,72.62,6.25
2024/12/13,13-14,7,0,92.97,8.00
2024/12/13,14-15,8,0,151.01,12.99
2024/12/13,15-16,7,0,72.18,6.21
2024/12/13,16-17,4,0,40.33,3.47
2024/12/13,17-18,12,0,160.76,13.83
2024/12/13,18-19,11,0,131.07,11.28
2024/12/13,19-20,16,0,207.42,17.85
2024/12/13,20-21,12,0,127.09,10.94
2024/12/13,21-22,5,0,85.53,7.36
2024/12/13,22-23,0,0,0.00,0.00
2024/12/13,23-00,0,0,0.00,0.00
2024/12/14,00-01,0,0,0.00,0.00
2024/12/14,01-02,0,0,0.00,0.00
2024/12/14,02-03,0,0,0.00,0.00
2024/12/14,03-04,0,0,0.00,0.00
2024/12/14,04-05,0,0,0.00,0.00
2024/12/14,05-06,0,0,0.00,0.00
2024/12/14,06-07,0,0,0.00,0.00
2024/12/14,07-08,0,0,0.00,0.00
2024/12/14,08-09,0,0,0.00,0.00
2024/12/14,09-10,0,0,0.00,0.00
2024/12/14,10-11,0,0,0.00,0.00
2024/12/14,11-12,3,0,25.71,1.75
2024/12/14,12-13,9,0,166.73,11.33
2024/12/14,13-14,4,0,53.04,3.60
2024/12/14,14-15,11,0,132.46,9.00
2024/12/14,15-16,20,0,209.48,14.24
2024/12/14,16-17,5,0,46.77,3.18
2024/12/14,17-18,12,0,121.80,8.28
2024/12/14,18-19,13,0,175.12,11.90
2024/12/14,19-20,26,0,299.33,20.34
2024/12/14,20-21,20,0,165.46,11.25
2024/12/14,21-22,6,0,75.43,5.13
2024/12/14,22-23,0,0,0.00,0.00
2024/12/14,23-00,0,0,0.00,0.00
2024/12/15,00-01,0,0,0.00,0.00
2024/12/15,01-02,0,0,0.00,0.00
2024/12/15,02-03,0,0,0.00,0.00
2024/12/15,03-04,0,0,0.00,0.00
2024/12/15,04-05,0,0,0.00,0.00
2024/12/15,05-06,0,0,0.00,0.00
2024/12/15,06-07,0,0,0.00,0.00
2024/12/15,07-08,0,0,0.00,0.00
2024/12/15,08-09,0,0,0.00,0.00
2024/12/15,09-10,0,0,0.00,0.00
2024/12/15,10-11,0,0,0.00,0.00
2024/12/15,11-12,4,0,36.95,3.41
2024/12/15,12-13,8,0,86.46,7.97
2024/12/15,13-14,8,0,79.35,7.32
2024/12/15,14-15,10,0,101.86,9.39
2024/12/15,15-16,18,0,194.40,17.93
2024/12/15,16-17,15,0,171.92,15.85
2024/12/15,17-18,9,0,84.05,7.75
2024/12/15,18-19,11,0,119.23,10.99
2024/12/15,19-20,10,0,119.71,11.04
2024/12/15,20-21,6,0,63.27,5.83
2024/12/15,21-22,2,0,27.29,2.52
2024/12/15,22-23,0,0,0.00,0.00
2024/12/15,23-00,0,0,0.00,0.00
2024/12/16,00-01,0,0,0.00,0.00
2024/12/16,01-02,0,0,0.00,0.00
2024/12/16,02-03,0,0,0.00,0.00
2024/12/16,03-04,0,0,0.00,0.00
2024/12/16,04-05,0,0,0.00,0.00
2024/12/16,05-06,0,0,0.00,0.00
2024/12/16,06-07,0,0,0.00,0.00
2024/12/16,07-08,0,0,0.00,0.00
2024/12/16,08-09,0,0,0.00,0.00
2024/12/16,09-10,0,0,0.00,0.00
2024/12/16,10-11,0,0,0.00,0.00
2024/12/16,11-12,4,0,36.59,4.54
2024/12/16,12-13,7,0,69.50,8.62
2024/12/16,13-14,2,0,13.90,1.72
2024/12/16,14-15,7,0,69.28,8.60
2024/12/16,15-16,7,0,113.91,14.14
2024/12/16,16-17,8,0,117.46,14.58
2024/12/16,17-18,9,0,113.61,14.10
2024/12/16,18-19,10,0,116.19,14.42
2024/12/16,19-20,9,0,101.80,12.63
2024/12/16,20-21,5,0,53.56,6.65
2024/12/16,21-22,0,0,0.00,0.00
2024/12/16,22-23,0,0,0.00,0.00
2024/12/16,23-00,0,0,0.00,0.00
2024/12/17,00-01,0,0,0.00,0.00
2024/12/17,01-02,0,0,0.00,0.00
2024/12/17,02-03,0,0,0.00,0.00
2024/12/17,03-04,0,0,0.00,0.00
2024/12/17,04-05,0,0,0.00,0.00
2024/12/17,05-06,0,0,0.00,0.00
2024/12/17,06-07,0,0,0.00,0.00
2024/12/17,07-08,0,0,0.00,0.00
2024/12/17,08-09,0,0,0.00,0.00
2024/12/17,09-10,0,0,0.00,0.00
2024/12/17,10-11,0,0,0.00,0.00
2024/12/17,11-12,5,0,78.48,16.05
2024/12/17,12-13,3,0,34.42,7.04
2024/12/17,13-14,0,0,0.00,0.00
2024/12/17,14-15,3,0,29.48,6.03
2024/12/17,15-16,5,0,68.20,13.95
2024/12/17,16-17,3,0,45.25,9.25
2024/12/17,17-18,3,0,25.50,5.21
2024/12/17,18-19,6,0,66.21,13.54
2024/12/17,19-20,8,0,96.86,19.81
2024/12/17,20-21,4,0,44.60,9.12
2024/12/17,21-22,0,0,0.00,0.00
2024/12/17,22-23,0,0,0.00,0.00
2024/12/17,23-00,0,0,0.00,0.00
2024/12/18,00-01,0,0,0.00,0.00
2024/12/18,01-02,0,0,0.00,0.00
2024/12/18,02-03,0,0,0.00,0.00
2024/12/18,03-04,0,0,0.00,0.00
2024/12/18,04-05,0,0,0.00,0.00
2024/12/18,05-06,0,0,0.00,0.00
2024/12/18,06-07,0,0,0.00,0.00
2024/12/18,07-08,0,0,0.00,0.00
2024/12/18,08-09,0,0,0.00,0.00
2024/12/18,09-10,0,0,0.00,0.00
2024/12/18,10-11,0,0,0.00,0.00
2024/12/18,11-12,3,0,23.15,2.32
2024/12/18,12-13,7,0,72.36,7.26
2024/12/18,13-14,6,0,97.35,9.77
2024/12/18,14-15,5,0,111.12,11.15
2024/12/18,15-16,9,0,109.65,11.00
2024/12/18,16-17,12,0,173.46,17.41
2024/12/18,17-18,6,0,35.06,3.52
2024/12/18,18-19,13,0,156.99,15.75
2024/12/18,19-20,13,0,138.22,13.87
2024/12/18,20-21,4,0,79.25,7.95
2024/12/18,21-22,0,0,0.00,0.00
2024/12/18,22-23,0,0,0.00,0.00
2024/12/18,23-00,0,0,0.00,0.00
2024/12/19,00-01,0,0,0.00,0.00
2024/12/19,01-02,0,0,0.00,0.00
2024/12/19,02-03,0,0,0.00,0.00
2024/12/19,03-04,0,0,0.00,0.00
2024/12/19,04-05,0,0,0.00,0.00
2024/12/19,05-06,0,0,0.00,0.00
2024/12/19,06-07,0,0,0.00,0.00
2024/12/19,07-08,0,0,0.00,0.00
2024/12/19,08-09,0,0,0.00,0.00
2024/12/19,09-10,0,0,0.00,0.00
2024/12/19,10-11,0,0,0.00,0.00
2024/12/19,11-12,2,0,26.79,4.87
2024/12/19,12-13,4,0,45.43,8.27
2024/12/19,13-14,8,0,78.65,14.31
2024/12/19,14-15,4,0,32.50,5.91
2024/12/19,15-16,7,0,83.64,15.22
2024/12/19,16-17,1,0,7.25,1.32
2024/12/19,17-18,8,0,78.32,14.25
2024/12/19,18-19,6,0,58.18,10.59
2024/12/19,19-20,7,0,88.18,16.04
2024/12/19,20-21,6,0,50.65,9.22
2024/12/19,21-22,0,0,0.00,0.00
2024/12/19,22-23,0,0,0.00,0.00
2024/12/19,23-00,0,0,0.00,0.00
2024/12/20,00-01,0,0,0.00,0.00
2024/12/20,01-02,0,0,0.00,0.00
2024/12/20,02-03,0,0,0.00,0.00
2024/12/20,03-04,0,0,0.00,0.00
2024/12/20,04-05,0,0,0.00,0.00
2024/12/20,05-06,0,0,0.00,0.00
2024/12/20,06-07,0,0,0.00,0.00
2024/12/20,07-08,0,0,0.00,0.00
2024/12/20,08-09,0,0,0.00,0.00
2024/12/20,09-10,0,0,0.00,0.00
2024/12/20,10-11,0,0,0.00,0.00
2024/12/20,11-12,6,0,85.01,6.86
2024/12/20,12-13,6,0,57.40,4.63
2024/12/20,13-14,13,0,253.35,20.45
2024/12/20,14-15,9,0,188.37,15.20
2024/12/20,15-16,5,0,36.15,2.92
2024/12/20,16-17,6,0,54.36,4.39
2024/12/20,17-18,6,0,67.11,5.42
2024/12/20,18-19,9,0,109.42,8.83
2024/12/20,19-20,16,0,152.69,12.32
2024/12/20,20-21,12,0,146.89,11.86
2024/12/20,21-22,11,0,88.19,7.12
2024/12/20,22-23,0,0,0.00,0.00
2024/12/20,23-00,0,0,0.00,0.00
2024/12/21,00-01,0,0,0.00,0.00
2024/12/21,01-02,0,0,0.00,0.00
2024/12/21,02-03,0,0,0.00,0.00
2024/12/21,03-04,0,0,0.00,0.00
2024/12/21,04-05,0,0,0.00,0.00
2024/12/21,05-06,0,0,0.00,0.00
2024/12/21,06-07,0,0,0.00,0.00
2024/12/21,07-08,0,0,0.00,0.00
2024/12/21,08-09,0,0,0.00,0.00
2024/12/21,09-10,0,0,0.00,0.00
2024/12/21,10-11,0,0,0.00,0.00
2024/12/21,11-12,2,0,31.03,2.57
2024/12/21,12-13,3,0,44.58,3.69
2024/12/21,13-14,9,0,147.18,12.19
2024/12/21,14-15,11,0,152.06,12.60
2024/12/21,15-16,12,0,123.85,10.26
2024/12/21,16-17,9,0,91.18,7.55
2024/12/21,17-18,9,0,119.48,9.90
2024/12/21,18-19,4,0,54.32,4.50
2024/12/21,19-20,15,0,214.64,17.78
2024/12/21,20-21,11,0,172.43,14.29
2024/12/21,21-22,5,0,56.21,4.66
2024/12/21,22-23,0,0,0.00,0.00
2024/12/21,23-00,0,0,0.00,0.00
2024/12/22,00-01,0,0,0.00,0.00
2024/12/22,01-02,0,0,0.00,0.00
2024/12/22,02-03,0,0,0.00,0.00
2024/12/22,03-04,0,0,0.00,0.00
2024/12/22,04-05,0,0,0.00,0.00
2024/12/22,05-06,0,0,0.00,0.00
2024/12/22,06-07,0,0,0.00,0.00
2024/12/22,07-08,0,0,0.00,0.00
2024/12/22,08-09,0,0,0.00,0.00
2024/12/22,09-10,0,0,0.00,0.00
2024/12/22,10-11,0,0,0.00,0.00
2024/12/22,11-12,4,0,55.49,4.07
2024/12/22,12-13,3,0,24.35,1.79
2024/12/22,13-14,11,0,106.86,7.85
2024/12/22,14-15,7,0,90.43,6.64
2024/12/22,15-16,10,0,195.76,14.37
2024/12/22,16-17,8,0,121.10,8.89
2024/12/22,17-18,15,0,176.54,12.96
2024/12/22,18-19,13,0,146.95,10.79
2024/12/22,19-20,21,0,222.21,16.32
2024/12/22,20-21,12,0,216.66,15.91
2024/12/22,21-22,1,0,5.58,0.41
2024/12/22,22-23,0,0,0.00,0.00
2024/12/22,23-00,0,0,0.00,0.00
2024/12/23,00-01,0,0,0.00,0.00
2024/12/23,01-02,0,0,0.00,0.00
2024/12/23,02-03,0,0,0.00,0.00
2024/12/23,03-04,0,0,0.00,0.00
2024/12/23,04-05,0,0,0.00,0.00
2024/12/23,05-06,0,0,0.00,0.00
2024/12/23,06-07,0,0,0.00,0.00
2024/12/23,07-08,0,0,0.00,0.00
2024/12/23,08-09,0,0,0.00,0.00
2024/12/23,09-10,0,0,0.00,0.00
2024/12/23,10-11,0,0,0.00,0.00
2024/12/23,11-12,3,0,70.35,5.20
2024/12/23,12-13,10,0,124.30,9.18
2024/12/23,13-14,12,0,141.61,10.46
2024/12/23,14-15,11,0,137.21,10.14
2024/12/23,15-16,8,0,112.46,8.31
2024/12/23,16-17,10,0,103.68,7.66
2024/12/23,17-18,11,0,141.06,10.42
2024/12/23,18-19,10,0,103.75,7.67
2024/12/23,19-20,16,0,230.04,17.00
2024/12/23,20-21,7,0,126.51,9.35
2024/12/23,21-22,3,0,62.41,4.61
2024/12/23,22-23,0,0,0.00,0.00
2024/12/23,23-00,0,0,0.00,0.00
2024/12/24,00-01,0,0,0.00,0.00
2024/12/24,01-02,0,0,0.00,0.00
2024/12/24,02-03,0,0,0.00,0.00
2024/12/24,03-04,0,0,0.00,0.00
2024/12/24,04-05,0,0,0.00,0.00
2024/12/24,05-06,0,0,0.00,0.00
2024/12/24,06-07,0,0,0.00,0.00
2024/12/24,07-08,0,0,0.00,0.00
2024/12/24,08-09,0,0,0.00,0.00
2024/12/24,09-10,0,0,0.00,0.00
2024/12/24,10-11,0,0,0.00,0.00
2024/12/24,11-12,3,0,50.43,6.01
2024/12/24,12-13,10,0,110.00,13.10
2024/12/24,13-14,9,0,108.29,12.90
2024/12/24,14-15,22,0,212.68,25.33
2024/12/24,15-16,21,0,220.90,26.30
2024/12/24,16-17,10,0,137.47,16.37
2024/12/24,17-18,0,0,0.00,0.00
2024/12/24,18-19,0,0,0.00,0.00
2024/12/24,19-20,0,0,0.00,0.00
2024/12/24,20-21,0,0,0.00,0.00
2024/12/24,21-22,0,0,0.00,0.00
2024/12/24,22-23,0,0,0.00,0.00
2024/12/24,23-00,0,0,0.00,0.00
2024/12/25,00-01,0,0,0.00,0.00
2024/12/25,01-02,0,0,0.00,0.00
2024/12/25,02-03,0,0,0.00,0.00
2024/12/25,03-04,0,0,0.00,0.00
2024/12/25,04-05,0,0,0.00,0.00
2024/12/25,05-06,0,0,0.00,0.00
2024/12/25,06-07,0,0,0.00,0.00
2024/12/25,07-08,0,0,0.00,0.00
2024/12/25,08-09,0,0,0.00,0.00
2024/12/25,09-10,0,0,0.00,0.00
2024/12/25,10-11,0,0,0.00,0.00
2024/12/25,11-12,2,0,32.66,1.83
2024/12/25,12-13,12,0,170.14,9.55
2024/12/25,13-14,8,0,150.26,8.43
2024/12/25,14-15,8,0,96.99,5.44
2024/12/25,15-16,18,0,262.17,14.71
2024/12/25,16-17,11,0,206.82,11.60
2024/12/25,17-18,9,0,131.36,7.37
2024/12/25,18-19,21,0,269.04,15.09
2024/12/25,19-20,15,0,210.81,11.83
2024/12/25,20-21,14,0,183.72,10.31
2024/12/25,21-22,6,0,68.39,3.84
2024/12/25,22-23,0,0,0.00,0.00
2024/12/25,23-00,0,0,0.00,0.00
2024/12/26,00-01,0,0,0.00,0.00
2024/12/26,01-02,0,0,0.00,0.00
2024/12/26,02-03,0,0,0.00,0.00
2024/12/26,03-04,0,0,0.00,0.00
2024/12/26,04-05,0,0,0.00,0.00
2024/12/26,05-06,0,0,0.00,0.00
2024/12/26,06-07,0,0,0.00,0.00
2024/12/26,07-08,0,0,0.00,0.00
2024/12/26,08-09,0,0,0.00,0.00
2024/12/26,09-10,0,0,0.00,0.00
2024/12/26,10-11,0,0,0.00,0.00
2024/12/26,11-12,2,0,44.29,2.85
2024/12/26,12-13,5,0,59.07,3.81
2024/12/26,13-14,6,0,75.14,4.84
2024/12/26,14-15,18,0,221.10,14.24
2024/12/26,15-16,7,0,87.56,5.64
2024/12/26,16-17,19,0,261.45,16.84
2024/12/26,17-18,15,0,181.08,11.67
2024/12/26,18-19,11,0,174.37,11.23
2024/12/26,19-20,14,0,246.03,15.85
2024/12/26,20-21,12,0,156.46,10.08
2024/12/26,21-22,4,0,45.74,2.95
2024/12/26,22-23,0,0,0.00,0.00
2024/12/26,23-00,0,0,0.00,0.00
2024/12/27,00-01,0,0,0.00,0.00
2024/12/27,01-02,0,0,0.00,0.00
2024/12/27,02-03,0,0,0.00,0.00
2024/12/27,03-04,0,0,0.00,0.00
2024/12/27,04-05,0,0,0.00,0.00
2024/12/27,05-06,0,0,0.00,0.00
2024/12/27,06-07,0,0,0.00,0.00
2024/12/27,07-08,0,0,0.00,0.00
2024/12/27,08-09,0,0,0.00,0.00
2024/12/27,09-10,0,0,0.00,0.00
2024/12/27,10-11,0,0,0.00,0.00
2024/12/27,11-12,0,0,0.00,0.00
2024/12/27,12-13,5,0,46.86,3.90
2024/12/27,13-14,8,0,116.34,9.68
2024/12/27,14-15,17,0,183.54,15.28
2024/12/27,15-16,16,0,201.31,16.76
2024/12/27,16-17,11,0,132.50,11.03
2024/12/27,17-18,8,0,101.78,8.47
2024/12/27,18-19,5,0,67.07,5.58
2024/12/27,19-20,11,0,187.57,15.61
2024/12/27,20-21,8,0,83.12,6.92
2024/12/27,21-22,7,0,81.38,6.77
2024/12/27,22-23,0,0,0.00,0.00
2024/12/27,23-00,0,0,0.00,0.00
2024/12/28,00-01,0,0,0.00,0.00
2024/12/28,01-02,0,0,0.00,0.00
2024/12/28,02-03,0,0,0.00,0.00
2024/12/28,03-04,0,0,0.00,0.00
2024/12/28,04-05,0,0,0.00,0.00
2024/12/28,05-06,0,0,0.00,0.00
2024/12/28,06-07,0,0,0.00,0.00
2024/12/28,07-08,0,0,0.00,0.00
2024/12/28,08-09,0,0,0.00,0.00
2024/12/28,09-10,0,0,0.00,0.00
2024/12/28,10-11,0,0,0.00,0.00
2024/12/28,11-12,3,0,26.54,1.70
2024/12/28,12-13,5,0,64.15,4.12
2024/12/28,13-14,11,0,232.84,14.95
2024/12/28,14-15,7,0,82.28,5.28
2024/12/28,15-16,15,0,200.71,12.89
2024/12/28,16-17,15,0,165.50,10.63
2024/12/28,17-18,16,0,187.91,12.07
2024/12/28,18-19,10,0,119.46,7.67
2024/12/28,19-20,12,0,168.04,10.79
2024/12/28,20-21,23,0,290.41,18.65
2024/12/28,21-22,2,0,19.34,1.24
2024/12/28,22-23,0,0,0.00,0.00
2024/12/28,23-00,0,0,0.00,0.00
2024/12/29,00-01,0,0,0.00,0.00
2024/12/29,01-02,0,0,0.00,0.00
2024/12/29,02-03,0,0,0.00,0.00
2024/12/29,03-04,0,0,0.00,0.00
2024/12/29,04-05,0,0,0.00,0.00
2024/12/29,05-06,0,0,0.00,0.00
2024/12/29,06-07,0,0,0.00,0.00
2024/12/29,07-08,0,0,0.00,0.00
2024/12/29,08-09,0,0,0.00,0.00
2024/12/29,09-10,0,0,0.00,0.00
2024/12/29,10-11,0,0,0.00,0.00
2024/12/29,11-12,3,0,47.23,3.19
2024/12/29,12-13,6,0,92.91,6.27
2024/12/29,13-14,8,0,83.90,5.67
2024/12/29,14-15,17,0,190.77,12.88
2024/12/29,15-16,9,0,129.52,8.75
2024/12/29,16-17,15,0,199.73,13.49
2024/12/29,17-18,10,0,134.47,9.08
2024/12/29,18-19,11,0,131.15,8.86
2024/12/29,19-20,21,0,241.08,16.28
2024/12/29,20-21,14,0,178.83,12.08
2024/12/29,21-22,6,0,51.08,3.45
2024/12/29,22-23,0,0,0.00,0.00
2024/12/29,23-00,0,0,0.00,0.00
2024/12/30,00-01,0,0,0.00,0.00
2024/12/30,01-02,0,0,0.00,0.00
2024/12/30,02-03,0,0,0.00,0.00
2024/12/30,03-04,0,0,0.00,0.00
2024/12/30,04-05,0,0,0.00,0.00
2024/12/30,05-06,0,0,0.00,0.00
2024/12/30,06-07,0,0,0.00,0.00
2024/12/30,07-08,0,0,0.00,0.00
2024/12/30,08-09,0,0,0.00,0.00
2024/12/30,09-10,0,0,0.00,0.00
2024/12/30,10-11,0,0,0.00,0.00
2024/12/30,11-12,1,0,35.40,3.15
2024/12/30,12-13,6,0,58.46,5.21
2024/12/30,13-14,9,0,102.10,9.09
2024/12/30,14-15,8,0,141.78,12.63
2024/12/30,15-16,14,0,159.28,14.18
2024/12/30,16-17,6,0,57.50,5.12
2024/12/30,17-18,6,0,66.65,5.94
2024/12/30,18-19,9,0,94.42,8.41
2024/12/30,19-20,13,0,167.33,14.90
2024/12/30,20-21,16,0,210.66,18.76
2024/12/30,21-22,1,0,29.30,2.61
2024/12/30,22-23,0,0,0.00,0.00
2024/12/30,23-00,0,0,0.00,0.00
2024/12/31,00-01,0,0,0.00,0.00
2024/12/31,01-02,0,0,0.00,0.00
2024/12/31,02-03,0,0,0.00,0.00
2024/12/31,03-04,0,0,0.00,0.00
2024/12/31,04-05,0,0,0.00,0.00
2024/12/31,05-06,0,0,0.00,0.00
2024/12/31,06-07,0,0,0.00,0.00
2024/12/31,07-08,0,0,0.00,0.00
2024/12/31,08-09,0,0,0.00,0.00
2024/12/31,09-10,0,0,0.00,0.00
2024/12/31,10-11,0,0,0.00,0.00
2024/12/31,11-12,2,0,16.60,0.97
2024/12/31,12-13,12,0,134.57,7.87
2024/12/31,13-14,7,0,68.71,4.02
2024/12/31,14-15,9,0,95.72,5.60
2024/12/31,15-16,14,0,133.95,7.83
2024/12/31,16-17,26,0,366.12,21.41
2024/12/31,17-18,13,0,140.24,8.20
2024/12/31,18-19,14,0,197.76,11.57
2024/12/31,19-20,22,0,217.66,12.73
2024/12/31,20-21,23,0,270.55,15.82
2024/12/31,21-22,7,0,67.89,3.97
2024/12/31,22-23,0,0,0.00,0.00
2024/12/31,23-00,0,0,0.00,0.00
2025/01/01,00-01,0,0,0.00,0.00
2025/01/01,01-02,0,0,0.00,0.00
2025/01/01,02-03,0,0,0.00,0.00
2025/01/01,03-04,0,0,0.00,0.00
2025/01/01,04-05,0,0,0.00,0.00
2025/01/01,05-06,0,0,0.00,0.00
2025/01/01,06-07,0,0,0.00,0.00
2025/01/01,07-08,0,0,0.00,0.00
2025/01/01,08-09,0,0,0.00,0.00
2025/01/01,09-10,0,0,0.00,0.00
2025/01/01,10-11,0,0,0.00,0.00
2025/01/01,11-12,0,0,0.00,0.00
2025/01/01,12-13,9,0,68.96,4.43
2025/01/01,13-14,8,0,97.37,6.25
2025/01/01,14-15,10,0,111.63,7.17
2025/01/01,15-16,14,0,163.10,10.47
2025/01/01,16-17,17,0,205.40,13.19
2025/01/01,17-18,10,0,129.50,8.31
2025/01/01,18-19,18,0,219.31,14.08
2025/01/01,19-20,9,0,91.03,5.84
2025/01/01,20-21,25,0,124.90,8.02
2025/01/01,21-22,13,0,280.56,18.01
2025/01/01,22-23,5,0,66.07,4.24
2025/01/01,23-00,0,0,0.00,0.00
2025/01/02,00-01,0,0,0.00,0.00
2025/01/02,01-02,0,0,0.00,0.00
2025/01/02,02-03,0,0,0.00,0.00
2025/01/02,03-04,0,0,0.00,0.00
2025/01/02,04-05,0,0,0.00,0.00
2025/01/02,05-06,0,0,0.00,0.00
2025/01/02,06-07,0,0,0.00,0.00
2025/01/02,07-08,0,0,0.00,0.00
2025/01/02,08-09,0,0,0.00,0.00
2025/01/02,09-10,0,0,0.00,0.00
2025/01/02,10-11,0,0,0.00,0.00
2025/01/02,11-12,5,0,66.36,7.72
2025/01/02,12-13,6,0,64.50,7.51
2025/01/02,13-14,2,0,20.13,2.34
2025/01/02,14-15,4,0,53.55,6.23
2025/01/02,15-16,6,0,70.66,8.22
2025/01/02,16-17,10,0,92.27,10.74
2025/01/02,17-18,5,0,52.43,6.10
2025/01/02,18-19,21,0,232.54,27.07
2025/01/02,19-20,7,0,97.85,11.39
2025/01/02,20-21,10,0,108.82,12.67
2025/01/02,21-22,0,0,0.00,0.00
2025/01/02,22-23,0,0,0.00,0.00
2025/01/02,23-00,0,0,0.00,0.00
2025/01/03,00-01,0,0,0.00,0.00
2025/01/03,01-02,0,0,0.00,0.00
2025/01/03,02-03,0,0,0.00,0.00
2025/01/03,03-04,0,0,0.00,0.00
2025/01/03,04-05,0,0,0.00,0.00
2025/01/03,05-06,0,0,0.00,0.00
2025/01/03,06-07,0,0,0.00,0.00
2025/01/03,07-08,0,0,0.00,0.00
2025/01/03,08-09,0,0,0.00,0.00
2025/01/03,09-10,0,0,0.00,0.00
2025/01/03,10-11,0,0,0.00,0.00
2025/01/03,11-12,2,0,31.90,3.06
2025/01/03,12-13,0,0,0.00,0.00
2025/01/03,13-14,10,0,130.64,12.54
2025/01/03,14-15,4,0,35.65,3.42
2025/01/03,15-16,12,0,165.15,15.86
2025/01/03,16-17,6,0,64.23,6.17
2025/01/03,17-18,11,0,135.23,12.98
2025/01/03,18-19,13,0,175.60,16.86
2025/01/03,19-20,12,0,139.06,13.35
2025/01/03,20-21,9,0,98.19,9.43
2025/01/03,21-22,6,0,65.83,6.32
2025/01/03,22-23,0,0,0.00,0.00
2025/01/03,23-00,0,0,0.00,0.00
2025/01/04,00-01,0,0,0.00,0.00
2025/01/04,01-02,0,0,0.00,0.00
2025/01/04,02-03,0,0,0.00,0.00
2025/01/04,03-04,0,0,0.00,0.00
2025/01/04,04-05,0,0,0.00,0.00
2025/01/04,05-06,0,0,0.00,0.00
2025/01/04,06-07,0,0,0.00,0.00
2025/01/04,07-08,0,0,0.00,0.00
2025/01/04,08-09,0,0,0.00,0.00
2025/01/04,09-10,0,0,0.00,0.00
2025/01/04,10-11,0,0,0.00,0.00
2025/01/04,11-12,4,0,49.79,4.32
2025/01/04,12-13,4,0,42.27,3.67
2025/01/04,13-14,7,0,50.95,4.42
2025/01/04,14-15,12,0,130.10,11.29
2025/01/04,15-16,7,0,128.38,11.14
2025/01/04,16-17,8,0,104.11,9.03
2025/01/04,17-18,6,0,79.71,6.92
2025/01/04,18-19,10,0,73.87,6.41
2025/01/04,19-20,11,0,157.77,13.69
2025/01/04,20-21,18,0,258.06,22.39
2025/01/04,21-22,6,0,77.55,6.73
2025/01/04,22-23,0,0,0.00,0.00
2025/01/04,23-00,0,0,0.00,0.00
2025/01/05,00-01,0,0,0.00,0.00
2025/01/05,01-02,0,0,0.00,0.00
2025/01/05,02-03,0,0,0.00,0.00
2025/01/05,03-04,0,0,0.00,0.00
2025/01/05,04-05,0,0,0.00,0.00
2025/01/05,05-06,0,0,0.00,0.00
2025/01/05,06-07,0,0,0.00,0.00
2025/01/05,07-08,0,0,0.00,0.00
2025/01/05,08-09,0,0,0.00,0.00
2025/01/05,09-10,0,0,0.00,0.00
2025/01/05,10-11,0,0,0.00,0.00
2025/01/05,11-12,2,0,31.48,2.60
2025/01/05,12-13,10,0,101.62,8.40
2025/01/05,13-14,5,0,57.76,4.77
2025/01/05,14-15,4,0,60.28,4.98
2025/01/05,15-16,12,0,132.44,10.94
2025/01/05,16-17,19,0,252.75,20.88
2025/01/05,17-18,13,0,140.97,11.65
2025/01/05,18-19,15,0,147.38,12.18
2025/01/05,19-20,11,0,119.49,9.87
2025/01/05,20-21,11,0,114.65,9.47
2025/01/05,21-22,3,0,51.65,4.27
2025/01/05,22-23,0,0,0.00,0.00
2025/01/05,23-00,0,0,0.00,0.00
2025/01/06,00-01,0,0,0.00,0.00
2025/01/06,01-02,0,0,0.00,0.00
2025/01/06,02-03,0,0,0.00,0.00
2025/01/06,03-04,0,0,0.00,0.00
2025/01/06,04-05,0,0,0.00,0.00
2025/01/06,05-06,0,0,0.00,0.00
2025/01/06,06-07,0,0,0.00,0.00
2025/01/06,07-08,0,0,0.00,0.00
2025/01/06,08-09,0,0,0.00,0.00
2025/01/06,09-10,0,0,0.00,0.00
2025/01/06,10-11,0,0,0.00,0.00
2025/01/06,11-12,1,0,15.47,2.11
2025/01/06,12-13,7,0,102.88,14.02
2025/01/06,13-14,5,0,65.56,8.94
2025/01/06,14-15,5,0,58.22,7.94
2025/01/06,15-16,6,0,81.13,11.06
2025/01/06,16-17,8,0,114.76,15.64
2025/01/06,17-18,5,0,55.64,7.58
2025/01/06,18-19,7,0,81.08,11.05
2025/01/06,19-20,10,0,99.82,13.61
2025/01/06,20-21,9,0,59.05,8.05
2025/01/06,21-22,0,0,0.00,0.00
2025/01/06,22-23,0,0,0.00,0.00
2025/01/06,23-00,0,0,0.00,0.00
2025/01/07,00-01,0,0,0.00,0.00
2025/01/07,01-02,0,0,0.00,0.00
2025/01/07,02-03,0,0,0.00,0.00
2025/01/07,03-04,0,0,0.00,0.00
2025/01/07,04-05,0,0,0.00,0.00
2025/01/07,05-06,0,0,0.00,0.00
2025/01/07,06-07,0,0,0.00,0.00
2025/01/07,07-08,0,0,0.00,0.00
2025/01/07,08-09,0,0,0.00,0.00
2025/01/07,09-10,0,0,0.00,0.00
2025/01/07,10-11,0,0,0.00,0.00
2025/01/07,11-12,5,0,40.42,6.37
2025/01/07,12-13,3,0,22.43,3.54
2025/01/07,13-14,5,0,56.81,8.96
2025/01/07,14-15,4,0,72.92,11.49
2025/01/07,15-16,5,0,51.65,8.14
2025/01/07,16-17,5,0,61.43,9.68
2025/01/07,17-18,8,0,93.27,14.70
2025/01/07,18-19,7,0,72.84,11.48
2025/01/07,19-20,4,0,56.12,8.85
2025/01/07,20-21,10,0,106.50,16.79
2025/01/07,21-22,0,0,0.00,0.00
2025/01/07,22-23,0,0,0.00,0.00
2025/01/07,23-00,0,0,0.00,0.00
2025/01/08,00-01,0,0,0.00,0.00
2025/01/08,01-02,0,0,0.00,0.00
2025/01/08,02-03,0,0,0.00,0.00
2025/01/08,03-04,0,0,0.00,0.00
2025/01/08,04-05,0,0,0.00,0.00
2025/01/08,05-06,0,0,0.00,0.00
2025/01/08,06-07,0,0,0.00,0.00
2025/01/08,07-08,0,0,0.00,0.00
2025/01/08,08-09,0,0,0.00,0.00
2025/01/08,09-10,0,0,0.00,0.00
2025/01/08,10-11,0,0,0.00,0.00
2025/01/08,11-12,5,0,200.76,21.27
2025/01/08,12-13,6,0,71.18,7.54
2025/01/08,13-14,10,0,132.52,14.04
2025/01/08,14-15,6,0,143.25,15.17
2025/01/08,15-16,8,0,109.88,11.64
2025/01/08,16-17,3,0,33.05,3.50
2025/01/08,17-18,4,0,42.10,4.46
2025/01/08,18-19,8,0,94.39,10.00
2025/01/08,19-20,12,0,89.35,9.46
2025/01/08,20-21,3,0,27.60,2.92
2025/01/08,21-22,0,0,0.00,0.00
2025/01/08,22-23,0,0,0.00,0.00
2025/01/08,23-00,0,0,0.00,0.00
2025/01/09,00-01,0,0,0.00,0.00
2025/01/09,01-02,0,0,0.00,0.00
2025/01/09,02-03,0,0,0.00,0.00
2025/01/09,03-04,0,0,0.00,0.00
2025/01/09,04-05,0,0,0.00,0.00
2025/01/09,05-06,0,0,0.00,0.00
2025/01/09,06-07,0,0,0.00,0.00
2025/01/09,07-08,0,0,0.00,0.00
2025/01/09,08-09,0,0,0.00,0.00
2025/01/09,09-10,0,0,0.00,0.00
2025/01/09,10-11,0,0,0.00,0.00
2025/01/09,11-12,2,0,20.14,2.59
2025/01/09,12-13,3,0,61.84,7.94
2025/01/09,13-14,8,0,71.75,9.22
2025/01/09,14-15,9,0,86.90,11.16
2025/01/09,15-16,7,0,65.55,8.42
2025/01/09,16-17,12,0,110.75,14.23
2025/01/09,17-18,17,0,162.34,20.86
2025/01/09,18-19,9,0,83.41,10.72
2025/01/09,19-20,10,0,94.34,12.12
2025/01/09,20-21,3,0,21.40,2.75
2025/01/09,21-22,0,0,0.00,0.00
2025/01/09,22-23,0,0,0.00,0.00
2025/01/09,23-00,0,0,0.00,0.00
2025/01/10,00-01,0,0,0.00,0.00
2025/01/10,01-02,0,0,0.00,0.00
2025/01/10,02-03,0,0,0.00,0.00
2025/01/10,03-04,0,0,0.00,0.00
2025/01/10,04-05,0,0,0.00,0.00
2025/01/10,05-06,0,0,0.00,0.00
2025/01/10,06-07,0,0,0.00,0.00
2025/01/10,07-08,0,0,0.00,0.00
2025/01/10,08-09,0,0,0.00,0.00
2025/01/10,09-10,0,0,0.00,0.00
2025/01/10,10-11,0,0,0.00,0.00
2025/01/10,11-12,6,0,32.76,2.29
2025/01/10,12-13,8,0,141.57,9.90
2025/01/10,13-14,16,0,146.75,10.26
2025/01/10,14-15,6,0,87.76,6.14
2025/01/10,15-16,10,0,137.44,9.61
2025/01/10,16-17,9,0,92.31,6.46
2025/01/10,17-18,9,0,88.42,6.18
2025/01/10,18-19,18,0,199.73,13.97
2025/01/10,19-20,17,0,192.73,13.48
2025/01/10,20-21,11,0,191.61,13.40
2025/01/10,21-22,10,0,118.54,8.29
2025/01/10,22-23,0,0,0.00,0.00
2025/01/10,23-00,0,0,0.00,0.00
2025/01/11,00-01,0,0,0.00,0.00
2025/01/11,01-02,0,0,0.00,0.00
2025/01/11,02-03,0,0,0.00,0.00
2025/01/11,03-04,0,0,0.00,0.00
2025/01/11,04-05,0,0,0.00,0.00
2025/01/11,05-06,0,0,0.00,0.00
2025/01/11,06-07,0,0,0.00,0.00
2025/01/11,07-08,0,0,0.00,0.00
2025/01/11,08-09,0,0,0.00,0.00
2025/01/11,09-10,0,0,0.00,0.00
2025/01/11,10-11,0,0,0.00,0.00
2025/01/11,11-12,7,0,70.42,3.60
2025/01/11,12-13,16,0,114.40,5.85
2025/01/11,13-14,20,0,167.47,8.56
2025/01/11,14-15,34,0,250.66,12.81
2025/01/11,15-16,29,0,202.58,10.36
2025/01/11,16-17,30,0,203.52,10.40
2025/01/11,17-18,22,0,146.47,7.49
2025/01/11,18-19,30,0,201.81,10.32
2025/01/11,19-20,38,0,251.95,12.88
2025/01/11,20-21,34,0,232.55,11.89
2025/01/11,21-22,13,0,114.45,5.85
2025/01/11,22-23,0,0,0.00,0.00
2025/01/11,23-00,0,0,0.00,0.00
2025/01/12,00-01,0,0,0.00,0.00
2025/01/12,01-02,0,0,0.00,0.00
2025/01/12,02-03,0,0,0.00,0.00
2025/01/12,03-04,0,0,0.00,0.00
2025/01/12,04-05,0,0,0.00,0.00
2025/01/12,05-06,0,0,0.00,0.00
2025/01/12,06-07,0,0,0.00,0.00
2025/01/12,07-08,0,0,0.00,0.00
2025/01/12,08-09,0,0,0.00,0.00
2025/01/12,09-10,0,0,0.00,0.00
2025/01/12,10-11,0,0,0.00,0.00
2025/01/12,11-12,14,0,109.25,5.09
2025/01/12,12-13,19,0,129.96,6.05
2025/01/12,13-14,26,0,157.82,7.35
2025/01/12,14-15,46,0,283.66,13.21
2025/01/12,15-16,46,0,305.28,14.22
2025/01/12,16-17,41,0,214.51,9.99
2025/01/12,17-18,29,0,217.07,10.11
2025/01/12,18-19,34,0,230.69,10.75
2025/01/12,19-20,21,0,141.37,6.59
2025/01/12,20-21,34,0,248.42,11.57
2025/01/12,21-22,13,0,81.53,3.80
2025/01/12,22-23,2,0,27.27,1.27
2025/01/12,23-00,0,0,0.00,0.00
2025/01/13,00-01,0,0,0.00,0.00
2025/01/13,01-02,0,0,0.00,0.00
2025/01/13,02-03,0,0,0.00,0.00
2025/01/13,03-04,0,0,0.00,0.00
2025/01/13,04-05,0,0,0.00,0.00
2025/01/13,05-06,0,0,0.00,0.00
2025/01/13,06-07,0,0,0.00,0.00
2025/01/13,07-08,0,0,0.00,0.00
2025/01/13,08-09,0,0,0.00,0.00
2025/01/13,09-10,0,0,0.00,0.00
2025/01/13,10-11,0,0,0.00,0.00
2025/01/13,11-12,4,0,41.46,4.39
2025/01/13,12-13,4,0,90.58,9.59
2025/01/13,13-14,8,0,59.95,6.35
2025/01/13,14-15,8,0,142.56,15.09
2025/01/13,15-16,8,0,106.87,11.31
2025/01/13,16-17,9,0,107.56,11.39
2025/01/13,17-18,7,0,66.20,7.01
2025/01/13,18-19,16,0,154.87,16.39
2025/01/13,19-20,10,0,121.29,12.84
2025/01/13,20-21,8,0,53.37,5.65
2025/01/13,21-22,0,0,0.00,0.00
2025/01/13,22-23,0,0,0.00,0.00
2025/01/13,23-00,0,0,0.00,0.00
2025/01/14,00-01,0,0,0.00,0.00
2025/01/14,01-02,0,0,0.00,0.00
2025/01/14,02-03,0,0,0.00,0.00
2025/01/14,03-04,0,0,0.00,0.00
2025/01/14,04-05,0,0,0.00,0.00
2025/01/14,05-06,0,0,0.00,0.00
2025/01/14,06-07,0,0,0.00,0.00
2025/01/14,07-08,0,0,0.00,0.00
2025/01/14,08-09,0,0,0.00,0.00
2025/01/14,09-10,0,0,0.00,0.00
2025/01/14,10-11,0,0,0.00,0.00
2025/01/14,11-12,8,0,93.37,11.02
2025/01/14,12-13,7,0,115.73,13.66
2025/01/14,13-14,7,0,52.82,6.24
2025/01/14,14-15,8,0,97.72,11.54
2025/01/14,15-16,10,0,142.27,16.80
2025/01/14,16-17,5,0,49.28,5.81
2025/01/14,17-18,4,0,64.41,7.60
2025/01/14,18-19,11,0,117.97,13.92
2025/01/14,19-20,12,0,94.87,11.20
2025/01/14,20-21,8,0,61.22,7.23
2025/01/14,21-22,0,0,0.00,0.00
2025/01/14,22-23,0,0,0.00,0.00
2025/01/14,23-00,0,0,0.00,0.00
2025/01/15,00-01,0,0,0.00,0.00
2025/01/15,01-02,0,0,0.00,0.00
2025/01/15,02-03,0,0,0.00,0.00
2025/01/15,03-04,0,0,0.00,0.00
2025/01/15,04-05,0,0,0.00,0.00
2025/01/15,05-06,0,0,0.00,0.00
2025/01/15,06-07,0,0,0.00,0.00
2025/01/15,07-08,0,0,0.00,0.00
2025/01/15,08-09,0,0,0.00,0.00
2025/01/15,09-10,0,0,0.00,0.00
2025/01/15,10-11,0,0,0.00,0.00
2025/01/15,11-12,3,0,23.30,2.21
2025/01/15,12-13,12,0,109.72,10.41
2025/01/15,13-14,4,0,53.89,5.11
2025/01/15,14-15,11,0,140.90,13.37
2025/01/15,15-16,15,0,128.22,12.17
2025/01/15,16-17,11,0,118.36,11.23
2025/01/15,17-18,7,0,73.84,7.01
2025/01/15,18-19,14,0,123.94,11.76
2025/01/15,19-20,15,0,142.41,13.52
2025/01/15,20-21,12,0,138.99,13.19
2025/01/15,21-22,0,0,0.00,0.00
2025/01/15,22-23,0,0,0.00,0.00
2025/01/15,23-00,0,0,0.00,0.00
2025/01/16,00-01,0,0,0.00,0.00
2025/01/16,01-02,0,0,0.00,0.00
2025/01/16,02-03,0,0,0.00,0.00
2025/01/16,03-04,0,0,0.00,0.00
2025/01/16,04-05,0,0,0.00,0.00
2025/01/16,05-06,0,0,0.00,0.00
2025/01/16,06-07,0,0,0.00,0.00
2025/01/16,07-08,0,0,0.00,0.00
2025/01/16,08-09,0,0,0.00,0.00
2025/01/16,09-10,0,0,0.00,0.00
2025/01/16,10-11,0,0,0.00,0.00
2025/01/16,11-12,7,0,65.48,7.01
2025/01/16,12-13,9,0,79.21,8.47
2025/01/16,13-14,12,0,93.37,9.99
2025/01/16,14-15,7,0,127.37,13.63
2025/01/16,15-16,15,0,123.86,13.25
2025/01/16,16-17,18,0,138.05,14.77
2025/01/16,17-18,10,0,67.82,7.26
2025/01/16,18-19,11,0,92.09,9.85
2025/01/16,19-20,14,0,113.20,12.11
2025/01/16,20-21,4,0,34.30,3.67
2025/01/16,21-22,0,0,0.00,0.00
2025/01/16,22-23,0,0,0.00,0.00
2025/01/16,23-00,0,0,0.00,0.00
2025/01/17,00-01,0,0,0.00,0.00
2025/01/17,01-02,0,0,0.00,0.00
2025/01/17,02-03,0,0,0.00,0.00
2025/01/17,03-04,0,0,0.00,0.00
2025/01/17,04-05,0,0,0.00,0.00
2025/01/17,05-06,0,0,0.00,0.00
2025/01/17,06-07,0,0,0.00,0.00
2025/01/17,07-08,0,0,0.00,0.00
2025/01/17,08-09,0,0,0.00,0.00
2025/01/17,09-10,0,0,0.00,0.00
2025/01/17,10-11,0,0,0.00,0.00
2025/01/17,11-12,5,0,30.08,1.81
2025/01/17,12-13,10,0,113.13,6.80
2025/01/17,13-14,12,0,115.24,6.93
2025/01/17,14-15,12,0,214.58,12.90
2025/01/17,15-16,13,0,120.13,7.22
2025/01/17,16-17,15,0,170.00,10.22
2025/01/17,17-18,18,0,186.10,11.19
2025/01/17,18-19,18,0,142.45,8.57
2025/01/17,19-20,26,0,195.04,11.73
2025/01/17,20-21,26,0,314.38,18.90
2025/01/17,21-22,5,0,61.85,3.72
2025/01/17,22-23,0,0,0.00,0.00
2025/01/17,23-00,0,0,0.00,0.00
2025/01/18,00-01,0,0,0.00,0.00
2025/01/18,01-02,0,0,0.00,0.00
2025/01/18,02-03,0,0,0.00,0.00
2025/01/18,03-04,0,0,0.00,0.00
2025/01/18,04-05,0,0,0.00,0.00
2025/01/18,05-06,0,0,0.00,0.00
2025/01/18,06-07,0,0,0.00,0.00
2025/01/18,07-08,0,0,0.00,0.00
2025/01/18,08-09,0,0,0.00,0.00
2025/01/18,09-10,0,0,0.00,0.00
2025/01/18,10-11,0,0,0.00,0.00
2025/01/18,11-12,5,0,63.14,3.36
2025/01/18,12-13,7,0,57.98,3.08
2025/01/18,13-14,22,0,294.56,15.67
2025/01/18,14-15,22,0,185.16,9.85
2025/01/18,15-16,17,0,249.12,13.25
2025/01/18,16-17,21,0,188.55,10.03
2025/01/18,17-18,15,0,138.39,7.36
2025/01/18,18-19,21,0,190.78,10.15
2025/01/18,19-20,23,0,255.05,13.57
2025/01/18,20-21,11,0,109.68,5.84
2025/01/18,21-22,14,0,147.28,7.84
2025/01/18,22-23,0,0,0.00,0.00
2025/01/18,23-00,0,0,0.00,0.00
2025/01/19,00-01,0,0,0.00,0.00
2025/01/19,01-02,0,0,0.00,0.00
2025/01/19,02-03,0,0,0.00,0.00
2025/01/19,03-04,0,0,0.00,0.00
2025/01/19,04-05,0,0,0.00,0.00
2025/01/19,05-06,0,0,0.00,0.00
2025/01/19,06-07,0,0,0.00,0.00
2025/01/19,07-08,0,0,0.00,0.00
2025/01/19,08-09,0,0,0.00,0.00
2025/01/19,09-10,0,0,0.00,0.00
2025/01/19,10-11,0,0,0.00,0.00
2025/01/19,11-12,1,0,5.80,0.43
2025/01/19,12-13,11,0,108.13,7.97
2025/01/19,13-14,21,0,219.50,16.17
2025/01/19,14-15,10,0,88.61,6.53
2025/01/19,15-16,20,0,158.24,11.66
2025/01/19,16-17,17,0,145.97,10.76
2025/01/19,17-18,18,0,160.22,11.81
2025/01/19,18-19,9,0,89.19,6.57
2025/01/19,19-20,19,0,180.81,13.32
2025/01/19,20-21,13,0,117.13,8.63
2025/01/19,21-22,8,0,83.59,6.16
2025/01/19,22-23,0,0,0.00,0.00
2025/01/19,23-00,0,0,0.00,0.00
2025/01/20,00-01,0,0,0.00,0.00
2025/01/20,01-02,0,0,0.00,0.00
2025/01/20,02-03,0,0,0.00,0.00
2025/01/20,03-04,0,0,0.00,0.00
2025/01/20,04-05,0,0,0.00,0.00
2025/01/20,05-06,0,0,0.00,0.00
2025/01/20,06-07,0,0,0.00,0.00
2025/01/20,07-08,0,0,0.00,0.00
2025/01/20,08-09,0,0,0.00,0.00
2025/01/20,09-10,0,0,0.00,0.00
2025/01/20,10-11,0,0,0.00,0.00
2025/01/20,11-12,3,0,37.81,4.26
2025/01/20,12-13,7,0,68.42,7.71
2025/01/20,13-14,12,0,155.50,17.53
2025/01/20,14-15,6,0,75.83,8.55
2025/01/20,15-16,13,0,141.84,15.99
2025/01/20,16-17,6,0,63.36,7.14
2025/01/20,17-18,7,0,55.79,6.29
2025/01/20,18-19,8,0,90.95,10.25
2025/01/20,19-20,6,0,60.98,6.87
2025/01/20,20-21,9,0,129.34,14.58
2025/01/20,21-22,3,0,7.35,0.83
2025/01/20,22-23,0,0,0.00,0.00
2025/01/20,23-00,0,0,0.00,0.00
2025/01/21,00-01,0,0,0.00,0.00
2025/01/21,01-02,0,0,0.00,0.00
2025/01/21,02-03,0,0,0.00,0.00
2025/01/21,03-04,0,0,0.00,0.00
2025/01/21,04-05,0,0,0.00,0.00
2025/01/21,05-06,0,0,0.00,0.00
2025/01/21,06-07,0,0,0.00,0.00
2025/01/21,07-08,0,0,0.00,0.00
2025/01/21,08-09,0,0,0.00,0.00
2025/01/21,09-10,1,0,7.25,1.07
2025/01/21,10-11,0,0,0.00,0.00
2025/01/21,11-12,5,0,53.87,7.95
2025/01/21,12-13,7,0,80.49,11.88
2025/01/21,13-14,12,0,136.35,20.13
2025/01/21,14-15,3,0,49.03,7.24
2025/01/21,15-16,4,0,34.44,5.08
2025/01/21,16-17,7,0,82.19,12.13
2025/01/21,17-18,4,0,44.40,6.55
2025/01/21,18-19,6,0,54.80,8.09
2025/01/21,19-20,9,0,106.47,15.72
2025/01/21,20-21,3,0,28.20,4.16
2025/01/21,21-22,0,0,0.00,0.00
2025/01/21,22-23,0,0,0.00,0.00
2025/01/21,23-00,0,0,0.00,0.00
2025/01/22,00-01,0,0,0.00,0.00
2025/01/22,01-02,0,0,0.00,0.00
2025/01/22,02-03,0,0,0.00,0.00
2025/01/22,03-04,0,0,0.00,0.00
2025/01/22,04-05,0,0,0.00,0.00
2025/01/22,05-06,0,0,0.00,0.00
2025/01/22,06-07,0,0,0.00,0.00
2025/01/22,07-08,0,0,0.00,0.00
2025/01/22,08-09,0,0,0.00,0.00
2025/01/22,09-10,0,0,0.00,0.00
2025/01/22,10-11,0,0,0.00,0.00
2025/01/22,11-12,8,0,80.30,8.65
2025/01/22,12-13,4,0,57.52,6.20
2025/01/22,13-14,11,0,127.97,13.79
2025/01/22,14-15,9,0,176.00,18.97
2025/01/22,15-16,6,0,47.15,5.08
2025/01/22,16-17,8,0,87.92,9.48
2025/01/22,17-18,11,0,119.87,12.92
2025/01/22,18-19,6,0,79.30,8.55
2025/01/22,19-20,7,0,79.17,8.53
2025/01/22,20-21,4,0,72.69,7.83
2025/01/22,21-22,0,0,0.00,0.00
2025/01/22,22-23,0,0,0.00,0.00
2025/01/22,23-00,0,0,0.00,0.00
2025/01/23,00-01,0,0,0.00,0.00
2025/01/23,01-02,0,0,0.00,0.00
2025/01/23,02-03,0,0,0.00,0.00
2025/01/23,03-04,0,0,0.00,0.00
2025/01/23,04-05,0,0,0.00,0.00
2025/01/23,05-06,0,0,0.00,0.00
2025/01/23,06-07,0,0,0.00,0.00
2025/01/23,07-08,0,0,0.00,0.00
2025/01/23,08-09,0,0,0.00,0.00
2025/01/23,09-10,0,0,0.00,0.00
2025/01/23,10-11,0,0,0.00,0.00
2025/01/23,11-12,7,0,77.75,9.88
2025/01/23,12-13,10,0,162.64,20.66
2025/01/23,13-14,6,0,52.46,6.67
2025/01/23,14-15,12,0,173.64,22.06
2025/01/23,15-16,6,0,55.95,7.11
2025/01/23,16-17,4,0,45.40,5.77
2025/01/23,17-18,6,0,57.57,7.31
2025/01/23,18-19,2,0,26.59,3.38
2025/01/23,19-20,11,0,101.60,12.91
2025/01/23,20-21,5,0,33.49,4.25
2025/01/23,21-22,0,0,0.00,0.00
2025/01/23,22-23,0,0,0.00,0.00
2025/01/23,23-00,0,0,0.00,0.00
2025/01/24,00-01,0,0,0.00,0.00
2025/01/24,01-02,0,0,0.00,0.00
2025/01/24,02-03,0,0,0.00,0.00
2025/01/24,03-04,0,0,0.00,0.00
2025/01/24,04-05,0,0,0.00,0.00
2025/01/24,05-06,0,0,0.00,0.00
2025/01/24,06-07,0,0,0.00,0.00
2025/01/24,07-08,0,0,0.00,0.00
2025/01/24,08-09,0,0,0.00,0.00
2025/01/24,09-10,0,0,0.00,0.00
2025/01/24,10-11,0,0,0.00,0.00
2025/01/24,11-12,8,0,80.95,5.80
2025/01/24,12-13,5,0,68.65,4.92
2025/01/24,13-14,11,0,185.33,13.28
2025/01/24,14-15,8,0,93.03,6.67
2025/01/24,15-16,12,0,145.48,10.42
2025/01/24,16-17,10,0,96.66,6.93
2025/01/24,17-18,14,0,113.01,8.10
2025/01/24,18-19,6,0,66.29,4.75
2025/01/24,19-20,15,0,196.42,14.07
2025/01/24,20-21,18,0,245.10,17.56
2025/01/24,21-22,10,0,104.62,7.50
2025/01/24,22-23,0,0,0.00,0.00
2025/01/24,23-00,0,0,0.00,0.00
2025/01/25,00-01,0,0,0.00,0.00
2025/01/25,01-02,0,0,0.00,0.00
2025/01/25,02-03,0,0,0.00,0.00
2025/01/25,03-04,0,0,0.00,0.00
2025/01/25,04-05,0,0,0.00,0.00
2025/01/25,05-06,0,0,0.00,0.00
2025/01/25,06-07,0,0,0.00,0.00
2025/01/25,07-08,0,0,0.00,0.00
2025/01/25,08-09,0,0,0.00,0.00
2025/01/25,09-10,0,0,0.00,0.00
2025/01/25,10-11,1,0,0.00,0.00
2025/01/25,11-12,2,0,18.99,1.03
2025/01/25,12-13,10,0,140.20,7.60
2025/01/25,13-14,13,0,185.83,10.07
2025/01/25,14-15,20,0,193.59,10.49
2025/01/25,15-16,21,0,226.55,12.28
2025/01/25,16-17,13,0,129.53,7.02
2025/01/25,17-18,15,0,166.28,9.01
2025/01/25,18-19,25,0,285.68,15.49
2025/01/25,19-20,19,0,189.41,10.27
2025/01/25,20-21,17,0,191.52,10.38
2025/01/25,21-22,10,0,117.09,6.35
2025/01/25,22-23,0,0,0.00,0.00
2025/01/25,23-00,0,0,0.00,0.00
2025/01/26,00-01,0,0,0.00,0.00
2025/01/26,01-02,0,0,0.00,0.00
2025/01/26,02-03,0,0,0.00,0.00
2025/01/26,03-04,0,0,0.00,0.00
2025/01/26,04-05,0,0,0.00,0.00
2025/01/26,05-06,0,0,0.00,0.00
2025/01/26,06-07,0,0,0.00,0.00
2025/01/26,07-08,0,0,0.00,0.00
2025/01/26,08-09,0,0,0.00,0.00
2025/01/26,09-10,0,0,0.00,0.00
2025/01/26,10-11,0,0,0.00,0.00
2025/01/26,11-12,2,0,27.87,1.89
2025/01/26,12-13,14,0,133.91,9.10
2025/01/26,13-14,12,0,155.47,10.56
2025/01/26,14-15,18,0,271.12,18.42
2025/01/26,15-16,20,0,224.11,15.22
2025/01/26,16-17,9,0,138.40,9.40
2025/01/26,17-18,13,0,137.71,9.35
2025/01/26,18-19,8,0,88.09,5.98
2025/01/26,19-20,14,0,134.80,9.16
2025/01/26,20-21,12,0,133.98,9.10
2025/01/26,21-22,3,0,26.76,1.82
2025/01/26,22-23,0,0,0.00,0.00
2025/01/26,23-00,0,0,0.00,0.00
2025/01/27,00-01,0,0,0.00,0.00
2025/01/27,01-02,0,0,0.00,0.00
2025/01/27,02-03,0,0,0.00,0.00
2025/01/27,03-04,0,0,0.00,0.00
2025/01/27,04-05,0,0,0.00,0.00
2025/01/27,05-06,0,0,0.00,0.00
2025/01/27,06-07,0,0,0.00,0.00
2025/01/27,07-08,0,0,0.00,0.00
2025/01/27,08-09,0,0,0.00,0.00
2025/01/27,09-10,0,0,0.00,0.00
2025/01/27,10-11,0,0,0.00,0.00
2025/01/27,11-12,1,0,12.39,1.29
2025/01/27,12-13,7,0,86.24,9.01
2025/01/27,13-14,9,0,115.04,12.02
2025/01/27,14-15,10,0,136.41,14.25
2025/01/27,15-16,12,0,144.37,15.08
2025/01/27,16-17,9,0,96.32,10.06
2025/01/27,17-18,10,0,91.13,9.52
2025/01/27,18-19,10,0,115.09,12.02
2025/01/27,19-20,10,0,93.36,9.75
2025/01/27,20-21,4,0,66.82,6.98
2025/01/27,21-22,0,0,0.00,0.00
2025/01/27,22-23,0,0,0.00,0.00
2025/01/27,23-00,0,0,0.00,0.00
2025/01/28,00-01,0,0,0.00,0.00
2025/01/28,01-02,0,0,0.00,0.00
2025/01/28,02-03,0,0,0.00,0.00
2025/01/28,03-04,0,0,0.00,0.00
2025/01/28,04-05,0,0,0.00,0.00
2025/01/28,05-06,0,0,0.00,0.00
2025/01/28,06-07,0,0,0.00,0.00
2025/01/28,07-08,0,0,0.00,0.00
2025/01/28,08-09,0,0,0.00,0.00
2025/01/28,09-10,0,0,0.00,0.00
2025/01/28,10-11,0,0,0.00,0.00
2025/01/28,11-12,9,0,101.85,8.64
2025/01/28,12-13,9,0,92.89,7.91
2025/01/28,13-14,14,0,150.45,12.81
2025/01/28,14-15,4,0,39.26,3.34
2025/01/28,15-16,10,0,123.22,10.49
2025/01/28,16-17,12,0,202.71,17.25
2025/01/28,17-18,6,0,69.39,5.91
2025/01/28,18-19,8,0,104.83,8.92
2025/01/28,19-20,12,0,173.48,14.77
2025/01/28,20-21,9,0,114.77,9.77
2025/01/28,21-22,0,0,0.00,0.00
2025/01/28,22-23,0,0,0.00,0.00
2025/01/28,23-00,0,0,0.00,0.00
2025/01/29,00-01,0,0,0.00,0.00
2025/01/29,01-02,0,0,0.00,0.00
2025/01/29,02-03,0,0,0.00,0.00
2025/01/29,03-04,0,0,0.00,0.00
2025/01/29,04-05,0,0,0.00,0.00
2025/01/29,05-06,0,0,0.00,0.00
2025/01/29,06-07,0,0,0.00,0.00
2025/01/29,07-08,0,0,0.00,0.00
2025/01/29,08-09,0,0,0.00,0.00
2025/01/29,09-10,0,0,0.00,0.00
2025/01/29,10-11,0,0,0.00,0.00
2025/01/29,11-12,7,0,90.37,10.31
2025/01/29,12-13,5,0,61.53,7.02
2025/01/29,13-14,7,0,108.94,12.42
2025/01/29,14-15,12,0,144.36,16.46
2025/01/29,15-16,13,0,115.51,13.17
2025/01/29,16-17,5,0,66.73,7.61
2025/01/29,17-18,6,0,67.19,7.66
2025/01/29,18-19,10,0,128.25,14.63
2025/01/29,19-20,7,0,58.65,6.69
2025/01/29,20-21,4,0,35.31,4.03
2025/01/29,21-22,0,0,0.00,0.00
2025/01/29,22-23,0,0,0.00,0.00
2025/01/29,23-00,0,0,0.00,0.00
2025/01/30,00-01,0,0,0.00,0.00
2025/01/30,01-02,0,0,0.00,0.00
2025/01/30,02-03,0,0,0.00,0.00
2025/01/30,03-04,0,0,0.00,0.00
2025/01/30,04-05,0,0,0.00,0.00
2025/01/30,05-06,0,0,0.00,0.00
2025/01/30,06-07,0,0,0.00,0.00
2025/01/30,07-08,0,0,0.00,0.00
2025/01/30,08-09,0,0,0.00,0.00
2025/01/30,09-10,0,0,0.00,0.00
2025/01/30,10-11,0,0,0.00,0.00
2025/01/30,11-12,0,0,0.00,0.00
2025/01/30,12-13,0,0,0.00,0.00
2025/01/30,13-14,0,0,0.00,0.00
2025/01/30,14-15,0,0,0.00,0.00
2025/01/30,15-16,0,0,0.00,0.00
2025/01/30,16-17,0,0,0.00,0.00
2025/01/30,17-18,0,0,0.00,0.00
2025/01/30,18-19,0,0,0.00,0.00
2025/01/30,19-20,0,0,0.00,0.00
2025/01/30,20-21,0,0,0.00,0.00
2025/01/30,21-22,0,0,0.00,0.00
2025/01/30,22-23,0,0,0.00,0.00
2025/01/30,23-00,0,0,0.00,0.00
2025/01/31,00-01,0,0,0.00,0.00
2025/01/31,01-02,0,0,0.00,0.00
2025/01/31,02-03,0,0,0.00,0.00
2025/01/31,03-04,0,0,0.00,0.00
2025/01/31,04-05,0,0,0.00,0.00
2025/01/31,05-06,0,0,0.00,0.00
2025/01/31,06-07,0,0,0.00,0.00
2025/01/31,07-08,0,0,0.00,0.00
2025/01/31,08-09,0,0,0.00,0.00
2025/01/31,09-10,0,0,0.00,0.00
2025/01/31,10-11,0,0,0.00,0.00
2025/01/31,11-12,6,0,57.64,5.16
2025/01/31,12-13,5,0,62.21,5.57
2025/01/31,13-14,6,0,89.98,8.06
2025/01/31,14-15,3,0,43.18,3.87
2025/01/31,15-16,9,0,76.60,6.86
2025/01/31,16-17,9,0,91.10,8.16
2025/01/31,17-18,19,0,211.54,18.95
2025/01/31,18-19,11,0,118.50,10.61
2025/01/31,19-20,9,0,118.01,10.57
2025/01/31,20-21,11,0,149.55,13.40
2025/01/31,21-22,6,0,98.12,8.79
2025/01/31,22-23,0,0,0.00,0.00
2025/01/31,23-00,0,0,0.00,0.00