datetime,date,hour,num_bills,num_customers,sales_amount,precipitation,temperature,cloudiness,Clear,Clouds,Fog,Rain,Snow
2024-12-01 11:00:00,2024-12-01,11,6,0,127.69,0.0,280.75,75.0,0.0,1.0,0.0,0.0,0.0
2024-12-01 12:00:00,2024-12-01,12,15,0,182.11,0.0,279.86,75.0,0.0,1.0,0.0,0.0,0.0
2024-12-01 13:00:00,2024-12-01,13,12,0,160.44,0.0,280.62,40.0,0.0,1.0,0.0,0.0,0.0
2024-12-01 14:00:00,2024-12-01,14,15,0,166.91,0.0,281.26,80.0,0.0,1.0,0.0,0.0,0.0
2024-12-01 15:00:00,2024-12-01,15,16,0,248.1,0.25,281.35,80.0,0.0,0.0,0.0,1.0,0.0
2024-12-01 16:00:00,2024-12-01,16,10,0,177.78,0.0,277.57,77.0,0.0,1.0,0.0,0.0,0.0
2024-12-01 17:00:00,2024-12-01,17,18,0,206.19,0.0,275.81,20.0,0.0,1.0,0.0,0.0,0.0
2024-12-01 18:00:00,2024-12-01,18,10,0,111.17,0.0,275.23,0.0,1.0,0.0,0.0,0.0,0.0
2024-12-01 19:00:00,2024-12-01,19,13,0,183.43,0.0,275.73,0.0,1.0,0.0,0.0,0.0,0.0
2024-12-01 20:00:00,2024-12-01,20,12,0,148.55,0.0,277.35,0.0,1.0,0.0,0.0,0.0,0.0
2024-12-01 21:00:00,2024-12-01,21,5,0,71.35,0.0,277.08,49.0,0.0,1.0,0.0,0.0,0.0
2024-12-02 11:00:00,2024-12-02,11,1,0,8.9,0.0,275.94,75.0,0.0,1.0,0.0,0.0,0.0
2024-12-02 12:00:00,2024-12-02,12,8,0,151.89,0.0,278.65,75.0,0.0,1.0,0.0,0.0,0.0
2024-12-02 13:00:00,2024-12-02,13,4,0,45.5,0.0,279.61,75.0,0.0,1.0,0.0,0.0,0.0
2024-12-02 14:00:00,2024-12-02,14,6,0,138.0,0.0,278.15,75.0,0.0,1.0,0.0,0.0,0.0
2024-12-02 15:00:00,2024-12-02,15,3,0,35.02,0.0,279.79,75.0,0.0,1.0,0.0,0.0,0.0
2024-12-02 16:00:00,2024-12-02,16,5,0,59.49,0.25,279.07,89.0,0.0,0.0,0.0,1.0,0.0
2024-12-02 17:00:00,2024-12-02,17,0,0,0.0,0.0,276.81,98.0,0.0,1.0,0.0,0.0,0.0
2024-12-02 18:00:00,2024-12-02,18,0,0,0.0,0.0,277.09,100.0,0.0,1.0,0.0,0.0,0.0
2024-12-02 19:00:00,2024-12-02,19,0,0,0.0,0.0,276.94,75.0,0.0,1.0,0.0,0.0,0.0
2024-12-02 20:00:00,2024-12-02,20,0,0,0.0,0.0,276.8,97.0,0.0,1.0,0.0,0.0,0.0
2024-12-02 21:00:00,2024-12-02,21,0,0,0.0,0.0,276.43,93.0,0.0,1.0,0.0,0.0,0.0
2024-12-03 11:00:00,2024-12-03,11,3,0,27.41,0.0,277.87,75.0,0.0,1.0,0.0,0.0,0.0
2024-12-03 12:00:00,2024-12-03,12,5,0,109.06,0.0,280.11,75.0,0.0,1.0,0.0,0.0,0.0
2024-12-03 13:00:00,2024-12-03,13,9,0,160.4,0.25,280.55,62.0,0.0,0.0,0.0,1.0,0.0
2024-12-03 14:00:00,2024-12-03,14,10,0,120.27,0.0,280.85,20.0,0.0,1.0,0.0,0.0,0.0
2024-12-03 15:00:00,2024-12-03,15,3,0,53.9,0.0,280.37,75.0,0.0,1.0,0.0,0.0,0.0
2024-12-03 16:00:00,2024-12-03,16,4,0,59.92,0.0,280.55,91.0,0.0,1.0,0.0,0.0,0.0
2024-12-03 17:00:00,2024-12-03,17,6,0,71.46,0.25,277.66,40.0,0.0,0.0,0.0,1.0,0.0
2024-12-03 18:00:00,2024-12-03,18,13,0,146.37,0.0,277.94,0.0,1.0,0.0,0.0,0.0,0.0
2024-12-03 19:00:00,2024-12-03,19,9,0,103.52,0.0,277.33,0.0,1.0,0.0,0.0,0.0,0.0
2024-12-03 20:00:00,2024-12-03,20,5,0,62.36,0.0,277.1,0.0,1.0,0.0,0.0,0.0,0.0
2024-12-03 21:00:00,2024-12-03,21,0,0,0.0,0.0,276.66,5.0,1.0,0.0,0.0,0.0,0.0
2024-12-04 11:00:00,2024-12-04,11,10,0,93.73,0.0,279.62,17.0,0.0,1.0,0.0,0.0,0.0
2024-12-04 12:00:00,2024-12-04,12,4,0,93.96,0.0,279.08,16.0,0.0,1.0,0.0,0.0,0.0
2024-12-04 13:00:00,2024-12-04,13,7,0,106.76,0.25,279.94,17.0,0.0,0.0,0.0,1.0,0.0
2024-12-04 14:00:00,2024-12-04,14,9,0,132.5,0.0,279.72,31.0,0.0,1.0,0.0,0.0,0.0
2024-12-04 15:00:00,2024-12-04,15,9,0,103.22,0.0,279.19,10.0,1.0,0.0,0.0,0.0,0.0
2024-12-04 16:00:00,2024-12-04,16,9,0,119.69,0.0,278.74,9.0,1.0,0.0,0.0,0.0,0.0
2024-12-04 17:00:00,2024-12-04,17,6,0,67.12,0.0,277.89,7.0,1.0,0.0,0.0,0.0,0.0
2024-12-04 18:00:00,2024-12-04,18,8,0,111.21,0.0,277.57,5.0,1.0,0.0,0.0,0.0,0.0
2024-12-04 19:00:00,2024-12-04,19,11,0,94.09,0.0,277.24,100.0,0.0,0.0,1.0,0.0,0.0
2024-12-04 20:00:00,2024-12-04,20,5,0,44.6,0.0,275.2,100.0,0.0,0.0,1.0,0.0,0.0
2024-12-04 21:00:00,2024-12-04,21,1,0,0.9,0.0,275.44,100.0,0.0,0.0,1.0,0.0,0.0
2024-12-05 11:00:00,2024-12-05,11,1,0,15.02,0.0,278.41,100.0,0.0,1.0,0.0,0.0,0.0
2024-12-05 12:00:00,2024-12-05,12,3,0,30.61,0.0,279.75,73.0,0.0,1.0,0.0,0.0,0.0
2024-12-05 13:00:00,2024-12-05,13,3,0,34.87,0.0,279.09,75.0,0.0,1.0,0.0,0.0,0.0
2024-12-05 14:00:00,2024-12-05,14,14,0,175.04,0.0,280.11,75.0,0.0,1.0,0.0,0.0,0.0
2024-12-05 15:00:00,2024-12-05,15,6,0,51.66,0.0,277.84,100.0,0.0,1.0,0.0,0.0,0.0
2024-12-05 16:00:00,2024-12-05,16,8,0,75.51,0.0,278.86,100.0,0.0,1.0,0.0,0.0,0.0
2024-12-05 17:00:00,2024-12-05,17,4,0,40.85,0.0,279.46,100.0,0.0,1.0,0.0,0.0,0.0
2024-12-05 18:00:00,2024-12-05,18,10,0,96.62,0.0,278.22,100.0,0.0,0.0,0.0,1.0,0.0
2024-12-05 19:00:00,2024-12-05,19,18,0,219.5,0.25,279.85,100.0,0.0,0.0,0.0,1.0,0.0
2024-12-05 20:00:00,2024-12-05,20,4,0,45.37,0.0,279.9,75.0,0.0,1.0,0.0,0.0,0.0
2024-12-05 21:00:00,2024-12-05,21,0,0,0.0,0.0,279.4,100.0,0.0,1.0,0.0,0.0,0.0
2024-12-06 11:00:00,2024-12-06,11,6,0,280.59,0.0,281.43,100.0,0.0,1.0,0.0,0.0,0.0
2024-12-06 12:00:00,2024-12-06,12,6,0,68.24,0.0,280.92,100.0,0.0,1.0,0.0,0.0,0.0
2024-12-06 13:00:00,2024-12-06,13,7,0,76.52,0.0,282.55,100.0,0.0,1.0,0.0,0.0,0.0
2024-12-06 14:00:00,2024-12-06,14,7,0,90.38,0.0,281.02,75.0,0.0,1.0,0.0,0.0,0.0
2024-12-06 15:00:00,2024-12-06,15,8,0,95.7,0.0,282.01,75.0,0.0,1.0,0.0,0.0,0.0
2024-12-06 16:00:00,2024-12-06,16,8,0,69.33,0.0,281.2,75.0,0.0,1.0,0.0,0.0,0.0
2024-12-06 17:00:00,2024-12-06,17,13,0,132.84,1.13,282.7,100.0,0.0,0.0,0.0,1.0,0.0
2024-12-06 18:00:00,2024-12-06,18,12,0,140.98,0.15,283.97,100.0,0.0,0.0,0.0,1.0,0.0
2024-12-06 19:00:00,2024-12-06,19,18,0,211.3,0.76,283.98,100.0,0.0,0.0,0.0,1.0,0.0
2024-12-06 20:00:00,2024-12-06,20,7,0,95.75,0.25,284.37,100.0,0.0,0.0,0.0,1.0,0.0
2024-12-06 21:00:00,2024-12-06,21,6,0,124.76,3.08,282.7,100.0,0.0,0.0,1.0,1.0,0.0
2024-12-07 11:00:00,2024-12-07,11,5,0,45.28,1.17,283.04,100.0,0.0,0.0,0.0,1.0,0.0
2024-12-07 12:00:00,2024-12-07,12,9,0,126.35,0.95,282.77,75.0,0.0,0.0,0.0,1.0,0.0
2024-12-07 13:00:00,2024-12-07,13,10,0,123.49,0.38,283.83,20.0,0.0,0.0,0.0,1.0,0.0
2024-12-07 14:00:00,2024-12-07,14,13,0,148.01,1.08,284.43,81.0,0.0,0.0,0.0,1.0,0.0
2024-12-07 15:00:00,2024-12-07,15,10,0,133.91,0.51,283.47,68.0,0.0,0.0,0.0,1.0,0.0
2024-12-07 16:00:00,2024-12-07,16,14,0,215.19,0.0,281.03,75.0,0.0,1.0,0.0,0.0,0.0
2024-12-07 17:00:00,2024-12-07,17,5,0,42.8,0.0,280.02,75.0,0.0,1.0,0.0,0.0,0.0
2024-12-07 18:00:00,2024-12-07,18,10,0,90.13,0.0,278.5,40.0,0.0,1.0,0.0,0.0,0.0
2024-12-07 19:00:00,2024-12-07,19,4,0,30.98,0.0,277.03,20.0,0.0,1.0,0.0,0.0,0.0
2024-12-07 20:00:00,2024-12-07,20,7,0,91.83,0.0,277.3,75.0,0.0,1.0,0.0,0.0,0.0
2024-12-07 21:00:00,2024-12-07,21,6,0,58.8,0.0,277.55,75.0,0.0,1.0,0.0,0.0,0.0
2024-12-08 11:00:00,2024-12-08,11,3,0,37.34,0.0,279.67,40.0,0.0,1.0,0.0,0.0,0.0
2024-12-08 12:00:00,2024-12-08,12,8,0,93.78,0.19,279.71,75.0,0.0,0.0,0.0,1.0,0.0
2024-12-08 13:00:00,2024-12-08,13,9,0,87.42,0.14,279.97,100.0,0.0,0.0,0.0,1.0,0.0
2024-12-08 14:00:00,2024-12-08,14,13,0,124.58,0.25,279.39,75.0,0.0,0.0,0.0,1.0,0.0
2024-12-08 15:00:00,2024-12-08,15,19,0,218.06,0.0,279.1,75.0,0.0,1.0,0.0,0.0,0.0
2024-12-08 16:00:00,2024-12-08,16,8,0,78.33,0.0,278.34,75.0,0.0,1.0,0.0,0.0,0.0
2024-12-08 17:00:00,2024-12-08,17,5,0,76.11,0.0,277.54,75.0,0.0,1.0,0.0,0.0,0.0
2024-12-08 18:00:00,2024-12-08,18,11,0,117.81,0.0,279.32,81.0,0.0,1.0,0.0,0.0,0.0
2024-12-08 19:00:00,2024-12-08,19,11,0,102.71,0.0,280.22,75.0,0.0,1.0,0.0,0.0,0.0
2024-12-08 20:00:00,2024-12-08,20,11,0,128.4,0.0,279.6,89.0,0.0,1.0,0.0,0.0,0.0
2024-12-08 21:00:00,2024-12-08,21,4,0,41.3,0.0,279.73,100.0,0.0,1.0,0.0,0.0,0.0
2024-12-09 11:00:00,2024-12-09,11,2,0,16.27,0.25,278.65,75.0,0.0,0.0,0.0,1.0,0.0
2024-12-09 12:00:00,2024-12-09,12,3,0,39.75,0.0,278.98,75.0,0.0,1.0,0.0,0.0,0.0
2024-12-09 13:00:00,2024-12-09,13,8,0,82.5,0.0,278.89,75.0,0.0,1.0,0.0,0.0,0.0
2024-12-09 14:00:00,2024-12-09,14,6,0,117.22,0.0,279.82,75.0,0.0,1.0,0.0,0.0,0.0
2024-12-09 15:00:00,2024-12-09,15,10,0,95.29,0.0,279.06,40.0,0.0,1.0,0.0,0.0,0.0
2024-12-09 16:00:00,2024-12-09,16,3,0,41.56,0.0,279.82,77.0,0.0,1.0,0.0,0.0,0.0
2024-12-09 17:00:00,2024-12-09,17,11,0,114.32,0.0,275.7,20.0,0.0,1.0,0.0,0.0,0.0
2024-12-09 18:00:00,2024-12-09,18,11,0,119.87,0.0,278.27,61.0,0.0,1.0,0.0,0.0,0.0
2024-12-09 19:00:00,2024-12-09,19,15,0,174.75,0.0,277.01,41.0,0.0,1.0,0.0,0.0,0.0
2024-12-09 20:00:00,2024-12-09,20,0,0,0.0,0.0,276.87,20.0,0.0,1.0,0.0,0.0,0.0
2024-12-09 21:00:00,2024-12-09,21,0,0,0.0,0.0,276.66,75.0,0.0,1.0,0.0,0.0,0.0
2024-12-10 11:00:00,2024-12-10,11,2,0,12.44,0.0,276.99,75.0,0.0,1.0,0.0,0.0,0.0
2024-12-10 12:00:00,2024-12-10,12,7,0,68.02,0.0,276.88,75.0,0.0,1.0,0.0,0.0,0.0
2024-12-10 13:00:00,2024-12-10,13,5,0,66.54,0.0,277.45,40.0,0.0,1.0,0.0,0.0,0.0
2024-12-10 14:00:00,2024-12-10,14,13,0,158.61,0.0,276.41,75.0,0.0,1.0,0.0,0.0,0.0
2024-12-10 15:00:00,2024-12-10,15,4,0,30.23,0.0,276.75,75.0,0.0,1.0,0.0,0.0,0.0
2024-12-10 16:00:00,2024-12-10,16,8,0,120.34,0.0,276.13,75.0,0.0,1.0,0.0,0.0,0.0
2024-12-10 17:00:00,2024-12-10,17,6,0,58.14,0.0,277.73,99.0,0.0,1.0,0.0,0.0,0.0
2024-12-10 18:00:00,2024-12-10,18,3,0,28.04,0.0,276.18,75.0,0.0,1.0,0.0,0.0,0.0
2024-12-10 19:00:00,2024-12-10,19,18,0,201.51,0.0,275.92,100.0,0.0,1.0,0.0,0.0,0.0
2024-12-10 20:00:00,2024-12-10,20,4,0,37.43,0.0,276.25,100.0,0.0,1.0,0.0,0.0,0.0
2024-12-10 21:00:00,2024-12-10,21,0,0,0.0,0.0,278.11,100.0,0.0,1.0,0.0,0.0,0.0
2024-12-11 11:00:00,2024-12-11,11,4,0,26.87,0.0,278.27,75.0,0.0,1.0,0.0,0.0,0.0
2024-12-11 12:00:00,2024-12-11,12,4,0,52.72,0.0,280.19,75.0,0.0,1.0,0.0,0.0,0.0
2024-12-11 13:00:00,2024-12-11,13,10,0,141.81,0.0,282.1,20.0,0.0,1.0,0.0,0.0,0.0
2024-12-11 14:00:00,2024-12-11,14,2,0,28.96,0.0,280.21,75.0,0.0,1.0,0.0,0.0,0.0
2024-12-11 15:00:00,2024-12-11,15,8,0,85.53,0.0,281.07,20.0,0.0,1.0,0.0,0.0,0.0
2024-12-11 16:00:00,2024-12-11,16,10,0,142.63,0.0,279.86,1.0,1.0,0.0,0.0,0.0,0.0
2024-12-11 17:00:00,2024-12-11,17,7,0,93.37,0.0,277.92,0.0,1.0,0.0,0.0,0.0,0.0
2024-12-11 18:00:00,2024-12-11,18,13,0,161.6,0.0,276.66,0.0,1.0,0.0,0.0,0.0,0.0
2024-12-11 19:00:00,2024-12-11,19,14,0,169.62,0.0,276.17,0.0,1.0,0.0,0.0,0.0,0.0
2024-12-11 20:00:00,2024-12-11,20,4,0,42.22,0.0,274.57,0.0,1.0,0.0,0.0,0.0,0.0
2024-12-11 21:00:00,2024-12-11,21,0,0,0.0,0.0,275.51,0.0,1.0,0.0,0.0,0.0,0.0
2025-01-12 11:00:00,2025-01-12,11,14,0,109.25,0.0,277.37,78.0,0.0,1.0,0.0,0.0,0.0
2025-01-12 12:00:00,2025-01-12,12,19,0,129.96,0.0,277.58,81.0,0.0,1.0,0.0,0.0,0.0
2025-01-12 13:00:00,2025-01-12,13,26,0,157.82,0.0,277.88,80.0,0.0,1.0,0.0,0.0,0.0
2025-01-12 14:00:00,2025-01-12,14,46,0,283.66,0.0,277.59,86.0,0.0,1.0,0.0,0.0,0.0
2025-01-12 15:00:00,2025-01-12,15,46,0,305.28,0.0,278.22,76.0,0.0,1.0,0.0,0.0,0.0
2025-01-12 16:00:00,2025-01-12,16,41,0,214.51,0.0,277.58,74.0,0.0,1.0,0.0,0.0,0.0
2025-01-12 17:00:00,2025-01-12,17,29,0,217.07,0.0,277.08,17.0,0.0,1.0,0.0,0.0,0.0
2025-01-12 18:00:00,2025-01-12,18,34,0,230.69,0.0,273.43,15.0,0.0,1.0,0.0,0.0,0.0
2025-01-12 19:00:00,2025-01-12,19,21,0,141.37,0.0,277.18,12.0,0.0,1.0,0.0,0.0,0.0
2025-01-12 20:00:00,2025-01-12,20,34,0,248.42,0.0,275.26,0.0,1.0,0.0,0.0,0.0,0.0
2025-01-12 21:00:00,2025-01-12,21,13,0,81.53,0.0,275.93,75.0,0.0,1.0,0.0,0.0,0.0
2024-12-13 11:00:00,2024-12-13,11,3,0,21.13,1.24,276.84,100.0,0.0,0.0,0.0,1.0,0.0
2024-12-13 12:00:00,2024-12-13,12,6,0,72.62,0.95,276.17,100.0,0.0,0.0,0.0,1.0,0.0
2024-12-13 13:00:00,2024-12-13,13,7,0,92.97,0.62,276.56,100.0,0.0,0.0,0.0,1.0,0.0
2024-12-13 14:00:00,2024-12-13,14,8,0,151.01,0.83,276.6,100.0,0.0,0.0,0.0,1.0,0.0
2024-12-13 15:00:00,2024-12-13,15,7,0,72.18,0.41,277.11,100.0,0.0,0.0,0.0,1.0,0.0
2024-12-13 16:00:00,2024-12-13,16,4,0,40.33,0.35,276.96,100.0,0.0,0.0,0.0,1.0,0.0
2024-12-13 17:00:00,2024-12-13,17,12,0,160.76,0.83,276.43,100.0,0.0,0.0,0.0,1.0,0.0
2024-12-13 18:00:00,2024-12-13,18,11,0,131.07,0.8,276.36,100.0,0.0,0.0,0.0,1.0,0.0
2024-12-13 19:00:00,2024-12-13,19,16,0,207.42,0.76,276.45,100.0,0.0,0.0,0.0,1.0,0.0
2024-12-13 20:00:00,2024-12-13,20,12,0,127.09,0.51,275.64,100.0,0.0,0.0,0.0,1.0,0.0
2024-12-13 21:00:00,2024-12-13,21,5,0,85.53,2.29,275.54,100.0,0.0,0.0,0.0,1.0,0.0
2024-12-14 11:00:00,2024-12-14,11,3,0,25.71,2.03,279.2,95.0,0.0,0.0,0.0,1.0,0.0
2024-12-14 12:00:00,2024-12-14,12,9,0,166.73,0.8,277.42,100.0,0.0,0.0,0.0,1.0,0.0
2024-12-14 13:00:00,2024-12-14,13,4,0,53.04,0.76,277.67,100.0,0.0,0.0,0.0,1.0,0.0
2024-12-14 14:00:00,2024-12-14,14,11,0,132.46,1.17,277.2,100.0,0.0,0.0,0.0,1.0,0.0
2024-12-14 15:00:00,2024-12-14,15,20,0,209.48,0.47,276.89,75.0,0.0,0.0,0.0,1.0,0.0
2024-12-14 16:00:00,2024-12-14,16,5,0,46.77,1.98,277.2,75.0,0.0,0.0,0.0,1.0,0.0
2024-12-14 17:00:00,2024-12-14,17,12,0,121.8,0.25,277.09,75.0,0.0,0.0,0.0,1.0,0.0
2024-12-14 18:00:00,2024-12-14,18,13,0,175.12,0.62,277.21,75.0,0.0,0.0,0.0,1.0,0.0
2024-12-14 19:00:00,2024-12-14,19,26,0,299.33,0.88,276.65,75.0,0.0,0.0,0.0,1.0,0.0
2024-12-14 20:00:00,2024-12-14,20,20,0,165.46,0.95,276.45,75.0,0.0,0.0,0.0,1.0,0.0
2024-12-14 21:00:00,2024-12-14,21,6,0,75.43,0.81,275.81,40.0,0.0,0.0,0.0,1.0,0.0
2024-12-15 11:00:00,2024-12-15,11,4,0,36.95,0.0,278.65,20.0,0.0,1.0,0.0,0.0,0.0
2024-12-15 12:00:00,2024-12-15,12,8,0,86.46,0.0,278.61,20.0,0.0,1.0,0.0,0.0,0.0
2024-12-15 13:00:00,2024-12-15,13,8,0,79.35,0.25,276.82,40.0,0.0,0.0,0.0,1.0,0.0
2024-12-15 14:00:00,2024-12-15,14,10,0,101.86,1.27,277.75,20.0,0.0,0.0,0.0,1.0,0.0
2024-12-15 15:00:00,2024-12-15,15,18,0,194.4,1.02,276.73,20.0,0.0,0.0,0.0,1.0,0.0
2024-12-15 16:00:00,2024-12-15,16,15,0,171.92,0.25,276.27,40.0,0.0,0.0,0.0,1.0,0.0
2024-12-15 17:00:00,2024-12-15,17,9,0,84.05,23.37,274.97,40.0,0.0,0.0,0.0,1.0,0.0
2024-12-15 18:00:00,2024-12-15,18,11,0,119.23,0.0,274.74,20.0,0.0,1.0,0.0,0.0,0.0
2024-12-15 19:00:00,2024-12-15,19,10,0,119.71,0.0,273.53,20.0,0.0,1.0,0.0,0.0,0.0
2024-12-15 20:00:00,2024-12-15,20,6,0,63.27,0.0,273.55,20.0,0.0,1.0,0.0,0.0,0.0
2024-12-15 21:00:00,2024-12-15,21,2,0,27.29,0.0,273.22,20.0,0.0,1.0,0.0,0.0,0.0
2024-12-16 11:00:00,2024-12-16,11,4,0,36.59,0.6,273.04,100.0,0.0,0.0,0.0,1.0,0.0
2024-12-16 12:00:00,2024-12-16,12,7,0,69.5,0.25,273.42,100.0,0.0,0.0,0.0,1.0,0.0
2024-12-16 13:00:00,2024-12-16,13,2,0,13.9,0.25,274.2,100.0,0.0,0.0,0.0,1.0,0.0
2024-12-16 14:00:00,2024-12-16,14,7,0,69.28,0.25,274.79,75.0,0.0,0.0,0.0,1.0,0.0
2024-12-16 15:00:00,2024-12-16,15,7,0,113.91,0.38,275.35,100.0,0.0,0.0,0.0,1.0,0.0
2024-12-16 16:00:00,2024-12-16,16,8,0,117.46,0.0,276.53,75.0,0.0,1.0,0.0,0.0,0.0
2024-12-16 17:00:00,2024-12-16,17,9,0,113.61,0.25,275.57,75.0,0.0,0.0,0.0,1.0,0.0
2024-12-16 18:00:00,2024-12-16,18,10,0,116.19,0.0,275.35,75.0,0.0,1.0,0.0,0.0,0.0
2024-12-16 19:00:00,2024-12-16,19,9,0,101.8,0.0,275.14,100.0,0.0,1.0,0.0,0.0,0.0
2024-12-16 20:00:00,2024-12-16,20,5,0,53.56,0.0,275.59,100.0,0.0,1.0,0.0,0.0,0.0
2024-12-16 21:00:00,2024-12-16,21,0,0,0.0,0.0,276.13,100.0,0.0,1.0,0.0,0.0,0.0
2024-12-17 11:00:00,2024-12-17,11,5,0,78.48,1.48,275.45,100.0,0.0,0.0,0.0,1.0,0.0
2024-12-17 12:00:00,2024-12-17,12,3,0,34.42,1.02,276.25,100.0,0.0,0.0,0.0,1.0,0.0
2024-12-17 13:00:00,2024-12-17,13,0,0,0.0,1.92,276.39,100.0,0.0,0.0,0.0,1.0,0.0
2024-12-17 14:00:00,2024-12-17,14,3,0,29.48,0.81,276.89,100.0,0.0,0.0,0.0,1.0,0.0
2024-12-17 15:00:00,2024-12-17,15,5,0,68.2,0.8,276.51,100.0,0.0,0.0,0.0,1.0,0.0
2024-12-17 16:00:00,2024-12-17,16,3,0,45.25,1.71,276.64,75.0,0.0,0.0,1.0,1.0,0.0
2024-12-17 17:00:00,2024-12-17,17,3,0,25.5,2.47,276.69,75.0,0.0,0.0,1.0,1.0,0.0
2024-12-17 18:00:00,2024-12-17,18,6,0,66.21,2.54,276.2,100.0,0.0,0.0,1.0,1.0,0.0
2024-12-17 19:00:00,2024-12-17,19,8,0,96.86,2.14,276.26,100.0,0.0,0.0,1.0,1.0,0.0
2024-12-17 20:00:00,2024-12-17,20,4,0,44.6,2.36,275.92,100.0,0.0,0.0,1.0,1.0,0.0
2024-12-17 21:00:00,2024-12-17,21,0,0,0.0,3.6,275.9,100.0,0.0,0.0,1.0,1.0,0.0
2024-12-18 11:00:00,2024-12-18,11,3,0,23.15,0.0,279.93,20.0,0.0,1.0,0.0,0.0,0.0
2024-12-18 12:00:00,2024-12-18,12,7,0,72.36,0.0,282.43,20.0,0.0,1.0,0.0,0.0,0.0
2024-12-18 13:00:00,2024-12-18,13,6,0,97.35,0.0,282.96,20.0,0.0,1.0,0.0,0.0,0.0
2024-12-18 14:00:00,2024-12-18,14,5,0,111.12,0.0,283.69,40.0,0.0,1.0,0.0,0.0,0.0
2024-12-18 15:00:00,2024-12-18,15,9,0,109.65,0.0,282.95,75.0,0.0,1.0,0.0,0.0,0.0
2024-12-18 16:00:00,2024-12-18,16,12,0,173.46,0.0,282.44,22.0,0.0,1.0,0.0,0.0,0.0
2024-12-18 17:00:00,2024-12-18,17,6,0,35.06,0.0,280.22,20.0,0.0,1.0,0.0,0.0,0.0
2024-12-18 18:00:00,2024-12-18,18,13,0,156.99,0.0,281.04,88.0,0.0,1.0,0.0,0.0,0.0
2024-12-18 19:00:00,2024-12-18,19,13,0,138.22,0.0,279.61,75.0,0.0,1.0,0.0,0.0,0.0
2024-12-18 20:00:00,2024-12-18,20,4,0,79.25,0.0,281.45,96.0,0.0,1.0,0.0,0.0,0.0
2024-12-18 21:00:00,2024-12-18,21,0,0,0.0,0.0,278.78,75.0,0.0,1.0,0.0,0.0,0.0
2024-12-19 11:00:00,2024-12-19,11,2,0,26.79,0.25,280.67,100.0,0.0,0.0,0.0,1.0,0.0
2024-12-19 12:00:00,2024-12-19,12,4,0,45.43,0.37,279.24,100.0,0.0,0.0,0.0,1.0,0.0
2024-12-19 13:00:00,2024-12-19,13,8,0,78.65,1.07,279.5,75.0,0.0,0.0,0.0,1.0,0.0
2024-12-19 14:00:00,2024-12-19,14,4,0,32.5,0.43,279.94,75.0,0.0,0.0,0.0,1.0,0.0
2024-12-19 15:00:00,2024-12-19,15,7,0,83.64,0.41,281.48,100.0,0.0,0.0,0.0,1.0,0.0
2024-12-19 16:00:00,2024-12-19,16,1,0,7.25,0.91,281.04,100.0,0.0,0.0,0.0,1.0,0.0
2024-12-19 17:00:00,2024-12-19,17,8,0,78.32,2.29,280.37,100.0,0.0,0.0,0.0,1.0,0.0
2024-12-19 18:00:00,2024-12-19,18,6,0,58.18,2.65,279.1,100.0,0.0,0.0,0.0,1.0,0.0
2024-12-19 19:00:00,2024-12-19,19,7,0,88.18,1.82,279.47,100.0,0.0,0.0,0.0,1.0,0.0
2024-12-19 20:00:00,2024-12-19,20,6,0,50.65,0.89,280.63,75.0,0.0,0.0,0.0,1.0,0.0
2024-12-19 21:00:00,2024-12-19,21,0,0,0.0,0.51,282.85,40.0,0.0,0.0,0.0,1.0,0.0
2024-12-20 11:00:00,2024-12-20,11,6,0,85.01,0.72,282.91,100.0,0.0,0.0,0.0,1.0,0.0
2024-12-20 12:00:00,2024-12-20,12,6,0,57.4,0.42,283.16,100.0,0.0,0.0,0.0,1.0,0.0
2024-12-20 13:00:00,2024-12-20,13,13,0,253.35,0.32,283.64,100.0,0.0,0.0,0.0,1.0,0.0
2024-12-20 14:00:00,2024-12-20,14,9,0,188.37,0.25,283.52,100.0,0.0,0.0,0.0,1.0,0.0
2024-12-20 15:00:00,2024-12-20,15,5,0,36.15,0.55,281.37,100.0,0.0,0.0,0.0,1.0,0.0
2024-12-20 16:00:00,2024-12-20,16,6,0,54.36,0.45,283.16,75.0,0.0,0.0,0.0,1.0,0.0
2024-12-20 17:00:00,2024-12-20,17,6,0,67.11,0.56,283.28,100.0,0.0,0.0,0.0,1.0,0.0
2024-12-20 18:00:00,2024-12-20,18,9,0,109.42,0.38,283.06,75.0,0.0,0.0,0.0,1.0,0.0
2024-12-20 19:00:00,2024-12-20,19,16,0,152.69,0.0,282.83,40.0,0.0,1.0,0.0,0.0,0.0
2024-12-20 20:00:00,2024-12-20,20,12,0,146.89,0.25,282.76,20.0,0.0,0.0,0.0,1.0,0.0
2024-12-20 21:00:00,2024-12-20,21,11,0,88.19,0.0,280.46,20.0,0.0,1.0,0.0,0.0,0.0
2024-12-21 11:00:00,2024-12-21,11,2,0,31.03,0.71,279.32,100.0,0.0,0.0,0.0,1.0,0.0
2024-12-21 12:00:00,2024-12-21,12,3,0,44.58,2.03,281.18,100.0,0.0,0.0,0.0,1.0,0.0
2024-12-21 13:00:00,2024-12-21,13,9,0,147.18,1.52,279.97,100.0,0.0,0.0,0.0,1.0,0.0
2024-12-21 14:00:00,2024-12-21,14,11,0,152.06,0.91,282.66,100.0,0.0,0.0,0.0,1.0,0.0
2024-12-21 15:00:00,2024-12-21,15,12,0,123.85,0.34,280.68,75.0,0.0,0.0,0.0,1.0,0.0
2024-12-21 16:00:00,2024-12-21,16,9,0,91.18,0.46,280.15,75.0,0.0,0.0,0.0,1.0,0.0
2024-12-21 17:00:00,2024-12-21,17,9,0,119.48,0.3,279.41,75.0,0.0,0.0,0.0,1.0,0.0
2024-12-21 18:00:00,2024-12-21,18,4,0,54.32,0.46,279.05,20.0,0.0,0.0,0.0,1.0,0.0
2024-12-21 19:00:00,2024-12-21,19,15,0,214.64,0.23,280.89,79.0,0.0,0.0,0.0,1.0,0.0
2024-12-21 20:00:00,2024-12-21,20,11,0,172.43,0.6,277.95,20.0,0.0,0.0,0.0,1.0,0.0
2024-12-21 21:00:00,2024-12-21,21,5,0,56.21,0.25,277.74,75.0,0.0,0.0,0.0,1.0,0.0
2024-12-22 11:00:00,2024-12-22,11,4,0,55.49,0.25,278.9,100.0,0.0,0.0,0.0,1.0,0.0
2024-12-22 12:00:00,2024-12-22,12,3,0,24.35,1.52,277.36,100.0,0.0,0.0,0.0,1.0,0.0
2024-12-22 13:00:00,2024-12-22,13,11,0,106.86,1.23,277.15,100.0,0.0,0.0,0.0,1.0,0.0
2024-12-22 14:00:00,2024-12-22,14,7,0,90.43,0.54,277.58,100.0,0.0,0.0,0.0,1.0,0.0
2024-12-22 15:00:00,2024-12-22,15,10,0,195.76,0.56,277.26,100.0,0.0,0.0,0.0,1.0,0.0
2024-12-22 16:00:00,2024-12-22,16,8,0,121.1,1.6,278.01,100.0,0.0,0.0,0.0,1.0,0.0
2024-12-22 17:00:00,2024-12-22,17,15,0,176.54,0.25,278.32,100.0,0.0,0.0,0.0,1.0,0.0
2024-12-22 18:00:00,2024-12-22,18,13,0,146.95,0.25,278.15,100.0,0.0,0.0,0.0,1.0,0.0
2024-12-22 19:00:00,2024-12-22,19,21,0,222.21,1.16,278.87,100.0,0.0,0.0,0.0,1.0,0.0
2024-12-22 20:00:00,2024-12-22,20,12,0,216.66,1.35,279.16,100.0,0.0,0.0,0.0,1.0,0.0
2024-12-22 21:00:00,2024-12-22,21,1,0,5.58,3.16,278.49,100.0,0.0,0.0,0.0,1.0,0.0
2024-12-23 11:00:00,2024-12-23,11,3,0,70.35,0.29,280.47,75.0,0.0,0.0,0.0,1.0,0.0
2024-12-23 12:00:00,2024-12-23,12,10,0,124.3,0.0,281.15,75.0,0.0,1.0,0.0,0.0,0.0
2024-12-23 13:00:00,2024-12-23,13,12,0,141.61,0.51,282.63,100.0,0.0,0.0,0.0,1.0,0.0
2024-12-23 14:00:00,2024-12-23,14,11,0,137.21,0.0,282.55,100.0,0.0,1.0,0.0,0.0,0.0
2024-12-23 15:00:00,2024-12-23,15,8,0,112.46,0.0,281.09,100.0,0.0,1.0,0.0,0.0,0.0
2024-12-23 16:00:00,2024-12-23,16,10,0,103.68,0.0,279.96,75.0,0.0,1.0,0.0,0.0,0.0
2024-12-23 17:00:00,2024-12-23,17,11,0,141.06,0.0,279.42,75.0,0.0,1.0,0.0,0.0,0.0
2024-12-23 18:00:00,2024-12-23,18,10,0,103.75,0.0,279.25,100.0,0.0,1.0,0.0,0.0,0.0
2024-12-23 19:00:00,2024-12-23,19,16,0,230.04,0.0,278.2,100.0,0.0,1.0,0.0,0.0,0.0
2024-12-23 20:00:00,2024-12-23,20,7,0,126.51,0.0,279.76,100.0,0.0,1.0,0.0,0.0,0.0
2024-12-23 21:00:00,2024-12-23,21,3,0,62.41,0.61,282.2,100.0,0.0,0.0,0.0,1.0,0.0
2024-12-24 11:00:00,2024-12-24,11,3,0,50.43,0.72,282.54,75.0,0.0,0.0,0.0,1.0,0.0
2024-12-24 12:00:00,2024-12-24,12,10,0,110.0,0.82,283.17,75.0,0.0,0.0,0.0,1.0,0.0
2024-12-24 13:00:00,2024-12-24,13,9,0,108.29,0.16,283.41,75.0,0.0,0.0,0.0,1.0,0.0
2024-12-24 14:00:00,2024-12-24,14,22,0,212.68,0.45,282.69,75.0,0.0,0.0,0.0,1.0,0.0
2024-12-24 15:00:00,2024-12-24,15,21,0,220.9,1.06,282.43,88.0,0.0,0.0,0.0,1.0,0.0
2024-12-24 16:00:00,2024-12-24,16,10,0,137.47,0.0,281.64,29.0,0.0,1.0,0.0,0.0,0.0
2024-12-24 17:00:00,2024-12-24,17,0,0,0.0,0.0,278.81,75.0,0.0,1.0,0.0,0.0,0.0
2024-12-24 18:00:00,2024-12-24,18,0,0,0.0,0.31,277.48,75.0,0.0,0.0,0.0,1.0,0.0
2024-12-24 19:00:00,2024-12-24,19,0,0,0.0,0.1,278.08,75.0,0.0,0.0,0.0,1.0,0.0
2024-12-24 20:00:00,2024-12-24,20,0,0,0.0,0.19,277.67,75.0,0.0,0.0,0.0,1.0,0.0
2024-12-24 21:00:00,2024-12-24,21,0,0,0.0,0.16,277.78,75.0,0.0,0.0,0.0,1.0,0.0
2024-12-25 11:00:00,2024-12-25,11,2,0,32.66,0.25,275.19,100.0,0.0,0.0,0.0,1.0,0.0
2024-12-25 12:00:00,2024-12-25,12,12,0,170.14,0.89,274.46,100.0,0.0,0.0,0.0,1.0,0.0
2024-12-25 13:00:00,2024-12-25,13,8,0,150.26,4.24,274.39,100.0,0.0,0.0,1.0,1.0,0.0
2024-12-25 14:00:00,2024-12-25,14,8,0,96.99,3.18,273.91,100.0,0.0,0.0,0.0,1.0,0.0
2024-12-25 15:00:00,2024-12-25,15,18,0,262.17,2.54,273.46,100.0,0.0,0.0,1.0,1.0,0.0
2024-12-25 16:00:00,2024-12-25,16,11,0,206.82,3.72,273.77,100.0,0.0,0.0,1.0,1.0,0.0
2024-12-25 17:00:00,2024-12-25,17,9,0,131.36,2.37,273.65,100.0,0.0,0.0,1.0,1.0,0.0
2024-12-25 18:00:00,2024-12-25,18,21,0,269.04,1.22,273.36,100.0,0.0,0.0,0.0,1.0,0.0
2024-12-25 19:00:00,2024-12-25,19,15,0,210.81,0.45,273.41,100.0,0.0,0.0,0.0,1.0,0.0
2024-12-25 20:00:00,2024-12-25,20,14,0,183.72,1.27,274.55,100.0,0.0,0.0,0.0,1.0,0.0
2024-12-25 21:00:00,2024-12-25,21,6,0,68.39,0.41,274.13,100.0,0.0,0.0,0.0,1.0,0.0
2024-12-26 11:00:00,2024-12-26,11,2,0,44.29,0.51,274.93,100.0,0.0,0.0,0.0,1.0,0.0
2024-12-26 12:00:00,2024-12-26,12,5,0,59.07,0.25,275.77,75.0,0.0,0.0,0.0,1.0,0.0
2024-12-26 13:00:00,2024-12-26,13,6,0,75.14,0.31,277.89,75.0,0.0,0.0,0.0,1.0,0.0
2024-12-26 14:00:00,2024-12-26,14,18,0,221.1,0.32,277.88,75.0,0.0,0.0,0.0,1.0,0.0
2024-12-26 15:00:00,2024-12-26,15,7,0,87.56,0.0,278.06,20.0,0.0,1.0,0.0,0.0,0.0
2024-12-26 16:00:00,2024-12-26,16,19,0,261.45,0.0,278.1,20.0,0.0,1.0,0.0,0.0,0.0
2024-12-26 17:00:00,2024-12-26,17,15,0,181.08,0.0,276.66,20.0,0.0,1.0,0.0,0.0,0.0
2024-12-26 18:00:00,2024-12-26,18,11,0,174.37,0.0,276.02,20.0,0.0,1.0,0.0,0.0,0.0
2024-12-26 19:00:00,2024-12-26,19,14,0,246.03,0.0,276.6,75.0,0.0,1.0,0.0,0.0,0.0
2024-12-26 20:00:00,2024-12-26,20,12,0,156.46,0.38,276.61,75.0,0.0,0.0,0.0,1.0,0.0
2024-12-26 21:00:00,2024-12-26,21,4,0,45.74,0.25,276.58,75.0,0.0,0.0,0.0,1.0,0.0
2024-12-27 11:00:00,2024-12-27,11,0,0,0.0,0.0,279.4,40.0,0.0,1.0,0.0,0.0,0.0
2024-12-27 12:00:00,2024-12-27,12,5,0,46.86,0.0,280.26,75.0,0.0,1.0,0.0,0.0,0.0
2024-12-27 13:00:00,2024-12-27,13,8,0,116.34,0.0,279.5,75.0,0.0,1.0,0.0,0.0,0.0
2024-12-27 14:00:00,2024-12-27,14,17,0,183.54,0.0,278.16,100.0,0.0,1.0,0.0,0.0,0.0
2024-12-27 15:00:00,2024-12-27,15,16,0,201.31,0.0,278.11,100.0,0.0,1.0,0.0,0.0,0.0
2024-12-27 16:00:00,2024-12-27,16,11,0,132.5,0.51,276.51,100.0,0.0,0.0,1.0,1.0,0.0
2024-12-27 17:00:00,2024-12-27,17,8,0,101.78,0.56,275.73,100.0,0.0,0.0,1.0,1.0,0.0
2024-12-27 18:00:00,2024-12-27,18,5,0,67.07,0.97,275.73,100.0,0.0,0.0,1.0,1.0,0.0
2024-12-27 19:00:00,2024-12-27,19,11,0,187.57,0.76,276.02,100.0,0.0,0.0,1.0,1.0,0.0
2024-12-27 20:00:00,2024-12-27,20,8,0,83.12,0.87,275.82,100.0,0.0,0.0,0.0,1.0,0.0
2024-12-27 21:00:00,2024-12-27,21,7,0,81.38,0.96,275.21,100.0,0.0,0.0,0.0,1.0,0.0
2024-12-28 11:00:00,2024-12-28,11,3,0,26.54,0.25,277.69,75.0,0.0,0.0,0.0,1.0,0.0
2024-12-28 12:00:00,2024-12-28,12,5,0,64.15,0.25,278.74,75.0,0.0,0.0,0.0,1.0,0.0
2024-12-28 13:00:00,2024-12-28,13,11,0,232.84,1.2,279.36,75.0,0.0,0.0,0.0,1.0,0.0
2024-12-28 14:00:00,2024-12-28,14,7,0,82.28,0.25,280.2,75.0,0.0,0.0,0.0,1.0,0.0
2024-12-28 15:00:00,2024-12-28,15,15,0,200.71,0.25,282.98,40.0,0.0,0.0,0.0,1.0,0.0
2024-12-28 16:00:00,2024-12-28,16,15,0,165.5,0.25,281.13,75.0,0.0,0.0,0.0,1.0,0.0
2024-12-28 17:00:00,2024-12-28,17,16,0,187.91,0.25,279.87,75.0,0.0,0.0,0.0,1.0,0.0
2024-12-28 18:00:00,2024-12-28,18,10,0,119.46,0.25,278.78,75.0,0.0,0.0,0.0,1.0,0.0
2024-12-28 19:00:00,2024-12-28,19,12,0,168.04,0.25,277.88,40.0,0.0,0.0,0.0,1.0,0.0
2024-12-28 20:00:00,2024-12-28,20,23,0,290.41,0.49,279.42,40.0,0.0,0.0,0.0,1.0,0.0
2024-12-28 21:00:00,2024-12-28,21,2,0,19.34,0.43,278.94,40.0,0.0,0.0,0.0,1.0,0.0
2024-12-29 11:00:00,2024-12-29,11,3,0,47.23,0.4,277.87,100.0,0.0,0.0,0.0,1.0,0.0
2024-12-29 12:00:00,2024-12-29,12,6,0,92.91,1.82,277.93,100.0,0.0,0.0,0.0,1.0,0.0
2024-12-29 13:00:00,2024-12-29,13,8,0,83.9,2.96,278.16,100.0,0.0,0.0,0.0,1.0,0.0
2024-12-29 14:00:00,2024-12-29,14,17,0,190.77,2.84,277.38,100.0,0.0,0.0,1.0,1.0,0.0
2024-12-29 15:00:00,2024-12-29,15,9,0,129.52,1.74,276.93,100.0,0.0,0.0,0.0,1.0,0.0
2024-12-29 16:00:00,2024-12-29,16,15,0,199.73,0.56,277.45,75.0,0.0,0.0,0.0,1.0,0.0
2024-12-29 17:00:00,2024-12-29,17,10,0,134.47,0.25,277.33,75.0,0.0,0.0,0.0,1.0,0.0
2024-12-29 18:00:00,2024-12-29,18,11,0,131.15,0.25,277.82,75.0,0.0,0.0,0.0,1.0,0.0
2024-12-29 19:00:00,2024-12-29,19,21,0,241.08,0.61,278.31,100.0,0.0,0.0,0.0,1.0,0.0
2024-12-29 20:00:00,2024-12-29,20,14,0,178.83,0.28,276.66,75.0,0.0,0.0,0.0,1.0,0.0
2024-12-29 21:00:00,2024-12-29,21,6,0,51.08,0.0,274.84,40.0,0.0,1.0,0.0,0.0,0.0
2024-12-30 11:00:00,2024-12-30,11,1,0,35.4,1.27,274.99,100.0,0.0,0.0,1.0,1.0,0.0
2024-12-30 12:00:00,2024-12-30,12,6,0,58.46,1.2,273.99,100.0,0.0,0.0,1.0,1.0,0.0
2024-12-30 13:00:00,2024-12-30,13,9,0,102.1,0.45,274.36,100.0,0.0,0.0,0.0,1.0,0.0
2024-12-30 14:00:00,2024-12-30,14,8,0,141.78,0.25,275.18,100.0,0.0,0.0,1.0,1.0,0.0
2024-12-30 15:00:00,2024-12-30,15,14,0,159.28,1.47,275.03,100.0,0.0,0.0,1.0,1.0,0.0
2024-12-30 16:00:00,2024-12-30,16,6,0,57.5,1.19,275.2,100.0,0.0,0.0,1.0,1.0,0.0
2024-12-30 17:00:00,2024-12-30,17,6,0,66.65,1.16,275.09,100.0,0.0,0.0,1.0,1.0,0.0
2024-12-30 18:00:00,2024-12-30,18,9,0,94.42,0.86,274.92,100.0,0.0,0.0,0.0,1.0,0.0
2024-12-30 19:00:00,2024-12-30,19,13,0,167.33,0.34,274.52,100.0,0.0,0.0,0.0,1.0,0.0
2024-12-30 20:00:00,2024-12-30,20,16,0,210.66,0.0,275.63,100.0,0.0,0.0,0.0,1.0,0.0
2024-12-30 21:00:00,2024-12-30,21,1,0,29.3,0.25,275.9,100.0,0.0,0.0,0.0,1.0,0.0
2024-12-31 11:00:00,2024-12-31,11,2,0,16.6,0.0,276.48,75.0,0.0,1.0,0.0,0.0,0.0
2024-12-31 12:00:00,2024-12-31,12,12,0,134.57,0.0,277.68,75.0,0.0,1.0,0.0,0.0,0.0
2024-12-31 13:00:00,2024-12-31,13,7,0,68.71,0.0,277.59,75.0,0.0,1.0,0.0,0.0,0.0
2024-12-31 14:00:00,2024-12-31,14,9,0,95.72,0.0,278.15,75.0,0.0,1.0,0.0,0.0,0.0
2024-12-31 15:00:00,2024-12-31,15,14,0,133.95,0.0,277.02,75.0,0.0,1.0,0.0,0.0,0.0
2024-12-31 16:00:00,2024-12-31,16,26,0,366.12,0.51,278.93,75.0,0.0,0.0,0.0,1.0,0.0
2024-12-31 17:00:00,2024-12-31,17,13,0,140.24,0.0,277.06,75.0,0.0,1.0,0.0,0.0,0.0
2024-12-31 18:00:00,2024-12-31,18,14,0,197.76,0.0,277.7,100.0,0.0,1.0,0.0,0.0,0.0
2024-12-31 19:00:00,2024-12-31,19,22,0,217.66,0.0,277.28,100.0,0.0,1.0,0.0,0.0,0.0
2024-12-31 20:00:00,2024-12-31,20,23,0,270.55,0.0,274.36,100.0,0.0,1.0,0.0,0.0,0.0
2024-12-31 21:00:00,2024-12-31,21,7,0,67.89,0.0,274.46,100.0,0.0,1.0,0.0,0.0,0.0
2025-01-01 11:00:00,2025-01-01,11,0,0,0.0,0.0,274.83,100.0,0.0,1.0,0.0,0.0,0.0
2025-01-01 12:00:00,2025-01-01,12,9,0,68.96,0.0,276.8,75.0,0.0,1.0,0.0,0.0,0.0
2025-01-01 13:00:00,2025-01-01,13,8,0,97.37,0.0,275.98,75.0,0.0,1.0,0.0,0.0,0.0
2025-01-01 14:00:00,2025-01-01,14,10,0,111.63,0.0,276.38,75.0,0.0,1.0,0.0,0.0,0.0
2025-01-01 15:00:00,2025-01-01,15,14,0,163.1,0.0,277.57,75.0,0.0,1.0,0.0,0.0,0.0
2025-01-01 16:00:00,2025-01-01,16,17,0,205.4,0.0,277.3,75.0,0.0,1.0,0.0,0.0,0.0
2025-01-01 17:00:00,2025-01-01,17,10,0,129.5,0.0,278.24,95.0,0.0,1.0,0.0,0.0,0.0
2025-01-01 18:00:00,2025-01-01,18,18,0,219.31,0.0,275.23,75.0,0.0,1.0,0.0,0.0,0.0
2025-01-01 19:00:00,2025-01-01,19,9,0,91.03,0.0,275.23,75.0,0.0,1.0,0.0,0.0,0.0
2025-01-01 20:00:00,2025-01-01,20,25,0,124.9,0.0,274.46,40.0,0.0,1.0,0.0,0.0,0.0
2025-01-01 21:00:00,2025-01-01,21,13,0,280.56,0.0,275.74,75.0,0.0,1.0,0.0,0.0,0.0
2025-01-02 11:00:00,2025-01-02,11,5,0,66.36,0.3,274.29,100.0,0.0,0.0,0.0,1.0,0.0
2025-01-02 12:00:00,2025-01-02,12,6,0,64.5,0.34,274.47,100.0,0.0,0.0,0.0,1.0,0.0
2025-01-02 13:00:00,2025-01-02,13,2,0,20.13,0.84,274.33,100.0,0.0,0.0,0.0,1.0,0.0
2025-01-02 14:00:00,2025-01-02,14,4,0,53.55,0.76,274.08,100.0,0.0,0.0,0.0,1.0,0.0
2025-01-02 15:00:00,2025-01-02,15,6,0,70.66,0.69,274.62,100.0,0.0,0.0,0.0,1.0,0.0
2025-01-02 16:00:00,2025-01-02,16,10,0,92.27,0.76,275.37,100.0,0.0,0.0,0.0,1.0,0.0
2025-01-02 17:00:00,2025-01-02,17,5,0,52.43,0.72,275.43,100.0,0.0,0.0,0.0,1.0,0.0
2025-01-02 18:00:00,2025-01-02,18,21,0,232.54,0.97,275.91,100.0,0.0,0.0,0.0,1.0,0.0
2025-01-02 19:00:00,2025-01-02,19,7,0,97.85,0.57,275.97,100.0,0.0,0.0,0.0,1.0,0.0
2025-01-02 20:00:00,2025-01-02,20,10,0,108.82,0.38,276.73,100.0,0.0,0.0,0.0,1.0,0.0
2025-01-02 21:00:00,2025-01-02,21,0,0,0.0,0.0,276.76,100.0,0.0,0.0,0.0,1.0,0.0
2025-01-03 11:00:00,2025-01-03,11,2,0,31.9,0.28,275.53,100.0,0.0,0.0,0.0,1.0,0.0
2025-01-03 12:00:00,2025-01-03,12,0,0,0.0,0.58,275.46,100.0,0.0,0.0,0.0,1.0,0.0
2025-01-03 13:00:00,2025-01-03,13,10,0,130.64,1.27,276.49,100.0,0.0,0.0,0.0,1.0,0.0
2025-01-03 14:00:00,2025-01-03,14,4,0,35.65,0.73,277.23,100.0,0.0,0.0,0.0,1.0,0.0
2025-01-03 15:00:00,2025-01-03,15,12,0,165.15,1.16,276.21,100.0,0.0,0.0,0.0,1.0,0.0
2025-01-03 16:00:00,2025-01-03,16,6,0,64.23,1.16,278.18,100.0,0.0,0.0,0.0,1.0,0.0
2025-01-03 17:00:00,2025-01-03,17,11,0,135.23,0.34,276.45,100.0,0.0,0.0,0.0,1.0,0.0
2025-01-03 18:00:00,2025-01-03,18,13,0,175.6,0.72,275.92,100.0,0.0,0.0,0.0,1.0,0.0
2025-01-03 19:00:00,2025-01-03,19,12,0,139.06,0.37,275.81,100.0,0.0,0.0,0.0,1.0,0.0
2025-01-03 20:00:00,2025-01-03,20,9,0,98.19,0.0,276.2,100.0,0.0,1.0,0.0,0.0,0.0
2025-01-03 21:00:00,2025-01-03,21,6,0,65.83,0.0,277.08,100.0,0.0,1.0,0.0,0.0,0.0
2025-01-04 11:00:00,2025-01-04,11,4,0,49.79,0.25,277.53,100.0,0.0,0.0,0.0,1.0,0.0
2025-01-04 12:00:00,2025-01-04,12,4,0,42.27,0.51,277.29,100.0,0.0,0.0,0.0,1.0,0.0
2025-01-04 13:00:00,2025-01-04,13,7,0,50.95,0.95,277.48,100.0,0.0,0.0,0.0,1.0,0.0
2025-01-04 14:00:00,2025-01-04,14,12,0,130.1,0.63,277.25,100.0,0.0,0.0,0.0,1.0,0.0
2025-01-04 15:00:00,2025-01-04,15,7,0,128.38,0.35,277.44,100.0,0.0,0.0,0.0,1.0,0.0
2025-01-04 16:00:00,2025-01-04,16,8,0,104.11,0.56,277.42,100.0,0.0,0.0,0.0,1.0,0.0
2025-01-04 17:00:00,2025-01-04,17,6,0,79.71,0.92,277.37,100.0,0.0,0.0,0.0,1.0,0.0
2025-01-04 18:00:00,2025-01-04,18,10,0,73.87,1.1,277.18,100.0,0.0,0.0,0.0,1.0,0.0
2025-01-04 19:00:00,2025-01-04,19,11,0,157.77,8.47,276.72,100.0,0.0,0.0,0.0,1.0,0.0
2025-01-04 20:00:00,2025-01-04,20,18,0,258.06,2.11,276.75,100.0,0.0,0.0,0.0,1.0,0.0
2025-01-04 21:00:00,2025-01-04,21,6,0,77.55,0.89,277.24,100.0,0.0,0.0,0.0,1.0,0.0
2025-01-05 11:00:00,2025-01-05,11,2,0,31.48,0.0,280.22,100.0,0.0,1.0,0.0,0.0,0.0
2025-01-05 12:00:00,2025-01-05,12,10,0,101.62,0.0,280.33,75.0,0.0,1.0,0.0,0.0,0.0
2025-01-05 13:00:00,2025-01-05,13,5,0,57.76,0.0,279.84,100.0,0.0,1.0,0.0,0.0,0.0
2025-01-05 14:00:00,2025-01-05,14,4,0,60.28,0.0,279.37,75.0,0.0,1.0,0.0,0.0,0.0
2025-01-05 15:00:00,2025-01-05,15,12,0,132.44,0.0,279.44,75.0,0.0,1.0,0.0,0.0,0.0
2025-01-05 16:00:00,2025-01-05,16,19,0,252.75,0.0,279.73,87.0,0.0,1.0,0.0,0.0,0.0
2025-01-05 17:00:00,2025-01-05,17,13,0,140.97,0.0,279.67,91.0,0.0,1.0,0.0,0.0,0.0
2025-01-05 18:00:00,2025-01-05,18,15,0,147.38,0.0,279.22,92.0,0.0,1.0,0.0,0.0,0.0
2025-01-05 19:00:00,2025-01-05,19,11,0,119.49,0.0,277.16,73.0,0.0,1.0,0.0,0.0,0.0
2025-01-05 20:00:00,2025-01-05,20,11,0,114.65,0.0,277.86,60.0,0.0,1.0,0.0,0.0,0.0
2025-01-05 21:00:00,2025-01-05,21,3,0,51.65,0.0,276.5,24.0,0.0,1.0,0.0,0.0,0.0
2025-01-06 11:00:00,2025-01-06,11,1,0,15.47,0.0,277.73,2.0,1.0,0.0,0.0,0.0,0.0
2025-01-06 12:00:00,2025-01-06,12,7,0,102.88,0.0,277.16,0.0,1.0,0.0,0.0,0.0,0.0
2025-01-06 13:00:00,2025-01-06,13,5,0,65.56,0.0,276.76,40.0,0.0,1.0,0.0,0.0,0.0
2025-01-06 14:00:00,2025-01-06,14,5,0,58.22,0.0,277.99,20.0,0.0,1.0,0.0,0.0,0.0
2025-01-06 15:00:00,2025-01-06,15,6,0,81.13,0.0,278.78,75.0,0.0,1.0,0.0,0.0,0.0
2025-01-06 16:00:00,2025-01-06,16,8,0,114.76,0.0,276.7,75.0,0.0,1.0,0.0,0.0,0.0
2025-01-06 17:00:00,2025-01-06,17,5,0,55.64,0.0,276.14,75.0,0.0,1.0,0.0,0.0,0.0
2025-01-06 18:00:00,2025-01-06,18,7,0,81.08,0.0,276.32,75.0,0.0,1.0,0.0,0.0,0.0
2025-01-06 19:00:00,2025-01-06,19,10,0,99.82,0.0,275.78,100.0,0.0,1.0,0.0,0.0,0.0
2025-01-06 20:00:00,2025-01-06,20,9,0,59.05,0.0,277.51,100.0,0.0,1.0,0.0,0.0,0.0
2025-01-06 21:00:00,2025-01-06,21,0,0,0.0,0.0,277.09,100.0,0.0,0.0,1.0,0.0,0.0
2025-01-07 11:00:00,2025-01-07,11,5,0,40.42,0.0,275.55,75.0,0.0,0.0,1.0,0.0,0.0
2025-01-07 12:00:00,2025-01-07,12,3,0,22.43,0.0,275.95,98.0,0.0,1.0,0.0,0.0,0.0
2025-01-07 13:00:00,2025-01-07,13,5,0,56.81,0.0,275.6,100.0,0.0,1.0,0.0,0.0,0.0
2025-01-07 14:00:00,2025-01-07,14,4,0,72.92,0.0,275.66,100.0,0.0,1.0,0.0,0.0,0.0
2025-01-07 15:00:00,2025-01-07,15,5,0,51.65,0.0,277.29,75.0,0.0,1.0,0.0,0.0,0.0
2025-01-07 16:00:00,2025-01-07,16,5,0,61.43,0.0,278.61,75.0,0.0,1.0,0.0,0.0,0.0
2025-01-07 17:00:00,2025-01-07,17,8,0,93.27,0.23,276.48,75.0,0.0,0.0,0.0,1.0,0.0
2025-01-07 18:00:00,2025-01-07,18,7,0,72.84,0.0,277.01,100.0,0.0,1.0,0.0,0.0,0.0
2025-01-07 19:00:00,2025-01-07,19,4,0,56.12,0.0,278.92,100.0,0.0,1.0,0.0,0.0,0.0
2025-01-07 20:00:00,2025-01-07,20,10,0,106.5,0.0,277.12,100.0,0.0,0.0,0.0,1.0,0.0
2025-01-07 21:00:00,2025-01-07,21,0,0,0.0,0.38,276.85,100.0,0.0,0.0,0.0,1.0,0.0
2025-01-08 11:00:00,2025-01-08,11,5,0,200.76,0.0,280.82,100.0,0.0,1.0,0.0,0.0,0.0
2025-01-08 12:00:00,2025-01-08,12,6,0,71.18,0.0,279.17,100.0,0.0,1.0,0.0,0.0,0.0
2025-01-08 13:00:00,2025-01-08,13,10,0,132.52,0.0,280.09,100.0,0.0,1.0,0.0,0.0,0.0
2025-01-08 14:00:00,2025-01-08,14,6,0,143.25,0.0,279.54,100.0,0.0,1.0,0.0,0.0,0.0
2025-01-08 15:00:00,2025-01-08,15,8,0,109.88,0.0,279.27,75.0,0.0,1.0,0.0,0.0,0.0
2025-01-08 16:00:00,2025-01-08,16,3,0,33.05,0.0,277.49,93.0,0.0,1.0,0.0,0.0,0.0
2025-01-08 17:00:00,2025-01-08,17,4,0,42.1,0.0,279.03,71.0,0.0,1.0,0.0,0.0,0.0
2025-01-08 18:00:00,2025-01-08,18,8,0,94.39,0.0,277.6,22.0,0.0,1.0,0.0,0.0,0.0
2025-01-08 19:00:00,2025-01-08,19,12,0,89.35,0.0,275.86,0.0,1.0,0.0,0.0,0.0,0.0
2025-01-08 20:00:00,2025-01-08,20,3,0,27.6,0.0,277.57,21.0,0.0,1.0,0.0,0.0,0.0
2025-01-08 21:00:00,2025-01-08,21,0,0,0.0,0.0,276.31,32.0,0.0,1.0,0.0,0.0,0.0
2025-01-09 11:00:00,2025-01-09,11,2,0,20.14,0.0,278.26,40.0,0.0,1.0,0.0,0.0,0.0
2025-01-09 12:00:00,2025-01-09,12,3,0,61.84,0.0,280.11,75.0,0.0,1.0,0.0,0.0,0.0
2025-01-09 13:00:00,2025-01-09,13,8,0,71.75,0.0,280.11,75.0,0.0,1.0,0.0,0.0,0.0
2025-01-09 14:00:00,2025-01-09,14,9,0,86.9,0.0,282.26,11.0,0.0,1.0,0.0,0.0,0.0
2025-01-09 15:00:00,2025-01-09,15,7,0,65.55,0.0,282.8,12.0,0.0,1.0,0.0,0.0,0.0
2025-01-09 16:00:00,2025-01-09,16,12,0,110.75,0.0,281.41,34.0,0.0,1.0,0.0,0.0,0.0
2025-01-09 17:00:00,2025-01-09,17,17,0,162.34,0.0,279.62,90.0,0.0,1.0,0.0,0.0,0.0
2025-01-09 18:00:00,2025-01-09,18,9,0,83.41,0.0,279.83,96.0,0.0,1.0,0.0,0.0,0.0
2025-01-09 19:00:00,2025-01-09,19,10,0,94.34,0.0,278.15,100.0,0.0,1.0,0.0,0.0,0.0
2025-01-09 20:00:00,2025-01-09,20,3,0,21.4,0.0,276.8,100.0,0.0,1.0,0.0,0.0,0.0
2025-01-09 21:00:00,2025-01-09,21,0,0,0.0,0.0,277.81,100.0,0.0,1.0,0.0,0.0,0.0
2025-01-10 11:00:00,2025-01-10,11,6,0,32.76,0.25,275.87,75.0,0.0,0.0,0.0,1.0,0.0
2025-01-10 12:00:00,2025-01-10,12,8,0,141.57,0.25,275.24,75.0,0.0,0.0,0.0,1.0,0.0
2025-01-10 13:00:00,2025-01-10,13,16,0,146.75,0.0,276.26,75.0,0.0,1.0,0.0,0.0,0.0
2025-01-10 14:00:00,2025-01-10,14,6,0,87.76,0.0,276.37,75.0,0.0,1.0,0.0,0.0,0.0
2025-01-10 15:00:00,2025-01-10,15,10,0,137.44,0.0,276.55,40.0,0.0,1.0,0.0,0.0,0.0
2025-01-10 16:00:00,2025-01-10,16,9,0,92.31,0.0,276.64,20.0,0.0,1.0,0.0,0.0,0.0
2025-01-10 17:00:00,2025-01-10,17,9,0,88.42,0.0,275.91,20.0,0.0,1.0,0.0,0.0,0.0
2025-01-10 18:00:00,2025-01-10,18,18,0,199.73,0.0,275.66,20.0,0.0,1.0,0.0,0.0,0.0
2025-01-10 19:00:00,2025-01-10,19,17,0,192.73,0.0,275.15,20.0,0.0,1.0,0.0,0.0,0.0
2025-01-10 20:00:00,2025-01-10,20,11,0,191.61,0.0,274.54,75.0,0.0,1.0,0.0,0.0,0.0
2025-01-10 21:00:00,2025-01-10,21,10,0,118.54,14.22,274.19,75.0,0.0,0.0,0.0,1.0,0.0
2025-01-11 11:00:00,2025-01-11,11,7,0,70.42,0.25,278.43,75.0,0.0,0.0,0.0,1.0,0.0
2025-01-11 12:00:00,2025-01-11,12,16,0,114.4,0.68,278.39,75.0,0.0,0.0,0.0,1.0,0.0
2025-01-11 13:00:00,2025-01-11,13,20,0,167.47,0.26,278.78,75.0,0.0,0.0,0.0,1.0,0.0
2025-01-11 14:00:00,2025-01-11,14,34,0,250.66,0.18,278.16,75.0,0.0,0.0,0.0,1.0,0.0
2025-01-11 15:00:00,2025-01-11,15,29,0,202.58,0.0,278.55,75.0,0.0,1.0,0.0,0.0,0.0
2025-01-11 16:00:00,2025-01-11,16,30,0,203.52,0.25,277.11,75.0,0.0,0.0,0.0,1.0,0.0
2025-01-11 17:00:00,2025-01-11,17,22,0,146.47,0.25,276.39,75.0,0.0,0.0,0.0,1.0,0.0
2025-01-11 18:00:00,2025-01-11,18,30,0,201.81,0.0,277.78,75.0,0.0,1.0,0.0,0.0,0.0
2025-01-11 19:00:00,2025-01-11,19,38,0,251.95,0.0,278.71,100.0,0.0,1.0,0.0,0.0,0.0
2025-01-11 20:00:00,2025-01-11,20,34,0,232.55,0.0,278.87,75.0,0.0,1.0,0.0,0.0,0.0
2025-01-11 21:00:00,2025-01-11,21,13,0,114.45,0.13,278.04,75.0,0.0,0.0,0.0,1.0,0.0
2025-01-12 11:00:00,2025-01-12,11,14,0,109.25,0.0,277.37,78.0,0.0,1.0,0.0,0.0,0.0
2025-01-12 12:00:00,2025-01-12,12,19,0,129.96,0.0,277.58,81.0,0.0,1.0,0.0,0.0,0.0
2025-01-12 13:00:00,2025-01-12,13,26,0,157.82,0.0,277.88,80.0,0.0,1.0,0.0,0.0,0.0
2025-01-12 14:00:00,2025-01-12,14,46,0,283.66,0.0,277.59,86.0,0.0,1.0,0.0,0.0,0.0
2025-01-12 15:00:00,2025-01-12,15,46,0,305.28,0.0,278.22,76.0,0.0,1.0,0.0,0.0,0.0
2025-01-12 16:00:00,2025-01-12,16,41,0,214.51,0.0,277.58,74.0,0.0,1.0,0.0,0.0,0.0
2025-01-12 17:00:00,2025-01-12,17,29,0,217.07,0.0,277.08,17.0,0.0,1.0,0.0,0.0,0.0
2025-01-12 18:00:00,2025-01-12,18,34,0,230.69,0.0,273.43,15.0,0.0,1.0,0.0,0.0,0.0
2025-01-12 19:00:00,2025-01-12,19,21,0,141.37,0.0,277.18,12.0,0.0,1.0,0.0,0.0,0.0
2025-01-12 20:00:00,2025-01-12,20,34,0,248.42,0.0,275.26,0.0,1.0,0.0,0.0,0.0,0.0
2025-01-12 21:00:00,2025-01-12,21,13,0,81.53,0.0,275.93,75.0,0.0,1.0,0.0,0.0,0.0
2025-01-13 11:00:00,2025-01-13,11,4,0,41.46,0.0,275.82,100.0,0.0,1.0,0.0,0.0,0.0
2025-01-13 12:00:00,2025-01-13,12,4,0,90.58,0.0,276.15,100.0,0.0,1.0,0.0,0.0,0.0
2025-01-13 13:00:00,2025-01-13,13,8,0,59.95,0.0,276.28,100.0,0.0,1.0,0.0,0.0,0.0
2025-01-13 14:00:00,2025-01-13,14,8,0,142.56,0.0,277.05,100.0,0.0,1.0,0.0,0.0,0.0
2025-01-13 15:00:00,2025-01-13,15,8,0,106.87,0.0,277.47,100.0,0.0,1.0,0.0,0.0,0.0
2025-01-13 16:00:00,2025-01-13,16,9,0,107.56,0.0,278.34,75.0,0.0,1.0,0.0,0.0,0.0
2025-01-13 17:00:00,2025-01-13,17,7,0,66.2,0.0,277.83,100.0,0.0,1.0,0.0,0.0,0.0
2025-01-13 18:00:00,2025-01-13,18,16,0,154.87,0.0,277.53,100.0,0.0,1.0,0.0,0.0,0.0
2025-01-13 19:00:00,2025-01-13,19,10,0,121.29,0.0,277.17,75.0,0.0,1.0,0.0,0.0,0.0
2025-01-13 20:00:00,2025-01-13,20,8,0,53.37,0.25,276.46,100.0,0.0,0.0,0.0,1.0,0.0
2025-01-13 21:00:00,2025-01-13,21,0,0,0.0,0.0,274.26,75.0,0.0,1.0,0.0,0.0,0.0
2025-01-14 11:00:00,2025-01-14,11,8,0,93.37,0.0,277.07,75.0,0.0,1.0,0.0,0.0,0.0
2025-01-14 12:00:00,2025-01-14,12,7,0,115.73,0.0,278.59,75.0,0.0,1.0,0.0,0.0,0.0
2025-01-14 13:00:00,2025-01-14,13,7,0,52.82,0.0,279.14,51.0,0.0,1.0,0.0,0.0,0.0
2025-01-14 14:00:00,2025-01-14,14,8,0,97.72,0.0,278.85,49.0,0.0,1.0,0.0,0.0,0.0
2025-01-14 15:00:00,2025-01-14,15,10,0,142.27,0.0,278.0,75.0,0.0,1.0,0.0,0.0,0.0
2025-01-14 16:00:00,2025-01-14,16,5,0,49.28,0.0,278.06,89.0,0.0,1.0,0.0,0.0,0.0
2025-01-14 17:00:00,2025-01-14,17,4,0,64.41,0.0,278.81,77.0,0.0,1.0,0.0,0.0,0.0
2025-01-14 18:00:00,2025-01-14,18,11,0,117.97,0.0,276.57,75.0,0.0,1.0,0.0,0.0,0.0
2025-01-14 19:00:00,2025-01-14,19,12,0,94.87,0.0,275.03,75.0,0.0,1.0,0.0,0.0,0.0
2025-01-14 20:00:00,2025-01-14,20,8,0,61.22,0.0,275.39,45.0,0.0,1.0,0.0,0.0,0.0
2025-01-14 21:00:00,2025-01-14,21,0,0,0.0,0.0,275.89,100.0,0.0,1.0,0.0,0.0,0.0
2025-01-15 11:00:00,2025-01-15,11,3,0,23.3,0.0,278.47,20.0,0.0,1.0,0.0,0.0,0.0
2025-01-15 12:00:00,2025-01-15,12,12,0,109.72,0.25,280.42,20.0,0.0,0.0,0.0,1.0,0.0
2025-01-15 13:00:00,2025-01-15,13,4,0,53.89,0.0,279.82,20.0,0.0,1.0,0.0,0.0,0.0
2025-01-15 14:00:00,2025-01-15,14,11,0,140.9,0.0,280.81,5.0,1.0,0.0,0.0,0.0,0.0
2025-01-15 15:00:00,2025-01-15,15,15,0,128.22,0.0,280.89,3.0,1.0,0.0,0.0,0.0,0.0
2025-01-15 16:00:00,2025-01-15,16,11,0,118.36,0.0,279.81,9.0,1.0,0.0,0.0,0.0,0.0
2025-01-15 17:00:00,2025-01-15,17,7,0,73.84,0.0,278.97,47.0,0.0,1.0,0.0,0.0,0.0
2025-01-15 18:00:00,2025-01-15,18,14,0,123.94,0.0,277.73,40.0,0.0,1.0,0.0,0.0,0.0
2025-01-15 19:00:00,2025-01-15,19,15,0,142.41,0.0,277.04,94.0,0.0,1.0,0.0,0.0,0.0
2025-01-15 20:00:00,2025-01-15,20,12,0,138.99,0.0,275.56,40.0,0.0,1.0,0.0,0.0,0.0
2025-01-15 21:00:00,2025-01-15,21,0,0,0.0,0.0,276.07,88.0,0.0,1.0,0.0,0.0,0.0
2025-01-16 11:00:00,2025-01-16,11,7,0,65.48,0.0,276.5,75.0,0.0,1.0,0.0,0.0,0.0
2025-01-16 12:00:00,2025-01-16,12,9,0,79.21,0.0,274.38,75.0,0.0,1.0,0.0,0.0,0.0
2025-01-16 13:00:00,2025-01-16,13,12,0,93.37,0.25,276.3,40.0,0.0,0.0,0.0,1.0,0.0
2025-01-16 14:00:00,2025-01-16,14,7,0,127.37,0.0,275.9,20.0,0.0,1.0,0.0,0.0,0.0
2025-01-16 15:00:00,2025-01-16,15,15,0,123.86,0.0,276.55,20.0,0.0,1.0,0.0,0.0,0.0
2025-01-16 16:00:00,2025-01-16,16,18,0,138.05,0.0,276.0,0.0,1.0,0.0,0.0,0.0,0.0
2025-01-16 17:00:00,2025-01-16,17,10,0,67.82,0.0,274.43,0.0,1.0,0.0,0.0,0.0,0.0
2025-01-16 18:00:00,2025-01-16,18,11,0,92.09,0.0,274.18,0.0,1.0,0.0,0.0,0.0,0.0
2025-01-16 19:00:00,2025-01-16,19,14,0,113.2,0.0,274.99,0.0,1.0,0.0,0.0,0.0,0.0
2025-01-16 20:00:00,2025-01-16,20,4,0,34.3,0.0,274.54,20.0,0.0,1.0,0.0,0.0,0.0
2025-01-16 21:00:00,2025-01-16,21,0,0,0.0,0.0,274.2,20.0,0.0,1.0,0.0,0.0,0.0
2025-01-17 11:00:00,2025-01-17,11,5,0,30.08,0.25,276.99,0.0,0.0,0.0,0.0,1.0,0.0
2025-01-17 12:00:00,2025-01-17,12,10,0,113.13,0.0,276.7,0.0,1.0,0.0,0.0,0.0,0.0
2025-01-17 13:00:00,2025-01-17,13,12,0,115.24,0.0,277.66,20.0,0.0,1.0,0.0,0.0,0.0
2025-01-17 14:00:00,2025-01-17,14,12,0,214.58,0.0,277.66,20.0,0.0,1.0,0.0,0.0,0.0
2025-01-17 15:00:00,2025-01-17,15,13,0,120.13,0.0,276.83,20.0,0.0,1.0,0.0,0.0,0.0
2025-01-17 16:00:00,2025-01-17,16,15,0,170.0,0.0,277.05,0.0,1.0,0.0,0.0,0.0,0.0
2025-01-17 17:00:00,2025-01-17,17,18,0,186.1,0.0,275.47,7.0,1.0,0.0,0.0,0.0,0.0
2025-01-17 18:00:00,2025-01-17,18,18,0,142.45,0.0,275.79,0.0,1.0,0.0,0.0,0.0,0.0
2025-01-17 19:00:00,2025-01-17,19,26,0,195.04,0.0,274.32,0.0,1.0,0.0,0.0,0.0,0.0
2025-01-17 20:00:00,2025-01-17,20,26,0,314.38,0.0,272.17,0.0,1.0,0.0,0.0,0.0,0.0
2025-01-17 21:00:00,2025-01-17,21,5,0,61.85,0.0,272.1,20.0,0.0,1.0,0.0,0.0,0.0
2025-01-18 11:00:00,2025-01-18,11,5,0,63.14,0.0,275.75,20.0,0.0,1.0,0.0,0.0,0.0
2025-01-18 12:00:00,2025-01-18,12,7,0,57.98,0.0,277.81,20.0,0.0,1.0,0.0,0.0,0.0
2025-01-18 13:00:00,2025-01-18,13,22,0,294.56,0.0,277.56,75.0,0.0,1.0,0.0,0.0,0.0
2025-01-18 14:00:00,2025-01-18,14,22,0,185.16,0.0,277.88,75.0,0.0,1.0,0.0,0.0,0.0
2025-01-18 15:00:00,2025-01-18,15,17,0,249.12,0.0,279.47,10.0,1.0,0.0,0.0,0.0,0.0
2025-01-18 16:00:00,2025-01-18,16,21,0,188.55,0.0,276.28,75.0,0.0,1.0,0.0,0.0,0.0
2025-01-18 17:00:00,2025-01-18,17,15,0,138.39,0.0,275.59,7.0,1.0,0.0,0.0,0.0,0.0
2025-01-18 18:00:00,2025-01-18,18,21,0,190.78,0.0,273.82,100.0,0.0,1.0,0.0,0.0,0.0
2025-01-18 19:00:00,2025-01-18,19,23,0,255.05,0.0,273.79,100.0,0.0,1.0,0.0,0.0,0.0
2025-01-18 20:00:00,2025-01-18,20,11,0,109.68,0.0,273.48,100.0,0.0,1.0,0.0,0.0,0.0
2025-01-18 21:00:00,2025-01-18,21,14,0,147.28,0.0,273.43,75.0,0.0,1.0,0.0,0.0,0.0
2025-01-19 11:00:00,2025-01-19,11,1,0,5.8,0.0,276.6,0.0,1.0,0.0,0.0,0.0,0.0
2025-01-19 12:00:00,2025-01-19,12,11,0,108.13,0.25,275.44,0.0,0.0,0.0,0.0,1.0,0.0
2025-01-19 13:00:00,2025-01-19,13,21,0,219.5,0.25,276.3,0.0,0.0,0.0,0.0,1.0,0.0
2025-01-19 14:00:00,2025-01-19,14,10,0,88.61,0.0,277.64,0.0,1.0,0.0,0.0,0.0,0.0
2025-01-19 15:00:00,2025-01-19,15,20,0,158.24,0.0,278.87,0.0,1.0,0.0,0.0,0.0,0.0
2025-01-19 16:00:00,2025-01-19,16,17,0,145.97,0.0,278.44,0.0,1.0,0.0,0.0,0.0,0.0
2025-01-19 17:00:00,2025-01-19,17,18,0,160.22,0.0,276.09,0.0,1.0,0.0,0.0,0.0,0.0
2025-01-19 18:00:00,2025-01-19,18,9,0,89.19,0.0,274.81,0.0,1.0,0.0,0.0,0.0,0.0
2025-01-19 19:00:00,2025-01-19,19,19,0,180.81,0.0,272.83,0.0,1.0,0.0,0.0,0.0,0.0
2025-01-19 20:00:00,2025-01-19,20,13,0,117.13,0.0,272.42,0.0,1.0,0.0,0.0,0.0,0.0
2025-01-19 21:00:00,2025-01-19,21,8,0,83.59,0.0,271.62,0.0,1.0,0.0,0.0,0.0,0.0
2025-01-20 11:00:00,2025-01-20,11,3,0,37.81,0.0,274.39,75.0,0.0,1.0,0.0,0.0,0.0
2025-01-20 12:00:00,2025-01-20,12,7,0,68.42,0.0,277.48,75.0,0.0,1.0,0.0,0.0,0.0
2025-01-20 13:00:00,2025-01-20,13,12,0,155.5,0.0,276.66,75.0,0.0,1.0,0.0,0.0,0.0
2025-01-20 14:00:00,2025-01-20,14,6,0,75.83,0.0,276.69,100.0,0.0,1.0,0.0,0.0,0.0
2025-01-20 15:00:00,2025-01-20,15,13,0,141.84,0.0,278.24,100.0,0.0,1.0,0.0,0.0,0.0
2025-01-20 16:00:00,2025-01-20,16,6,0,63.36,0.0,276.73,100.0,0.0,1.0,0.0,0.0,0.0
2025-01-20 17:00:00,2025-01-20,17,7,0,55.79,0.0,276.17,100.0,0.0,1.0,0.0,0.0,0.0
2025-01-20 18:00:00,2025-01-20,18,8,0,90.95,0.0,275.58,99.0,0.0,1.0,0.0,0.0,0.0
2025-01-20 19:00:00,2025-01-20,19,6,0,60.98,0.0,275.46,100.0,0.0,1.0,0.0,0.0,0.0
2025-01-20 20:00:00,2025-01-20,20,9,0,129.34,0.0,275.46,100.0,0.0,1.0,0.0,0.0,0.0
2025-01-20 21:00:00,2025-01-20,21,3,0,7.35,0.0,274.7,75.0,0.0,1.0,0.0,0.0,0.0
2025-01-21 11:00:00,2025-01-21,11,5,0,53.87,0.0,271.2,75.0,0.0,1.0,0.0,0.0,0.0
2025-01-21 12:00:00,2025-01-21,12,7,0,80.49,0.0,272.32,75.0,0.0,1.0,0.0,0.0,0.0
2025-01-21 13:00:00,2025-01-21,13,12,0,136.35,0.0,274.69,75.0,0.0,1.0,0.0,0.0,0.0
2025-01-21 14:00:00,2025-01-21,14,3,0,49.03,0.0,275.22,20.0,0.0,1.0,0.0,0.0,0.0
2025-01-21 15:00:00,2025-01-21,15,4,0,34.44,0.0,277.08,20.0,0.0,1.0,0.0,0.0,0.0
2025-01-21 16:00:00,2025-01-21,16,7,0,82.19,0.0,275.84,75.0,0.0,1.0,0.0,0.0,0.0
2025-01-21 17:00:00,2025-01-21,17,4,0,44.4,0.0,276.42,75.0,0.0,1.0,0.0,0.0,0.0
2025-01-21 18:00:00,2025-01-21,18,6,0,54.8,0.0,275.3,75.0,0.0,1.0,0.0,0.0,0.0
2025-01-21 19:00:00,2025-01-21,19,9,0,106.47,0.0,272.08,20.0,0.0,1.0,0.0,0.0,0.0
2025-01-21 20:00:00,2025-01-21,20,3,0,28.2,0.0,270.17,20.0,0.0,1.0,0.0,0.0,0.0
2025-01-21 21:00:00,2025-01-21,21,0,0,0.0,0.0,270.7,100.0,0.0,1.0,0.0,0.0,0.0
2025-01-22 11:00:00,2025-01-22,11,8,0,80.3,0.0,276.62,100.0,0.0,1.0,0.0,0.0,0.0
2025-01-22 12:00:00,2025-01-22,12,4,0,57.52,0.0,275.39,100.0,0.0,1.0,0.0,0.0,0.0
2025-01-22 13:00:00,2025-01-22,13,11,0,127.97,0.0,274.83,96.0,0.0,1.0,0.0,0.0,0.0
2025-01-22 14:00:00,2025-01-22,14,9,0,176.0,0.0,275.26,75.0,0.0,1.0,0.0,0.0,0.0
2025-01-22 15:00:00,2025-01-22,15,6,0,47.15,0.0,274.71,100.0,0.0,1.0,0.0,0.0,0.0
2025-01-22 16:00:00,2025-01-22,16,8,0,87.92,0.0,275.92,100.0,0.0,1.0,0.0,0.0,0.0
2025-01-22 17:00:00,2025-01-22,17,11,0,119.87,0.0,275.12,100.0,0.0,1.0,0.0,0.0,0.0
2025-01-22 18:00:00,2025-01-22,18,6,0,79.3,0.0,276.0,100.0,0.0,1.0,0.0,0.0,0.0
2025-01-22 19:00:00,2025-01-22,19,7,0,79.17,0.0,274.94,75.0,0.0,1.0,0.0,0.0,0.0
2025-01-22 20:00:00,2025-01-22,20,4,0,72.69,0.0,275.35,75.0,0.0,1.0,0.0,0.0,0.0
2025-01-22 21:00:00,2025-01-22,21,0,0,0.0,0.0,274.72,75.0,0.0,1.0,0.0,0.0,0.0
2025-01-23 11:00:00,2025-01-23,11,7,0,77.75,0.0,275.62,75.0,0.0,1.0,0.0,0.0,0.0
2025-01-23 12:00:00,2025-01-23,12,10,0,162.64,0.0,275.28,75.0,0.0,1.0,0.0,0.0,0.0
2025-01-23 13:00:00,2025-01-23,13,6,0,52.46,0.25,275.88,100.0,0.0,0.0,0.0,1.0,0.0
2025-01-23 14:00:00,2025-01-23,14,12,0,173.64,0.0,274.68,75.0,0.0,1.0,0.0,0.0,0.0
2025-01-23 15:00:00,2025-01-23,15,6,0,55.95,0.0,275.24,75.0,0.0,1.0,0.0,0.0,0.0
2025-01-23 16:00:00,2025-01-23,16,4,0,45.4,0.0,274.62,75.0,0.0,1.0,0.0,0.0,0.0
2025-01-23 17:00:00,2025-01-23,17,6,0,57.57,0.0,275.28,100.0,0.0,1.0,0.0,0.0,0.0
2025-01-23 18:00:00,2025-01-23,18,2,0,26.59,0.0,276.46,100.0,0.0,1.0,0.0,0.0,0.0
2025-01-23 19:00:00,2025-01-23,19,11,0,101.6,0.0,273.71,100.0,0.0,1.0,0.0,0.0,0.0
2025-01-23 20:00:00,2025-01-23,20,5,0,33.49,0.0,273.19,100.0,0.0,1.0,0.0,0.0,0.0
2025-01-23 21:00:00,2025-01-23,21,0,0,0.0,0.0,272.77,75.0,0.0,1.0,0.0,0.0,0.0
2025-01-24 11:00:00,2025-01-24,11,8,0,80.95,0.0,275.83,20.0,0.0,1.0,0.0,0.0,0.0
2025-01-24 12:00:00,2025-01-24,12,5,0,68.65,0.0,276.21,0.0,1.0,0.0,0.0,0.0,0.0
2025-01-24 13:00:00,2025-01-24,13,11,0,185.33,0.0,277.42,20.0,0.0,1.0,0.0,0.0,0.0
2025-01-24 14:00:00,2025-01-24,14,8,0,93.03,0.0,277.83,0.0,1.0,0.0,0.0,0.0,0.0
2025-01-24 15:00:00,2025-01-24,15,12,0,145.48,0.0,277.26,0.0,1.0,0.0,0.0,0.0,0.0
2025-01-24 16:00:00,2025-01-24,16,10,0,96.66,0.0,275.12,0.0,1.0,0.0,0.0,0.0,0.0
2025-01-24 17:00:00,2025-01-24,17,14,0,113.01,0.0,274.67,0.0,1.0,0.0,0.0,0.0,0.0
2025-01-24 18:00:00,2025-01-24,18,6,0,66.29,0.0,275.95,0.0,1.0,0.0,0.0,0.0,0.0
2025-01-24 19:00:00,2025-01-24,19,15,0,196.42,0.0,272.26,0.0,1.0,0.0,0.0,0.0,0.0
2025-01-24 20:00:00,2025-01-24,20,18,0,245.1,0.0,271.5,0.0,1.0,0.0,0.0,0.0,0.0
2025-01-24 21:00:00,2025-01-24,21,10,0,104.62,0.0,271.55,0.0,1.0,0.0,0.0,0.0,0.0
2025-01-25 11:00:00,2025-01-25,11,2,0,18.99,0.0,278.51,0.0,1.0,0.0,0.0,0.0,0.0
2025-01-25 12:00:00,2025-01-25,12,10,0,140.2,0.25,275.96,20.0,0.0,0.0,0.0,1.0,0.0
2025-01-25 13:00:00,2025-01-25,13,13,0,185.83,0.0,278.14,20.0,0.0,1.0,0.0,0.0,0.0
2025-01-25 14:00:00,2025-01-25,14,20,0,193.59,0.0,278.36,20.0,0.0,1.0,0.0,0.0,0.0
2025-01-25 15:00:00,2025-01-25,15,21,0,226.55,0.0,279.4,0.0,1.0,0.0,0.0,0.0,0.0
2025-01-25 16:00:00,2025-01-25,16,13,0,129.53,0.0,276.04,20.0,0.0,1.0,0.0,0.0,0.0
2025-01-25 17:00:00,2025-01-25,17,15,0,166.28,0.0,277.29,28.0,0.0,1.0,0.0,0.0,0.0
2025-01-25 18:00:00,2025-01-25,18,25,0,285.68,0.0,274.82,29.0,0.0,1.0,0.0,0.0,0.0
2025-01-25 19:00:00,2025-01-25,19,19,0,189.41,0.0,273.58,17.0,0.0,1.0,0.0,0.0,0.0
2025-01-25 20:00:00,2025-01-25,20,17,0,191.52,0.0,273.67,4.0,1.0,0.0,0.0,0.0,0.0
2025-01-25 21:00:00,2025-01-25,21,10,0,117.09,0.0,273.5,100.0,0.0,1.0,0.0,0.0,0.0
2025-01-26 11:00:00,2025-01-26,11,2,0,27.87,0.0,276.54,20.0,0.0,1.0,0.0,0.0,0.0
2025-01-26 12:00:00,2025-01-26,12,14,0,133.91,0.0,277.12,20.0,0.0,1.0,0.0,0.0,0.0
2025-01-26 13:00:00,2025-01-26,13,12,0,155.47,0.0,277.67,20.0,0.0,1.0,0.0,0.0,0.0
2025-01-26 14:00:00,2025-01-26,14,18,0,271.12,0.0,279.15,0.0,1.0,0.0,0.0,0.0,0.0
2025-01-26 15:00:00,2025-01-26,15,20,0,224.11,0.0,279.08,0.0,1.0,0.0,0.0,0.0,0.0
2025-01-26 16:00:00,2025-01-26,16,9,0,138.4,0.0,277.39,0.0,1.0,0.0,0.0,0.0,0.0
2025-01-26 17:00:00,2025-01-26,17,13,0,137.71,0.0,277.8,5.0,1.0,0.0,0.0,0.0,0.0
2025-01-26 18:00:00,2025-01-26,18,8,0,88.09,0.0,276.07,1.0,1.0,0.0,0.0,0.0,0.0
2025-01-26 19:00:00,2025-01-26,19,14,0,134.8,0.0,274.98,0.0,1.0,0.0,0.0,0.0,0.0
2025-01-26 20:00:00,2025-01-26,20,12,0,133.98,0.0,274.56,0.0,1.0,0.0,0.0,0.0,0.0
2025-01-26 21:00:00,2025-01-26,21,3,0,26.76,0.0,274.13,0.0,1.0,0.0,0.0,0.0,0.0
2025-01-27 11:00:00,2025-01-27,11,1,0,12.39,0.0,278.21,7.0,1.0,0.0,0.0,0.0,0.0
2025-01-27 12:00:00,2025-01-27,12,7,0,86.24,0.0,278.47,0.0,1.0,0.0,0.0,0.0,0.0
2025-01-27 13:00:00,2025-01-27,13,9,0,115.04,0.0,278.95,0.0,1.0,0.0,0.0,0.0,0.0
2025-01-27 14:00:00,2025-01-27,14,10,0,136.41,0.0,278.91,20.0,0.0,1.0,0.0,0.0,0.0
2025-01-27 15:00:00,2025-01-27,15,12,0,144.37,0.0,278.29,0.0,1.0,0.0,0.0,0.0,0.0
2025-01-27 16:00:00,2025-01-27,16,9,0,96.32,0.0,279.3,0.0,1.0,0.0,0.0,0.0,0.0
2025-01-27 17:00:00,2025-01-27,17,10,0,91.13,0.0,277.23,0.0,1.0,0.0,0.0,0.0,0.0
2025-01-27 18:00:00,2025-01-27,18,10,0,115.09,0.0,274.86,0.0,1.0,0.0,0.0,0.0,0.0
2025-01-27 19:00:00,2025-01-27,19,10,0,93.36,0.0,275.41,0.0,1.0,0.0,0.0,0.0,0.0
2025-01-27 20:00:00,2025-01-27,20,4,0,66.82,0.0,273.95,0.0,1.0,0.0,0.0,0.0,0.0
2025-01-27 21:00:00,2025-01-27,21,0,0,0.0,0.0,272.32,0.0,1.0,0.0,0.0,0.0,0.0
2025-01-28 11:00:00,2025-01-28,11,9,0,101.85,0.0,276.53,20.0,0.0,1.0,0.0,0.0,0.0
2025-01-28 12:00:00,2025-01-28,12,9,0,92.89,0.25,278.67,1.0,0.0,0.0,0.0,1.0,0.0
2025-01-28 13:00:00,2025-01-28,13,14,0,150.45,0.0,279.64,5.0,1.0,0.0,0.0,0.0,0.0
2025-01-28 14:00:00,2025-01-28,14,4,0,39.26,0.0,278.64,20.0,0.0,1.0,0.0,0.0,0.0
2025-01-28 15:00:00,2025-01-28,15,10,0,123.22,0.0,279.51,21.0,0.0,1.0,0.0,0.0,0.0
2025-01-28 16:00:00,2025-01-28,16,12,0,202.71,0.0,278.86,32.0,0.0,1.0,0.0,0.0,0.0
2025-01-28 17:00:00,2025-01-28,17,6,0,69.39,0.0,278.28,29.0,0.0,1.0,0.0,0.0,0.0
2025-01-28 18:00:00,2025-01-28,18,8,0,104.83,0.0,276.68,35.0,0.0,1.0,0.0,0.0,0.0
2025-01-28 19:00:00,2025-01-28,19,12,0,173.48,0.0,275.6,73.0,0.0,1.0,0.0,0.0,0.0
2025-01-28 20:00:00,2025-01-28,20,9,0,114.77,0.0,275.09,89.0,0.0,1.0,0.0,0.0,0.0
2025-01-28 21:00:00,2025-01-28,21,0,0,0.0,0.0,274.65,0.0,1.0,0.0,0.0,0.0,0.0
2025-01-29 11:00:00,2025-01-29,11,7,0,90.37,0.0,277.1,0.0,1.0,0.0,0.0,0.0,0.0
2025-01-29 12:00:00,2025-01-29,12,5,0,61.53,0.0,279.58,0.0,1.0,0.0,0.0,0.0,0.0
2025-01-29 13:00:00,2025-01-29,13,7,0,108.94,0.0,280.29,1.0,1.0,0.0,0.0,0.0,0.0
2025-01-29 14:00:00,2025-01-29,14,12,0,144.36,0.0,279.9,20.0,0.0,1.0,0.0,0.0,0.0
2025-01-29 15:00:00,2025-01-29,15,13,0,115.51,0.0,279.04,20.0,0.0,0.0,1.0,0.0,0.0
2025-01-29 16:00:00,2025-01-29,16,5,0,66.73,0.0,278.79,3.0,1.0,0.0,0.0,0.0,0.0
2025-01-29 17:00:00,2025-01-29,17,6,0,67.19,0.0,276.31,5.0,1.0,0.0,0.0,0.0,0.0
2025-01-29 18:00:00,2025-01-29,18,10,0,128.25,0.0,276.52,40.0,0.0,1.0,0.0,0.0,0.0
2025-01-29 19:00:00,2025-01-29,19,7,0,58.65,0.0,275.93,20.0,0.0,1.0,0.0,0.0,0.0
2025-01-29 20:00:00,2025-01-29,20,4,0,35.31,0.0,275.03,5.0,1.0,0.0,0.0,0.0,0.0
2025-01-29 21:00:00,2025-01-29,21,0,0,0.0,0.0,274.35,75.0,0.0,1.0,0.0,0.0,0.0
2025-01-30 11:00:00,2025-01-30,11,0,0,0.0,0.0,273.89,100.0,0.0,1.0,0.0,0.0,0.0
2025-01-30 12:00:00,2025-01-30,12,0,0,0.0,0.25,273.65,100.0,0.0,0.0,0.0,1.0,0.0
2025-01-30 13:00:00,2025-01-30,13,0,0,0.0,1.67,272.71,100.0,0.0,0.0,0.0,1.0,0.0
2025-01-30 14:00:00,2025-01-30,14,0,0,0.0,0.7,272.89,100.0,0.0,0.0,0.0,1.0,0.0
2025-01-30 15:00:00,2025-01-30,15,0,0,0.0,0.89,272.62,100.0,0.0,0.0,0.0,1.0,0.0
2025-01-30 16:00:00,2025-01-30,16,0,0,0.0,0.25,273.27,100.0,0.0,0.0,0.0,1.0,0.0
2025-01-30 17:00:00,2025-01-30,17,0,0,0.0,0.11,273.69,100.0,0.0,0.0,0.0,1.0,0.0
2025-01-30 18:00:00,2025-01-30,18,0,0,0.0,0.14,273.21,100.0,0.0,0.0,0.0,1.0,0.0
2025-01-30 19:00:00,2025-01-30,19,0,0,0.0,0.25,273.29,100.0,0.0,0.0,0.0,1.0,0.0
2025-01-30 20:00:00,2025-01-30,20,0,0,0.0,1.59,273.5,100.0,0.0,0.0,0.0,1.0,0.0
2025-01-30 21:00:00,2025-01-30,21,0,0,0.0,1.95,272.15,100.0,0.0,0.0,0.0,1.0,0.0
2025-01-31 11:00:00,2025-01-31,11,6,0,57.64,0.76,273.48,100.0,0.0,0.0,0.0,1.0,0.0
2025-01-31 12:00:00,2025-01-31,12,5,0,62.21,0.7,273.62,100.0,0.0,0.0,0.0,1.0,0.0
2025-01-31 13:00:00,2025-01-31,13,6,0,89.98,1.78,274.04,100.0,0.0,0.0,0.0,1.0,0.0
2025-01-31 14:00:00,2025-01-31,14,3,0,43.18,2.39,274.33,100.0,0.0,0.0,1.0,1.0,0.0
2025-01-31 15:00:00,2025-01-31,15,9,0,76.6,2.9,274.22,100.0,0.0,0.0,1.0,1.0,0.0
2025-01-31 16:00:00,2025-01-31,16,9,0,91.1,2.34,274.69,100.0,0.0,0.0,0.0,1.0,0.0
2025-01-31 17:00:00,2025-01-31,17,19,0,211.54,0.76,274.49,100.0,0.0,0.0,0.0,1.0,0.0
2025-01-31 18:00:00,2025-01-31,18,11,0,118.5,0.76,274.6,100.0,0.0,0.0,0.0,1.0,0.0
2025-01-31 19:00:00,2025-01-31,19,9,0,118.01,0.76,274.59,100.0,0.0,0.0,0.0,1.0,0.0
2025-01-31 20:00:00,2025-01-31,20,11,0,149.55,0.51,272.82,75.0,0.0,0.0,0.0,1.0,0.0
2025-01-31 21:00:00,2025-01-31,21,6,0,98.12,0.25,270.64,75.0,0.0,0.0,0.0,1.0,0.0
