date,hour,bill,pax,amount,amt_percentage,timezone,temperature_feel_like,rain_1h,clouds_all,weather_Fog,weather_Rain,weather_Clouds,weather_Clear,weather_Snow,weather_Thunderstorm,temperature_celsius,day_of_week,is_weekend
2024-12-01,11,6,0,127.69,7.16,America/Vancouver,280.75,0.0,75.0,0,0,1,0,0,0,7.600000000000023,Sunday,True
2024-12-01,12,15,0,182.11,10.21,America/Vancouver,279.86,0.0,75.0,0,0,1,0,0,0,6.710000000000036,Sunday,True
2024-12-01,13,12,0,160.44,8.99,America/Vancouver,280.62,0.0,40.0,0,0,1,0,0,0,7.470000000000027,Sunday,True
2024-12-01,14,15,0,166.91,9.36,America/Vancouver,281.26,0.0,80.0,0,0,1,0,0,0,8.110000000000014,Sunday,True
2024-12-01,15,16,0,248.1,13.91,America/Vancouver,281.35,0.25,80.0,0,1,0,0,0,0,8.200000000000045,Sunday,True
2024-12-01,16,10,0,177.78,9.97,America/Vancouver,277.57,0.0,77.0,0,0,1,0,0,0,4.420000000000016,Sunday,True
2024-12-01,17,18,0,206.19,11.56,America/Vancouver,275.81,0.0,20.0,0,0,1,0,0,0,2.660000000000025,Sunday,True
2024-12-01,18,10,0,111.17,6.23,America/Vancouver,275.23,0.0,0.0,0,0,0,1,0,0,2.080000000000041,Sunday,True
2024-12-01,19,13,0,183.43,10.28,America/Vancouver,275.73,0.0,0.0,0,0,0,1,0,0,2.580000000000041,Sunday,True
2024-12-01,20,12,0,148.55,8.33,America/Vancouver,277.35,0.0,0.0,0,0,0,1,0,0,4.2000000000000455,Sunday,True
2024-12-01,21,5,0,71.35,4.0,America/Vancouver,277.08,0.0,49.0,0,0,1,0,0,0,3.930000000000007,Sunday,True
2024-12-02,11,1,0,8.9,2.03,America/Vancouver,275.94,0.0,75.0,0,0,1,0,0,0,2.7900000000000205,Monday,False
2024-12-02,12,8,0,151.89,34.61,America/Vancouver,278.65,0.0,75.0,0,0,1,0,0,0,5.5,Monday,False
2024-12-02,13,4,0,45.5,10.37,America/Vancouver,279.61,0.0,75.0,0,0,1,0,0,0,6.460000000000036,Monday,False
2024-12-02,14,6,0,138.0,31.45,America/Vancouver,278.15,0.0,75.0,0,0,1,0,0,0,5.0,Monday,False
2024-12-02,15,3,0,35.02,7.98,America/Vancouver,279.79,0.0,75.0,0,0,1,0,0,0,6.640000000000043,Monday,False
2024-12-02,16,5,0,59.49,13.56,America/Vancouver,279.07,0.25,89.0,0,1,0,0,0,0,5.920000000000016,Monday,False
2024-12-02,17,0,0,0.0,0.0,America/Vancouver,276.81,0.0,98.0,0,0,1,0,0,0,3.660000000000025,Monday,False
2024-12-02,18,0,0,0.0,0.0,America/Vancouver,277.09,0.0,100.0,0,0,1,0,0,0,3.9399999999999977,Monday,False
2024-12-02,19,0,0,0.0,0.0,America/Vancouver,276.94,0.0,75.0,0,0,1,0,0,0,3.7900000000000205,Monday,False
2024-12-02,20,0,0,0.0,0.0,America/Vancouver,276.8,0.0,97.0,0,0,1,0,0,0,3.650000000000034,Monday,False
2024-12-02,21,0,0,0.0,0.0,America/Vancouver,276.43,0.0,93.0,0,0,1,0,0,0,3.2800000000000296,Monday,False
2024-12-03,11,3,0,27.41,2.94,America/Vancouver,277.87,0.0,75.0,0,0,1,0,0,0,4.720000000000027,Tuesday,False
2024-12-03,12,5,0,109.06,11.7,America/Vancouver,280.11,0.0,75.0,0,0,1,0,0,0,6.960000000000036,Tuesday,False
2024-12-03,13,9,0,160.4,17.21,America/Vancouver,280.55,0.25,62.0,0,1,0,0,0,0,7.400000000000034,Tuesday,False
2024-12-03,14,10,0,120.27,12.91,America/Vancouver,280.85,0.0,20.0,0,0,1,0,0,0,7.7000000000000455,Tuesday,False
2024-12-03,15,3,0,53.9,5.78,America/Vancouver,280.37,0.0,75.0,0,0,1,0,0,0,7.220000000000027,Tuesday,False
2024-12-03,16,4,0,59.92,6.43,America/Vancouver,280.55,0.0,91.0,0,0,1,0,0,0,7.400000000000034,Tuesday,False
2024-12-03,17,6,0,71.46,7.67,America/Vancouver,277.66,0.25,40.0,0,1,0,0,0,0,4.510000000000048,Tuesday,False
2024-12-03,18,13,0,146.37,15.71,America/Vancouver,277.94,0.0,0.0,0,0,0,1,0,0,4.7900000000000205,Tuesday,False
2024-12-03,19,9,0,103.52,11.11,America/Vancouver,277.33,0.0,0.0,0,0,0,1,0,0,4.180000000000007,Tuesday,False
2024-12-03,20,5,0,62.36,6.69,America/Vancouver,277.1,0.0,0.0,0,0,0,1,0,0,3.9500000000000455,Tuesday,False
2024-12-03,21,0,0,0.0,0.0,America/Vancouver,276.66,0.0,5.0,0,0,0,1,0,0,3.5100000000000477,Tuesday,False
2024-12-04,11,10,0,93.73,9.69,America/Vancouver,279.62,0.0,17.0,0,0,1,0,0,0,6.470000000000027,Wednesday,False
2024-12-04,12,4,0,93.96,9.71,America/Vancouver,279.08,0.0,16.0,0,0,1,0,0,0,5.930000000000007,Wednesday,False
2024-12-04,13,7,0,106.76,11.03,America/Vancouver,279.94,0.25,17.0,0,1,0,0,0,0,6.7900000000000205,Wednesday,False
2024-12-04,14,9,0,132.5,13.69,America/Vancouver,279.72,0.0,31.0,0,0,1,0,0,0,6.57000000000005,Wednesday,False
2024-12-04,15,9,0,103.22,10.67,America/Vancouver,279.19,0.0,10.0,0,0,0,1,0,0,6.0400000000000205,Wednesday,False
2024-12-04,16,9,0,119.69,12.37,America/Vancouver,278.74,0.0,9.0,0,0,0,1,0,0,5.590000000000032,Wednesday,False
2024-12-04,17,6,0,67.12,6.94,America/Vancouver,277.89,0.0,7.0,0,0,0,1,0,0,4.740000000000009,Wednesday,False
2024-12-04,18,8,0,111.21,11.49,America/Vancouver,277.57,0.0,5.0,0,0,0,1,0,0,4.420000000000016,Wednesday,False
2024-12-04,19,11,0,94.09,9.72,America/Vancouver,277.24,0.0,100.0,1,0,0,0,0,0,4.090000000000032,Wednesday,False
2024-12-04,20,5,0,44.6,4.61,America/Vancouver,275.2,0.0,100.0,1,0,0,0,0,0,2.0500000000000114,Wednesday,False
2024-12-04,21,1,0,0.9,0.09,America/Vancouver,275.44,0.0,100.0,1,0,0,0,0,0,2.2900000000000205,Wednesday,False
2024-12-05,11,1,0,15.02,1.91,America/Vancouver,278.41,0.0,100.0,0,0,1,0,0,0,5.260000000000048,Thursday,False
2024-12-05,12,3,0,30.61,3.9,America/Vancouver,279.75,0.0,73.0,0,0,1,0,0,0,6.600000000000023,Thursday,False
2024-12-05,13,3,0,34.87,4.44,America/Vancouver,279.09,0.0,75.0,0,0,1,0,0,0,5.939999999999998,Thursday,False
2024-12-05,14,14,0,175.04,22.3,America/Vancouver,280.11,0.0,75.0,0,0,1,0,0,0,6.960000000000036,Thursday,False
2024-12-05,15,6,0,51.66,6.58,America/Vancouver,277.84,0.0,100.0,0,0,1,0,0,0,4.689999999999998,Thursday,False
2024-12-05,16,8,0,75.51,9.62,America/Vancouver,278.86,0.0,100.0,0,0,1,0,0,0,5.710000000000036,Thursday,False
2024-12-05,17,4,0,40.85,5.2,America/Vancouver,279.46,0.0,100.0,0,0,1,0,0,0,6.310000000000002,Thursday,False
2024-12-05,18,10,0,96.62,12.31,America/Vancouver,278.22,0.0,100.0,0,1,0,0,0,0,5.07000000000005,Thursday,False
2024-12-05,19,18,0,219.5,27.96,America/Vancouver,279.85,0.25,100.0,0,1,0,0,0,0,6.7000000000000455,Thursday,False
2024-12-05,20,4,0,45.37,5.78,America/Vancouver,279.9,0.0,75.0,0,0,1,0,0,0,6.75,Thursday,False
2024-12-05,21,0,0,0.0,0.0,America/Vancouver,279.4,0.0,100.0,0,0,1,0,0,0,6.25,Thursday,False
2024-12-06,11,6,0,280.59,20.24,America/Vancouver,281.43,0.0,100.0,0,0,1,0,0,0,8.28000000000003,Friday,False
2024-12-06,12,6,0,68.24,4.92,America/Vancouver,280.92,0.0,100.0,0,0,1,0,0,0,7.770000000000039,Friday,False
2024-12-06,13,7,0,76.52,5.52,America/Vancouver,282.55,0.0,100.0,0,0,1,0,0,0,9.400000000000034,Friday,False
2024-12-06,14,7,0,90.38,6.52,America/Vancouver,281.02,0.0,75.0,0,0,1,0,0,0,7.8700000000000045,Friday,False
2024-12-06,15,8,0,95.7,6.9,America/Vancouver,282.01,0.0,75.0,0,0,1,0,0,0,8.860000000000014,Friday,False
2024-12-06,16,8,0,69.33,5.0,America/Vancouver,281.2,0.0,75.0,0,0,1,0,0,0,8.050000000000011,Friday,False
2024-12-06,17,13,0,132.84,9.58,America/Vancouver,282.7,1.13,100.0,0,1,0,0,0,0,9.550000000000011,Friday,False
2024-12-06,18,12,0,140.98,10.17,America/Vancouver,283.97,0.15,100.0,0,1,0,0,0,0,10.82000000000005,Friday,False
2024-12-06,19,18,0,211.3,15.24,America/Vancouver,283.98,0.76,100.0,0,1,0,0,0,0,10.830000000000041,Friday,False
2024-12-06,20,7,0,95.75,6.91,America/Vancouver,284.37,0.25,100.0,0,1,0,0,0,0,11.220000000000027,Friday,False
2024-12-06,21,6,0,124.76,9.0,America/Vancouver,282.7,3.08,100.0,1,1,0,0,0,0,9.550000000000011,Friday,False
2024-12-07,11,5,0,45.28,4.09,America/Vancouver,283.04,1.17,100.0,0,1,0,0,0,0,9.890000000000043,Saturday,True
2024-12-07,12,9,0,126.35,11.42,America/Vancouver,282.77,0.95,75.0,0,1,0,0,0,0,9.620000000000005,Saturday,True
2024-12-07,13,10,0,123.49,11.16,America/Vancouver,283.83,0.38,20.0,0,1,0,0,0,0,10.680000000000007,Saturday,True
2024-12-07,14,13,0,148.01,13.37,America/Vancouver,284.43,1.08,81.0,0,1,0,0,0,0,11.28000000000003,Saturday,True
2024-12-07,15,10,0,133.91,12.1,America/Vancouver,283.47,0.51,68.0,0,1,0,0,0,0,10.32000000000005,Saturday,True
2024-12-07,16,14,0,215.19,19.44,America/Vancouver,281.03,0.0,75.0,0,0,1,0,0,0,7.8799999999999955,Saturday,True
2024-12-07,17,5,0,42.8,3.87,America/Vancouver,280.02,0.0,75.0,0,0,1,0,0,0,6.8700000000000045,Saturday,True
2024-12-07,18,10,0,90.13,8.14,America/Vancouver,278.5,0.0,40.0,0,0,1,0,0,0,5.350000000000023,Saturday,True
2024-12-07,19,4,0,30.98,2.8,America/Vancouver,277.03,0.0,20.0,0,0,1,0,0,0,3.8799999999999955,Saturday,True
2024-12-07,20,7,0,91.83,8.3,America/Vancouver,277.3,0.0,75.0,0,0,1,0,0,0,4.150000000000034,Saturday,True
2024-12-07,21,6,0,58.8,5.31,America/Vancouver,277.55,0.0,75.0,0,0,1,0,0,0,4.400000000000034,Saturday,True
2024-12-08,11,3,0,37.34,3.38,America/Vancouver,279.67,0.0,40.0,0,0,1,0,0,0,6.520000000000039,Sunday,True
2024-12-08,12,8,0,93.78,8.48,America/Vancouver,279.71,0.19,75.0,0,1,0,0,0,0,6.560000000000002,Sunday,True
2024-12-08,13,9,0,87.42,7.91,America/Vancouver,279.97,0.14,100.0,0,1,0,0,0,0,6.82000000000005,Sunday,True
2024-12-08,14,13,0,124.58,11.27,America/Vancouver,279.39,0.25,75.0,0,1,0,0,0,0,6.240000000000009,Sunday,True
2024-12-08,15,19,0,218.06,19.72,America/Vancouver,279.1,0.0,75.0,0,0,1,0,0,0,5.9500000000000455,Sunday,True
2024-12-08,16,8,0,78.33,7.08,America/Vancouver,278.34,0.0,75.0,0,0,1,0,0,0,5.189999999999998,Sunday,True
2024-12-08,17,5,0,76.11,6.88,America/Vancouver,277.54,0.0,75.0,0,0,1,0,0,0,4.390000000000043,Sunday,True
2024-12-08,18,11,0,117.81,10.65,America/Vancouver,279.32,0.0,81.0,0,0,1,0,0,0,6.170000000000016,Sunday,True
2024-12-08,19,11,0,102.71,9.29,America/Vancouver,280.22,0.0,75.0,0,0,1,0,0,0,7.07000000000005,Sunday,True
2024-12-08,20,11,0,128.4,11.61,America/Vancouver,279.6,0.0,89.0,0,0,1,0,0,0,6.4500000000000455,Sunday,True
2024-12-08,21,4,0,41.3,3.73,America/Vancouver,279.73,0.0,100.0,0,0,1,0,0,0,6.580000000000041,Sunday,True
2024-12-09,11,2,0,16.27,2.03,America/Vancouver,278.65,0.25,75.0,0,1,0,0,0,0,5.5,Monday,False
2024-12-09,12,3,0,39.75,4.96,America/Vancouver,278.98,0.0,75.0,0,0,1,0,0,0,5.830000000000041,Monday,False
2024-12-09,13,8,0,82.5,10.29,America/Vancouver,278.89,0.0,75.0,0,0,1,0,0,0,5.740000000000009,Monday,False
2024-12-09,14,6,0,117.22,14.62,America/Vancouver,279.82,0.0,75.0,0,0,1,0,0,0,6.670000000000016,Monday,False
2024-12-09,15,10,0,95.29,11.89,America/Vancouver,279.06,0.0,40.0,0,0,1,0,0,0,5.910000000000025,Monday,False
2024-12-09,16,3,0,41.56,5.19,America/Vancouver,279.82,0.0,77.0,0,0,1,0,0,0,6.670000000000016,Monday,False
2024-12-09,17,11,0,114.32,14.26,America/Vancouver,275.7,0.0,20.0,0,0,1,0,0,0,2.5500000000000114,Monday,False
2024-12-09,18,11,0,119.87,14.96,America/Vancouver,278.27,0.0,61.0,0,0,1,0,0,0,5.1200000000000045,Monday,False
2024-12-09,19,15,0,174.75,21.8,America/Vancouver,277.01,0.0,41.0,0,0,1,0,0,0,3.8600000000000136,Monday,False
2024-12-09,20,0,0,0.0,0.0,America/Vancouver,276.87,0.0,20.0,0,0,1,0,0,0,3.7200000000000273,Monday,False
2024-12-09,21,0,0,0.0,0.0,America/Vancouver,276.66,0.0,75.0,0,0,1,0,0,0,3.5100000000000477,Monday,False
2024-12-10,11,2,0,12.44,1.59,America/Vancouver,276.99,0.0,75.0,0,0,1,0,0,0,3.840000000000032,Tuesday,False
2024-12-10,12,7,0,68.02,8.71,America/Vancouver,276.88,0.0,75.0,0,0,1,0,0,0,3.730000000000018,Tuesday,False
2024-12-10,13,5,0,66.54,8.52,America/Vancouver,277.45,0.0,40.0,0,0,1,0,0,0,4.300000000000011,Tuesday,False
2024-12-10,14,13,0,158.61,20.3,America/Vancouver,276.41,0.0,75.0,0,0,1,0,0,0,3.2600000000000477,Tuesday,False
2024-12-10,15,4,0,30.23,3.87,America/Vancouver,276.75,0.0,75.0,0,0,1,0,0,0,3.6000000000000227,Tuesday,False
2024-12-10,16,8,0,120.34,15.4,America/Vancouver,276.13,0.0,75.0,0,0,1,0,0,0,2.980000000000018,Tuesday,False
2024-12-10,17,6,0,58.14,7.44,America/Vancouver,277.73,0.0,99.0,0,0,1,0,0,0,4.580000000000041,Tuesday,False
2024-12-10,18,3,0,28.04,3.59,America/Vancouver,276.18,0.0,75.0,0,0,1,0,0,0,3.0300000000000296,Tuesday,False
2024-12-10,19,18,0,201.51,25.79,America/Vancouver,275.92,0.0,100.0,0,0,1,0,0,0,2.7700000000000387,Tuesday,False
2024-12-10,20,4,0,37.43,4.79,America/Vancouver,276.25,0.0,100.0,0,0,1,0,0,0,3.1000000000000227,Tuesday,False
2024-12-10,21,0,0,0.0,0.0,America/Vancouver,278.11,0.0,100.0,0,0,1,0,0,0,4.960000000000036,Tuesday,False
2024-12-11,11,4,0,26.87,2.84,America/Vancouver,278.27,0.0,75.0,0,0,1,0,0,0,5.1200000000000045,Wednesday,False
2024-12-11,12,4,0,52.72,5.58,America/Vancouver,280.19,0.0,75.0,0,0,1,0,0,0,7.0400000000000205,Wednesday,False
2024-12-11,13,10,0,141.81,15.0,America/Vancouver,282.1,0.0,20.0,0,0,1,0,0,0,8.950000000000045,Wednesday,False
2024-12-11,14,2,0,28.96,3.06,America/Vancouver,280.21,0.0,75.0,0,0,1,0,0,0,7.060000000000002,Wednesday,False
2024-12-11,15,8,0,85.53,9.05,America/Vancouver,281.07,0.0,20.0,0,0,1,0,0,0,7.920000000000016,Wednesday,False
2024-12-11,16,10,0,142.63,15.09,America/Vancouver,279.86,0.0,1.0,0,0,0,1,0,0,6.710000000000036,Wednesday,False
2024-12-11,17,7,0,93.37,9.88,America/Vancouver,277.92,0.0,0.0,0,0,0,1,0,0,4.770000000000039,Wednesday,False
2024-12-11,18,13,0,161.6,17.09,America/Vancouver,276.66,0.0,0.0,0,0,0,1,0,0,3.5100000000000477,Wednesday,False
2024-12-11,19,14,0,169.62,17.94,America/Vancouver,276.17,0.0,0.0,0,0,0,1,0,0,3.0200000000000387,Wednesday,False
2024-12-11,20,4,0,42.22,4.47,America/Vancouver,274.57,0.0,0.0,0,0,0,1,0,0,1.420000000000016,Wednesday,False
2024-12-11,21,0,0,0.0,0.0,America/Vancouver,275.51,0.0,0.0,0,0,0,1,0,0,2.3600000000000136,Wednesday,False
2024-12-13,11,3,0,21.13,1.82,America/Vancouver,276.84,1.24,100.0,0,1,0,0,0,0,3.6899999999999977,Friday,False
2024-12-13,12,6,0,72.62,6.25,America/Vancouver,276.17,0.95,100.0,0,1,0,0,0,0,3.0200000000000387,Friday,False
2024-12-13,13,7,0,92.97,8.0,America/Vancouver,276.56,0.62,100.0,0,1,0,0,0,0,3.410000000000025,Friday,False
2024-12-13,14,8,0,151.01,12.99,America/Vancouver,276.6,0.83,100.0,0,1,0,0,0,0,3.4500000000000455,Friday,False
2024-12-13,15,7,0,72.18,6.21,America/Vancouver,277.11,0.41,100.0,0,1,0,0,0,0,3.9600000000000364,Friday,False
2024-12-13,16,4,0,40.33,3.47,America/Vancouver,276.96,0.35,100.0,0,1,0,0,0,0,3.8100000000000023,Friday,False
2024-12-13,17,12,0,160.76,13.83,America/Vancouver,276.43,0.83,100.0,0,1,0,0,0,0,3.2800000000000296,Friday,False
2024-12-13,18,11,0,131.07,11.28,America/Vancouver,276.36,0.8,100.0,0,1,0,0,0,0,3.2100000000000364,Friday,False
2024-12-13,19,16,0,207.42,17.85,America/Vancouver,276.45,0.76,100.0,0,1,0,0,0,0,3.3000000000000114,Friday,False
2024-12-13,20,12,0,127.09,10.94,America/Vancouver,275.64,0.51,100.0,0,1,0,0,0,0,2.490000000000009,Friday,False
2024-12-13,21,5,0,85.53,7.36,America/Vancouver,275.54,2.29,100.0,0,1,0,0,0,0,2.390000000000043,Friday,False
2024-12-14,11,3,0,25.71,1.75,America/Vancouver,279.2,2.03,95.0,0,1,0,0,0,0,6.050000000000011,Saturday,True
2024-12-14,12,9,0,166.73,11.33,America/Vancouver,277.42,0.8,100.0,0,1,0,0,0,0,4.270000000000039,Saturday,True
2024-12-14,13,4,0,53.04,3.6,America/Vancouver,277.67,0.76,100.0,0,1,0,0,0,0,4.520000000000039,Saturday,True
2024-12-14,14,11,0,132.46,9.0,America/Vancouver,277.2,1.17,100.0,0,1,0,0,0,0,4.050000000000011,Saturday,True
2024-12-14,15,20,0,209.48,14.24,America/Vancouver,276.89,0.47,75.0,0,1,0,0,0,0,3.740000000000009,Saturday,True
2024-12-14,16,5,0,46.77,3.18,America/Vancouver,277.2,1.98,75.0,0,1,0,0,0,0,4.050000000000011,Saturday,True
2024-12-14,17,12,0,121.8,8.28,America/Vancouver,277.09,0.25,75.0,0,1,0,0,0,0,3.9399999999999977,Saturday,True
2024-12-14,18,13,0,175.12,11.9,America/Vancouver,277.21,0.62,75.0,0,1,0,0,0,0,4.060000000000002,Saturday,True
2024-12-14,19,26,0,299.33,20.34,America/Vancouver,276.65,0.88,75.0,0,1,0,0,0,0,3.5,Saturday,True
2024-12-14,20,20,0,165.46,11.25,America/Vancouver,276.45,0.95,75.0,0,1,0,0,0,0,3.3000000000000114,Saturday,True
2024-12-14,21,6,0,75.43,5.13,America/Vancouver,275.81,0.81,40.0,0,1,0,0,0,0,2.660000000000025,Saturday,True
2024-12-15,11,4,0,36.95,3.41,America/Vancouver,278.65,0.0,20.0,0,0,1,0,0,0,5.5,Sunday,True
2024-12-15,12,8,0,86.46,7.97,America/Vancouver,278.61,0.0,20.0,0,0,1,0,0,0,5.460000000000036,Sunday,True
2024-12-15,13,8,0,79.35,7.32,America/Vancouver,276.82,0.25,40.0,0,1,0,0,0,0,3.670000000000016,Sunday,True
2024-12-15,14,10,0,101.86,9.39,America/Vancouver,277.75,1.27,20.0,0,1,0,0,0,0,4.600000000000023,Sunday,True
2024-12-15,15,18,0,194.4,17.93,America/Vancouver,276.73,1.02,20.0,0,1,0,0,0,0,3.580000000000041,Sunday,True
2024-12-15,16,15,0,171.92,15.85,America/Vancouver,276.27,0.25,40.0,0,1,0,0,0,0,3.1200000000000045,Sunday,True
2024-12-15,17,9,0,84.05,7.75,America/Vancouver,274.97,23.37,40.0,0,1,0,0,0,0,1.82000000000005,Sunday,True
2024-12-15,18,11,0,119.23,10.99,America/Vancouver,274.74,0.0,20.0,0,0,1,0,0,0,1.5900000000000318,Sunday,True
2024-12-15,19,10,0,119.71,11.04,America/Vancouver,273.53,0.0,20.0,0,0,1,0,0,0,0.37999999999999545,Sunday,True
2024-12-15,20,6,0,63.27,5.83,America/Vancouver,273.55,0.0,20.0,0,0,1,0,0,0,0.4000000000000341,Sunday,True
2024-12-15,21,2,0,27.29,2.52,America/Vancouver,273.22,0.0,20.0,0,0,1,0,0,0,0.07000000000005002,Sunday,True
2024-12-16,11,4,0,36.59,4.54,America/Vancouver,273.04,0.6,100.0,0,1,0,0,0,0,-0.1099999999999568,Monday,False
2024-12-16,12,7,0,69.5,8.62,America/Vancouver,273.42,0.25,100.0,0,1,0,0,0,0,0.27000000000003865,Monday,False
2024-12-16,13,2,0,13.9,1.72,America/Vancouver,274.2,0.25,100.0,0,1,0,0,0,0,1.0500000000000114,Monday,False
2024-12-16,14,7,0,69.28,8.6,America/Vancouver,274.79,0.25,75.0,0,1,0,0,0,0,1.6400000000000432,Monday,False
2024-12-16,15,7,0,113.91,14.14,America/Vancouver,275.35,0.38,100.0,0,1,0,0,0,0,2.2000000000000455,Monday,False
2024-12-16,16,8,0,117.46,14.58,America/Vancouver,276.53,0.0,75.0,0,0,1,0,0,0,3.3799999999999955,Monday,False
2024-12-16,17,9,0,113.61,14.1,America/Vancouver,275.57,0.25,75.0,0,1,0,0,0,0,2.420000000000016,Monday,False
2024-12-16,18,10,0,116.19,14.42,America/Vancouver,275.35,0.0,75.0,0,0,1,0,0,0,2.2000000000000455,Monday,False
2024-12-16,19,9,0,101.8,12.63,America/Vancouver,275.14,0.0,100.0,0,0,1,0,0,0,1.990000000000009,Monday,False
2024-12-16,20,5,0,53.56,6.65,America/Vancouver,275.59,0.0,100.0,0,0,1,0,0,0,2.4399999999999977,Monday,False
2024-12-16,21,0,0,0.0,0.0,America/Vancouver,276.13,0.0,100.0,0,0,1,0,0,0,2.980000000000018,Monday,False
2024-12-17,11,5,0,78.48,16.05,America/Vancouver,275.45,1.48,100.0,0,1,0,0,0,0,2.3000000000000114,Tuesday,False
2024-12-17,12,3,0,34.42,7.04,America/Vancouver,276.25,1.02,100.0,0,1,0,0,0,0,3.1000000000000227,Tuesday,False
2024-12-17,13,0,0,0.0,0.0,America/Vancouver,276.39,1.92,100.0,0,1,0,0,0,0,3.240000000000009,Tuesday,False
2024-12-17,14,3,0,29.48,6.03,America/Vancouver,276.89,0.81,100.0,0,1,0,0,0,0,3.740000000000009,Tuesday,False
2024-12-17,15,5,0,68.2,13.95,America/Vancouver,276.51,0.8,100.0,0,1,0,0,0,0,3.3600000000000136,Tuesday,False
2024-12-17,16,3,0,45.25,9.25,America/Vancouver,276.64,1.71,75.0,1,1,0,0,0,0,3.490000000000009,Tuesday,False
2024-12-17,17,3,0,25.5,5.21,America/Vancouver,276.69,2.47,75.0,1,1,0,0,0,0,3.5400000000000205,Tuesday,False
2024-12-17,18,6,0,66.21,13.54,America/Vancouver,276.2,2.54,100.0,1,1,0,0,0,0,3.0500000000000114,Tuesday,False
2024-12-17,19,8,0,96.86,19.81,America/Vancouver,276.26,2.14,100.0,1,1,0,0,0,0,3.1100000000000136,Tuesday,False
2024-12-17,20,4,0,44.6,9.12,America/Vancouver,275.92,2.36,100.0,1,1,0,0,0,0,2.7700000000000387,Tuesday,False
2024-12-17,21,0,0,0.0,0.0,America/Vancouver,275.9,3.6,100.0,1,1,0,0,0,0,2.75,Tuesday,False
2024-12-18,11,3,0,23.15,2.32,America/Vancouver,279.93,0.0,20.0,0,0,1,0,0,0,6.78000000000003,Wednesday,False
2024-12-18,12,7,0,72.36,7.26,America/Vancouver,282.43,0.0,20.0,0,0,1,0,0,0,9.28000000000003,Wednesday,False
2024-12-18,13,6,0,97.35,9.77,America/Vancouver,282.96,0.0,20.0,0,0,1,0,0,0,9.810000000000002,Wednesday,False
2024-12-18,14,5,0,111.12,11.15,America/Vancouver,283.69,0.0,40.0,0,0,1,0,0,0,10.54000000000002,Wednesday,False
2024-12-18,15,9,0,109.65,11.0,America/Vancouver,282.95,0.0,75.0,0,0,1,0,0,0,9.800000000000011,Wednesday,False
2024-12-18,16,12,0,173.46,17.41,America/Vancouver,282.44,0.0,22.0,0,0,1,0,0,0,9.29000000000002,Wednesday,False
2024-12-18,17,6,0,35.06,3.52,America/Vancouver,280.22,0.0,20.0,0,0,1,0,0,0,7.07000000000005,Wednesday,False
2024-12-18,18,13,0,156.99,15.75,America/Vancouver,281.04,0.0,88.0,0,0,1,0,0,0,7.890000000000043,Wednesday,False
2024-12-18,19,13,0,138.22,13.87,America/Vancouver,279.61,0.0,75.0,0,0,1,0,0,0,6.460000000000036,Wednesday,False
2024-12-18,20,4,0,79.25,7.95,America/Vancouver,281.45,0.0,96.0,0,0,1,0,0,0,8.300000000000011,Wednesday,False
2024-12-18,21,0,0,0.0,0.0,America/Vancouver,278.78,0.0,75.0,0,0,1,0,0,0,5.6299999999999955,Wednesday,False
2024-12-19,11,2,0,26.79,4.87,America/Vancouver,280.67,0.25,100.0,0,1,0,0,0,0,7.520000000000039,Thursday,False
2024-12-19,12,4,0,45.43,8.27,America/Vancouver,279.24,0.37,100.0,0,1,0,0,0,0,6.090000000000032,Thursday,False
2024-12-19,13,8,0,78.65,14.31,America/Vancouver,279.5,1.07,75.0,0,1,0,0,0,0,6.350000000000023,Thursday,False
2024-12-19,14,4,0,32.5,5.91,America/Vancouver,279.94,0.43,75.0,0,1,0,0,0,0,6.7900000000000205,Thursday,False
2024-12-19,15,7,0,83.64,15.22,America/Vancouver,281.48,0.41,100.0,0,1,0,0,0,0,8.330000000000041,Thursday,False
2024-12-19,16,1,0,7.25,1.32,America/Vancouver,281.04,0.91,100.0,0,1,0,0,0,0,7.890000000000043,Thursday,False
2024-12-19,17,8,0,78.32,14.25,America/Vancouver,280.37,2.29,100.0,0,1,0,0,0,0,7.220000000000027,Thursday,False
2024-12-19,18,6,0,58.18,10.59,America/Vancouver,279.1,2.65,100.0,0,1,0,0,0,0,5.9500000000000455,Thursday,False
2024-12-19,19,7,0,88.18,16.04,America/Vancouver,279.47,1.82,100.0,0,1,0,0,0,0,6.32000000000005,Thursday,False
2024-12-19,20,6,0,50.65,9.22,America/Vancouver,280.63,0.89,75.0,0,1,0,0,0,0,7.480000000000018,Thursday,False
2024-12-19,21,0,0,0.0,0.0,America/Vancouver,282.85,0.51,40.0,0,1,0,0,0,0,9.700000000000045,Thursday,False
2024-12-20,11,6,0,85.01,6.86,America/Vancouver,282.91,0.72,100.0,0,1,0,0,0,0,9.760000000000048,Friday,False
2024-12-20,12,6,0,57.4,4.63,America/Vancouver,283.16,0.42,100.0,0,1,0,0,0,0,10.010000000000048,Friday,False
2024-12-20,13,13,0,253.35,20.45,America/Vancouver,283.64,0.32,100.0,0,1,0,0,0,0,10.490000000000009,Friday,False
2024-12-20,14,9,0,188.37,15.2,America/Vancouver,283.52,0.25,100.0,0,1,0,0,0,0,10.370000000000005,Friday,False
2024-12-20,15,5,0,36.15,2.92,America/Vancouver,281.37,0.55,100.0,0,1,0,0,0,0,8.220000000000027,Friday,False
2024-12-20,16,6,0,54.36,4.39,America/Vancouver,283.16,0.45,75.0,0,1,0,0,0,0,10.010000000000048,Friday,False
2024-12-20,17,6,0,67.11,5.42,America/Vancouver,283.28,0.56,100.0,0,1,0,0,0,0,10.129999999999995,Friday,False
2024-12-20,18,9,0,109.42,8.83,America/Vancouver,283.06,0.38,75.0,0,1,0,0,0,0,9.910000000000025,Friday,False
2024-12-20,19,16,0,152.69,12.32,America/Vancouver,282.83,0.0,40.0,0,0,1,0,0,0,9.680000000000007,Friday,False
2024-12-20,20,12,0,146.89,11.86,America/Vancouver,282.76,0.25,20.0,0,1,0,0,0,0,9.610000000000014,Friday,False
2024-12-20,21,11,0,88.19,7.12,America/Vancouver,280.46,0.0,20.0,0,0,1,0,0,0,7.310000000000002,Friday,False
2024-12-21,11,2,0,31.03,2.57,America/Vancouver,279.32,0.71,100.0,0,1,0,0,0,0,6.170000000000016,Saturday,True
2024-12-21,12,3,0,44.58,3.69,America/Vancouver,281.18,2.03,100.0,0,1,0,0,0,0,8.03000000000003,Saturday,True
2024-12-21,13,9,0,147.18,12.19,America/Vancouver,279.97,1.52,100.0,0,1,0,0,0,0,6.82000000000005,Saturday,True
2024-12-21,14,11,0,152.06,12.6,America/Vancouver,282.66,0.91,100.0,0,1,0,0,0,0,9.510000000000048,Saturday,True
2024-12-21,15,12,0,123.85,10.26,America/Vancouver,280.68,0.34,75.0,0,1,0,0,0,0,7.53000000000003,Saturday,True
2024-12-21,16,9,0,91.18,7.55,America/Vancouver,280.15,0.46,75.0,0,1,0,0,0,0,7.0,Saturday,True
2024-12-21,17,9,0,119.48,9.9,America/Vancouver,279.41,0.3,75.0,0,1,0,0,0,0,6.260000000000048,Saturday,True
2024-12-21,18,4,0,54.32,4.5,America/Vancouver,279.05,0.46,20.0,0,1,0,0,0,0,5.900000000000034,Saturday,True
2024-12-21,19,15,0,214.64,17.78,America/Vancouver,280.89,0.23,79.0,0,1,0,0,0,0,7.740000000000009,Saturday,True
2024-12-21,20,11,0,172.43,14.29,America/Vancouver,277.95,0.6,20.0,0,1,0,0,0,0,4.800000000000011,Saturday,True
2024-12-21,21,5,0,56.21,4.66,America/Vancouver,277.74,0.25,75.0,0,1,0,0,0,0,4.590000000000032,Saturday,True
2024-12-22,11,4,0,55.49,4.07,America/Vancouver,278.9,0.25,100.0,0,1,0,0,0,0,5.75,Sunday,True
2024-12-22,12,3,0,24.35,1.79,America/Vancouver,277.36,1.52,100.0,0,1,0,0,0,0,4.210000000000036,Sunday,True
2024-12-22,13,11,0,106.86,7.85,America/Vancouver,277.15,1.23,100.0,0,1,0,0,0,0,4.0,Sunday,True
2024-12-22,14,7,0,90.43,6.64,America/Vancouver,277.58,0.54,100.0,0,1,0,0,0,0,4.430000000000007,Sunday,True
2024-12-22,15,10,0,195.76,14.37,America/Vancouver,277.26,0.56,100.0,0,1,0,0,0,0,4.110000000000014,Sunday,True
2024-12-22,16,8,0,121.1,8.89,America/Vancouver,278.01,1.6,100.0,0,1,0,0,0,0,4.860000000000014,Sunday,True
2024-12-22,17,15,0,176.54,12.96,America/Vancouver,278.32,0.25,100.0,0,1,0,0,0,0,5.170000000000016,Sunday,True
2024-12-22,18,13,0,146.95,10.79,America/Vancouver,278.15,0.25,100.0,0,1,0,0,0,0,5.0,Sunday,True
2024-12-22,19,21,0,222.21,16.32,America/Vancouver,278.87,1.16,100.0,0,1,0,0,0,0,5.720000000000027,Sunday,True
2024-12-22,20,12,0,216.66,15.91,America/Vancouver,279.16,1.35,100.0,0,1,0,0,0,0,6.010000000000048,Sunday,True
2024-12-22,21,1,0,5.58,0.41,America/Vancouver,278.49,3.16,100.0,0,1,0,0,0,0,5.340000000000032,Sunday,True
2024-12-23,11,3,0,70.35,5.2,America/Vancouver,280.47,0.29,75.0,0,1,0,0,0,0,7.32000000000005,Monday,False
2024-12-23,12,10,0,124.3,9.18,America/Vancouver,281.15,0.0,75.0,0,0,1,0,0,0,8.0,Monday,False
2024-12-23,13,12,0,141.61,10.46,America/Vancouver,282.63,0.51,100.0,0,1,0,0,0,0,9.480000000000018,Monday,False
2024-12-23,14,11,0,137.21,10.14,America/Vancouver,282.55,0.0,100.0,0,0,1,0,0,0,9.400000000000034,Monday,False
2024-12-23,15,8,0,112.46,8.31,America/Vancouver,281.09,0.0,100.0,0,0,1,0,0,0,7.939999999999998,Monday,False
2024-12-23,16,10,0,103.68,7.66,America/Vancouver,279.96,0.0,75.0,0,0,1,0,0,0,6.810000000000002,Monday,False
2024-12-23,17,11,0,141.06,10.42,America/Vancouver,279.42,0.0,75.0,0,0,1,0,0,0,6.270000000000039,Monday,False
2024-12-23,18,10,0,103.75,7.67,America/Vancouver,279.25,0.0,100.0,0,0,1,0,0,0,6.100000000000023,Monday,False
2024-12-23,19,16,0,230.04,17.0,America/Vancouver,278.2,0.0,100.0,0,0,1,0,0,0,5.050000000000011,Monday,False
2024-12-23,20,7,0,126.51,9.35,America/Vancouver,279.76,0.0,100.0,0,0,1,0,0,0,6.610000000000014,Monday,False
2024-12-23,21,3,0,62.41,4.61,America/Vancouver,282.2,0.61,100.0,0,1,0,0,0,0,9.050000000000011,Monday,False
2024-12-24,11,3,0,50.43,6.01,America/Vancouver,282.54,0.72,75.0,0,1,0,0,0,0,9.390000000000043,Tuesday,False
2024-12-24,12,10,0,110.0,13.1,America/Vancouver,283.17,0.82,75.0,0,1,0,0,0,0,10.020000000000039,Tuesday,False
2024-12-24,13,9,0,108.29,12.9,America/Vancouver,283.41,0.16,75.0,0,1,0,0,0,0,10.260000000000048,Tuesday,False
2024-12-24,14,22,0,212.68,25.33,America/Vancouver,282.69,0.45,75.0,0,1,0,0,0,0,9.54000000000002,Tuesday,False
2024-12-24,15,21,0,220.9,26.3,America/Vancouver,282.43,1.06,88.0,0,1,0,0,0,0,9.28000000000003,Tuesday,False
2024-12-24,16,10,0,137.47,16.37,America/Vancouver,281.64,0.0,29.0,0,0,1,0,0,0,8.490000000000009,Tuesday,False
2024-12-24,17,0,0,0.0,0.0,America/Vancouver,278.81,0.0,75.0,0,0,1,0,0,0,5.660000000000025,Tuesday,False
2024-12-24,18,0,0,0.0,0.0,America/Vancouver,277.48,0.31,75.0,0,1,0,0,0,0,4.330000000000041,Tuesday,False
2024-12-24,19,0,0,0.0,0.0,America/Vancouver,278.08,0.1,75.0,0,1,0,0,0,0,4.930000000000007,Tuesday,False
2024-12-24,20,0,0,0.0,0.0,America/Vancouver,277.67,0.19,75.0,0,1,0,0,0,0,4.520000000000039,Tuesday,False
2024-12-24,21,0,0,0.0,0.0,America/Vancouver,277.78,0.16,75.0,0,1,0,0,0,0,4.6299999999999955,Tuesday,False
2024-12-25,11,2,0,32.66,1.83,America/Vancouver,275.19,0.25,100.0,0,1,0,0,0,0,2.0400000000000205,Wednesday,False
2024-12-25,12,12,0,170.14,9.55,America/Vancouver,274.46,0.89,100.0,0,1,0,0,0,0,1.3100000000000023,Wednesday,False
2024-12-25,13,8,0,150.26,8.43,America/Vancouver,274.39,4.24,100.0,1,1,0,0,0,0,1.240000000000009,Wednesday,False
2024-12-25,14,8,0,96.99,5.44,America/Vancouver,273.91,3.18,100.0,0,1,0,0,0,0,0.7600000000000477,Wednesday,False
2024-12-25,15,18,0,262.17,14.71,America/Vancouver,273.46,2.54,100.0,1,1,0,0,0,0,0.3100000000000023,Wednesday,False
2024-12-25,16,11,0,206.82,11.6,America/Vancouver,273.77,3.72,100.0,1,1,0,0,0,0,0.6200000000000045,Wednesday,False
2024-12-25,17,9,0,131.36,7.37,America/Vancouver,273.65,2.37,100.0,1,1,0,0,0,0,0.5,Wednesday,False
2024-12-25,18,21,0,269.04,15.09,America/Vancouver,273.36,1.22,100.0,0,1,0,0,0,0,0.21000000000003638,Wednesday,False
2024-12-25,19,15,0,210.81,11.83,America/Vancouver,273.41,0.45,100.0,0,1,0,0,0,0,0.26000000000004775,Wednesday,False
2024-12-25,20,14,0,183.72,10.31,America/Vancouver,274.55,1.27,100.0,0,1,0,0,0,0,1.400000000000034,Wednesday,False
2024-12-25,21,6,0,68.39,3.84,America/Vancouver,274.13,0.41,100.0,0,1,0,0,0,0,0.9800000000000182,Wednesday,False
2024-12-26,11,2,0,44.29,2.85,America/Vancouver,274.93,0.51,100.0,0,1,0,0,0,0,1.7800000000000296,Thursday,False
2024-12-26,12,5,0,59.07,3.81,America/Vancouver,275.77,0.25,75.0,0,1,0,0,0,0,2.6200000000000045,Thursday,False
2024-12-26,13,6,0,75.14,4.84,America/Vancouver,277.89,0.31,75.0,0,1,0,0,0,0,4.740000000000009,Thursday,False
2024-12-26,14,18,0,221.1,14.24,America/Vancouver,277.88,0.32,75.0,0,1,0,0,0,0,4.730000000000018,Thursday,False
2024-12-26,15,7,0,87.56,5.64,America/Vancouver,278.06,0.0,20.0,0,0,1,0,0,0,4.910000000000025,Thursday,False
2024-12-26,16,19,0,261.45,16.84,America/Vancouver,278.1,0.0,20.0,0,0,1,0,0,0,4.9500000000000455,Thursday,False
2024-12-26,17,15,0,181.08,11.67,America/Vancouver,276.66,0.0,20.0,0,0,1,0,0,0,3.5100000000000477,Thursday,False
2024-12-26,18,11,0,174.37,11.23,America/Vancouver,276.02,0.0,20.0,0,0,1,0,0,0,2.8700000000000045,Thursday,False
2024-12-26,19,14,0,246.03,15.85,America/Vancouver,276.6,0.0,75.0,0,0,1,0,0,0,3.4500000000000455,Thursday,False
2024-12-26,20,12,0,156.46,10.08,America/Vancouver,276.61,0.38,75.0,0,1,0,0,0,0,3.4600000000000364,Thursday,False
2024-12-26,21,4,0,45.74,2.95,America/Vancouver,276.58,0.25,75.0,0,1,0,0,0,0,3.430000000000007,Thursday,False
2024-12-27,11,0,0,0.0,0.0,America/Vancouver,279.4,0.0,40.0,0,0,1,0,0,0,6.25,Friday,False
2024-12-27,12,5,0,46.86,3.9,America/Vancouver,280.26,0.0,75.0,0,0,1,0,0,0,7.110000000000014,Friday,False
2024-12-27,13,8,0,116.34,9.68,America/Vancouver,279.5,0.0,75.0,0,0,1,0,0,0,6.350000000000023,Friday,False
2024-12-27,14,17,0,183.54,15.28,America/Vancouver,278.16,0.0,100.0,0,0,1,0,0,0,5.010000000000048,Friday,False
2024-12-27,15,16,0,201.31,16.76,America/Vancouver,278.11,0.0,100.0,0,0,1,0,0,0,4.960000000000036,Friday,False
2024-12-27,16,11,0,132.5,11.03,America/Vancouver,276.51,0.51,100.0,1,1,0,0,0,0,3.3600000000000136,Friday,False
2024-12-27,17,8,0,101.78,8.47,America/Vancouver,275.73,0.56,100.0,1,1,0,0,0,0,2.580000000000041,Friday,False
2024-12-27,18,5,0,67.07,5.58,America/Vancouver,275.73,0.97,100.0,1,1,0,0,0,0,2.580000000000041,Friday,False
2024-12-27,19,11,0,187.57,15.61,America/Vancouver,276.02,0.76,100.0,1,1,0,0,0,0,2.8700000000000045,Friday,False
2024-12-27,20,8,0,83.12,6.92,America/Vancouver,275.82,0.87,100.0,0,1,0,0,0,0,2.670000000000016,Friday,False
2024-12-27,21,7,0,81.38,6.77,America/Vancouver,275.21,0.96,100.0,0,1,0,0,0,0,2.0600000000000023,Friday,False
2024-12-28,11,3,0,26.54,1.7,America/Vancouver,277.69,0.25,75.0,0,1,0,0,0,0,4.5400000000000205,Saturday,True
2024-12-28,12,5,0,64.15,4.12,America/Vancouver,278.74,0.25,75.0,0,1,0,0,0,0,5.590000000000032,Saturday,True
2024-12-28,13,11,0,232.84,14.95,America/Vancouver,279.36,1.2,75.0,0,1,0,0,0,0,6.210000000000036,Saturday,True
2024-12-28,14,7,0,82.28,5.28,America/Vancouver,280.2,0.25,75.0,0,1,0,0,0,0,7.050000000000011,Saturday,True
2024-12-28,15,15,0,200.71,12.89,America/Vancouver,282.98,0.25,40.0,0,1,0,0,0,0,9.830000000000041,Saturday,True
2024-12-28,16,15,0,165.5,10.63,America/Vancouver,281.13,0.25,75.0,0,1,0,0,0,0,7.980000000000018,Saturday,True
2024-12-28,17,16,0,187.91,12.07,America/Vancouver,279.87,0.25,75.0,0,1,0,0,0,0,6.720000000000027,Saturday,True
2024-12-28,18,10,0,119.46,7.67,America/Vancouver,278.78,0.25,75.0,0,1,0,0,0,0,5.6299999999999955,Saturday,True
2024-12-28,19,12,0,168.04,10.79,America/Vancouver,277.88,0.25,40.0,0,1,0,0,0,0,4.730000000000018,Saturday,True
2024-12-28,20,23,0,290.41,18.65,America/Vancouver,279.42,0.49,40.0,0,1,0,0,0,0,6.270000000000039,Saturday,True
2024-12-28,21,2,0,19.34,1.24,America/Vancouver,278.94,0.43,40.0,0,1,0,0,0,0,5.7900000000000205,Saturday,True
2024-12-29,11,3,0,47.23,3.19,America/Vancouver,277.87,0.4,100.0,0,1,0,0,0,0,4.720000000000027,Sunday,True
2024-12-29,12,6,0,92.91,6.27,America/Vancouver,277.93,1.82,100.0,0,1,0,0,0,0,4.78000000000003,Sunday,True
2024-12-29,13,8,0,83.9,5.67,America/Vancouver,278.16,2.96,100.0,0,1,0,0,0,0,5.010000000000048,Sunday,True
2024-12-29,14,17,0,190.77,12.88,America/Vancouver,277.38,2.84,100.0,1,1,0,0,0,0,4.230000000000018,Sunday,True
2024-12-29,15,9,0,129.52,8.75,America/Vancouver,276.93,1.74,100.0,0,1,0,0,0,0,3.7800000000000296,Sunday,True
2024-12-29,16,15,0,199.73,13.49,America/Vancouver,277.45,0.56,75.0,0,1,0,0,0,0,4.300000000000011,Sunday,True
2024-12-29,17,10,0,134.47,9.08,America/Vancouver,277.33,0.25,75.0,0,1,0,0,0,0,4.180000000000007,Sunday,True
2024-12-29,18,11,0,131.15,8.86,America/Vancouver,277.82,0.25,75.0,0,1,0,0,0,0,4.670000000000016,Sunday,True
2024-12-29,19,21,0,241.08,16.28,America/Vancouver,278.31,0.61,100.0,0,1,0,0,0,0,5.160000000000025,Sunday,True
2024-12-29,20,14,0,178.83,12.08,America/Vancouver,276.66,0.28,75.0,0,1,0,0,0,0,3.5100000000000477,Sunday,True
2024-12-29,21,6,0,51.08,3.45,America/Vancouver,274.84,0.0,40.0,0,0,1,0,0,0,1.6899999999999977,Sunday,True
2024-12-30,11,1,0,35.4,3.15,America/Vancouver,274.99,1.27,100.0,1,1,0,0,0,0,1.8400000000000318,Monday,False
2024-12-30,12,6,0,58.46,5.21,America/Vancouver,273.99,1.2,100.0,1,1,0,0,0,0,0.8400000000000318,Monday,False
2024-12-30,13,9,0,102.1,9.09,America/Vancouver,274.36,0.45,100.0,0,1,0,0,0,0,1.2100000000000364,Monday,False
2024-12-30,14,8,0,141.78,12.63,America/Vancouver,275.18,0.25,100.0,1,1,0,0,0,0,2.0300000000000296,Monday,False
2024-12-30,15,14,0,159.28,14.18,America/Vancouver,275.03,1.47,100.0,1,1,0,0,0,0,1.8799999999999955,Monday,False
2024-12-30,16,6,0,57.5,5.12,America/Vancouver,275.2,1.19,100.0,1,1,0,0,0,0,2.0500000000000114,Monday,False
2024-12-30,17,6,0,66.65,5.94,America/Vancouver,275.09,1.16,100.0,1,1,0,0,0,0,1.9399999999999977,Monday,False
2024-12-30,18,9,0,94.42,8.41,America/Vancouver,274.92,0.86,100.0,0,1,0,0,0,0,1.7700000000000387,Monday,False
2024-12-30,19,13,0,167.33,14.9,America/Vancouver,274.52,0.34,100.0,0,1,0,0,0,0,1.3700000000000045,Monday,False
2024-12-30,20,16,0,210.66,18.76,America/Vancouver,275.63,0.0,100.0,0,1,0,0,0,0,2.480000000000018,Monday,False
2024-12-30,21,1,0,29.3,2.61,America/Vancouver,275.9,0.25,100.0,0,1,0,0,0,0,2.75,Monday,False
2024-12-31,11,2,0,16.6,0.97,America/Vancouver,276.48,0.0,75.0,0,0,1,0,0,0,3.330000000000041,Tuesday,False
2024-12-31,12,12,0,134.57,7.87,America/Vancouver,277.68,0.0,75.0,0,0,1,0,0,0,4.53000000000003,Tuesday,False
2024-12-31,13,7,0,68.71,4.02,America/Vancouver,277.59,0.0,75.0,0,0,1,0,0,0,4.439999999999998,Tuesday,False
2024-12-31,14,9,0,95.72,5.6,America/Vancouver,278.15,0.0,75.0,0,0,1,0,0,0,5.0,Tuesday,False
2024-12-31,15,14,0,133.95,7.83,America/Vancouver,277.02,0.0,75.0,0,0,1,0,0,0,3.8700000000000045,Tuesday,False
2024-12-31,16,26,0,366.12,21.41,America/Vancouver,277.97,0.37,87.5,1,1,0,0,0,0,4.82000000000005,Tuesday,False
2024-12-31,17,13,0,140.24,8.2,America/Vancouver,276.75,0.125,87.5,0,1,1,0,0,0,3.6000000000000227,Tuesday,False
2024-12-31,18,14,0,197.76,11.57,America/Vancouver,277.22,0.125,100.0,1,1,1,0,0,0,4.07000000000005,Tuesday,False
2024-12-31,19,22,0,217.66,12.73,America/Vancouver,277.02,0.165,100.0,0,1,1,0,0,0,3.8700000000000045,Tuesday,False
2024-12-31,20,23,0,270.55,15.82,America/Vancouver,275.665,0.0,100.0,0,0,1,0,0,0,2.515000000000043,Tuesday,False
2024-12-31,21,7,0,67.89,3.97,America/Vancouver,275.825,0.235,100.0,1,1,1,0,0,0,2.6750000000000114,Tuesday,False
2025-01-01,11,0,0,0.0,0.0,America/Vancouver,275.745,0.245,100.0,0,1,1,0,0,0,2.5950000000000273,Wednesday,False
2025-01-01,12,9,0,68.96,4.43,America/Vancouver,277.57500000000005,0.315,87.5,0,1,1,0,0,0,4.425000000000068,Wednesday,False
2025-01-01,13,8,0,97.37,6.25,America/Vancouver,277.475,0.415,87.5,0,1,1,0,0,0,4.3250000000000455,Wednesday,False
2025-01-01,14,10,0,111.63,7.17,America/Vancouver,277.475,2.395,87.5,0,1,1,0,0,0,4.3250000000000455,Wednesday,False
2025-01-01,15,14,0,163.1,10.47,America/Vancouver,278.08500000000004,3.15,87.5,0,1,1,0,0,0,4.935000000000059,Wednesday,False
2025-01-01,16,17,0,205.4,13.19,America/Vancouver,278.025,1.56,87.5,0,1,1,0,0,0,4.875,Wednesday,False
2025-01-01,17,10,0,129.5,8.31,America/Vancouver,278.57,2.195,85.0,0,1,1,0,0,0,5.420000000000016,Wednesday,False
2025-01-01,18,18,0,219.31,14.08,America/Vancouver,277.245,8.255,75.0,0,1,1,0,0,0,4.095000000000027,Wednesday,False
2025-01-01,19,9,0,91.03,5.84,America/Vancouver,277.275,0.19,87.5,0,1,1,0,0,0,4.125,Wednesday,False
2025-01-01,20,25,0,124.9,8.02,America/Vancouver,276.505,0.75,57.5,0,1,1,0,0,0,3.355000000000018,Wednesday,False
2025-01-01,21,13,0,280.56,18.01,America/Vancouver,276.47,0.685,75.0,0,1,1,0,0,0,3.32000000000005,Wednesday,False
2025-01-02,11,5,0,66.36,7.72,America/Vancouver,275.515,1.1549999999999998,100.0,0,1,0,0,0,0,2.365000000000009,Thursday,False
2025-01-02,12,6,0,64.5,7.51,America/Vancouver,275.31,1.415,100.0,0,1,0,0,0,0,2.160000000000025,Thursday,False
2025-01-02,13,2,0,20.13,2.34,America/Vancouver,275.195,1.7349999999999999,100.0,0,1,0,0,0,0,2.045000000000016,Thursday,False
2025-01-02,14,4,0,53.55,6.23,America/Vancouver,275.24,1.5950000000000002,100.0,0,1,0,0,0,0,2.090000000000032,Thursday,False
2025-01-02,15,6,0,70.66,8.22,America/Vancouver,276.15,1.515,100.0,0,1,0,0,0,0,3.0,Thursday,False
2025-01-02,16,10,0,92.27,10.74,America/Vancouver,276.325,1.415,100.0,0,1,0,0,0,0,3.1750000000000114,Thursday,False
2025-01-02,17,5,0,52.43,6.1,America/Vancouver,276.12,1.125,100.0,0,1,0,0,0,0,2.9700000000000273,Thursday,False
2025-01-02,18,21,0,232.54,27.07,America/Vancouver,276.71500000000003,0.63,100.0,0,1,0,0,0,0,3.5650000000000546,Thursday,False
2025-01-02,19,7,0,97.85,11.39,America/Vancouver,276.165,0.41,100.0,0,1,0,0,0,0,3.015000000000043,Thursday,False
2025-01-02,20,10,0,108.82,12.67,America/Vancouver,276.51,0.425,100.0,0,1,0,0,0,0,3.3600000000000136,Thursday,False
2025-01-02,21,0,0,0.0,0.0,America/Vancouver,277.14,0.2,100.0,0,1,0,0,0,0,3.990000000000009,Thursday,False
2025-01-03,11,2,0,31.9,3.06,America/Vancouver,275.27,0.785,87.5,0,1,0,0,0,0,2.1200000000000045,Friday,False
2025-01-03,12,0,0,0.0,0.0,America/Vancouver,275.945,0.9299999999999999,87.5,0,1,0,0,0,0,2.795000000000016,Friday,False
2025-01-03,13,10,0,130.64,12.54,America/Vancouver,277.395,0.805,90.5,0,1,0,0,0,0,4.2450000000000045,Friday,False
2025-01-03,14,4,0,35.65,3.42,America/Vancouver,277.925,0.49,87.5,0,1,0,0,0,0,4.775000000000034,Friday,False
2025-01-03,15,12,0,165.15,15.86,America/Vancouver,276.92999999999995,0.705,87.5,0,1,0,0,0,0,3.7799999999999727,Friday,False
2025-01-03,16,6,0,64.23,6.17,America/Vancouver,278.06,0.63,87.5,0,1,0,0,0,0,4.910000000000025,Friday,False
2025-01-03,17,11,0,135.23,12.98,America/Vancouver,276.79499999999996,0.265,70.0,0,1,0,0,0,0,3.644999999999982,Friday,False
2025-01-03,18,13,0,175.6,16.86,America/Vancouver,276.105,0.485,70.0,0,1,0,0,0,0,2.955000000000041,Friday,False
2025-01-03,19,12,0,139.06,13.35,America/Vancouver,276.24,0.28500000000000003,70.0,0,1,0,0,0,0,3.090000000000032,Friday,False
2025-01-03,20,9,0,98.19,9.43,America/Vancouver,276.01,0.07,87.5,0,1,1,0,0,0,2.8600000000000136,Friday,False
2025-01-03,21,6,0,65.83,6.32,America/Vancouver,276.31,0.055,87.5,0,1,1,0,0,0,3.160000000000025,Friday,False
2025-01-04,11,4,0,49.79,4.32,America/Vancouver,277.945,1.62,100.0,1,1,0,0,0,0,4.795000000000016,Saturday,True
2025-01-04,12,4,0,42.27,3.67,America/Vancouver,278.525,1.27,100.0,0,1,0,0,0,0,5.375,Saturday,True
2025-01-04,13,7,0,50.95,4.42,America/Vancouver,278.70500000000004,0.75,100.0,0,1,0,0,0,0,5.555000000000064,Saturday,True
2025-01-04,14,12,0,130.1,11.29,America/Vancouver,278.28499999999997,0.44,87.5,0,1,0,0,0,0,5.134999999999991,Saturday,True
2025-01-04,15,7,0,128.38,11.14,America/Vancouver,278.595,0.395,87.5,0,1,0,0,0,0,5.44500000000005,Saturday,True
2025-01-04,16,8,0,104.11,9.03,America/Vancouver,277.86,0.465,100.0,0,1,0,0,0,0,4.710000000000036,Saturday,True
2025-01-04,17,6,0,79.71,6.92,America/Vancouver,277.87,0.685,100.0,0,1,0,0,0,0,4.720000000000027,Saturday,True
2025-01-04,18,10,0,73.87,6.41,America/Vancouver,278.53,0.675,100.0,0,1,0,0,0,0,5.3799999999999955,Saturday,True
2025-01-04,19,11,0,157.77,13.69,America/Vancouver,277.71000000000004,4.36,100.0,0,1,0,0,0,0,4.560000000000059,Saturday,True
2025-01-04,20,18,0,258.06,22.39,America/Vancouver,277.32,1.18,100.0,0,1,0,0,0,0,4.170000000000016,Saturday,True
2025-01-04,21,6,0,77.55,6.73,America/Vancouver,278.065,0.5700000000000001,70.0,0,1,0,0,0,0,4.9150000000000205,Saturday,True
2025-01-05,11,2,0,31.48,2.6,America/Vancouver,277.96000000000004,0.21,100.0,0,1,1,0,0,0,4.810000000000059,Sunday,True
2025-01-05,12,10,0,101.62,8.4,America/Vancouver,277.28999999999996,1.24,87.5,0,1,1,0,0,0,4.139999999999986,Sunday,True
2025-01-05,13,5,0,57.76,4.77,America/Vancouver,277.115,1.005,100.0,1,1,1,0,0,0,3.965000000000032,Sunday,True
2025-01-05,14,4,0,60.28,4.98,America/Vancouver,275.935,1.805,87.5,1,1,1,0,0,0,2.785000000000025,Sunday,True
2025-01-05,15,12,0,132.44,10.94,America/Vancouver,276.065,2.34,87.5,1,1,1,0,0,0,2.9150000000000205,Sunday,True
2025-01-05,16,19,0,252.75,20.88,America/Vancouver,276.62,2.245,93.5,1,1,1,0,0,0,3.4700000000000273,Sunday,True
2025-01-05,17,13,0,140.97,11.65,America/Vancouver,276.14,2.43,95.5,1,1,1,0,0,0,2.990000000000009,Sunday,True
2025-01-05,18,15,0,147.38,12.18,America/Vancouver,276.20500000000004,2.665,96.0,1,1,1,0,0,0,3.0550000000000637,Sunday,True
2025-01-05,19,11,0,119.49,9.87,America/Vancouver,275.49,1.37,86.5,0,1,1,0,0,0,2.340000000000032,Sunday,True
2025-01-05,20,11,0,114.65,9.47,America/Vancouver,276.20000000000005,1.6,80.0,0,1,1,0,0,0,3.050000000000068,Sunday,True
2025-01-05,21,3,0,51.65,4.27,America/Vancouver,275.82,1.955,62.0,0,1,1,0,0,0,2.670000000000016,Sunday,True
2025-01-06,11,1,0,15.47,2.11,America/Vancouver,278.32500000000005,0.125,38.5,0,1,0,1,0,0,5.175000000000068,Monday,False
2025-01-06,12,7,0,102.88,14.02,America/Vancouver,278.405,0.0,20.0,0,0,1,1,0,0,5.2549999999999955,Monday,False
2025-01-06,13,5,0,65.56,8.94,America/Vancouver,278.2,0.0,40.0,0,0,1,0,0,0,5.050000000000011,Monday,False
2025-01-06,14,5,0,58.22,7.94,America/Vancouver,278.90999999999997,0.0,30.0,0,0,1,0,0,0,5.759999999999991,Monday,False
2025-01-06,15,6,0,81.13,11.06,America/Vancouver,279.61,0.0,75.0,0,0,1,0,0,0,6.460000000000036,Monday,False
2025-01-06,16,8,0,114.76,15.64,America/Vancouver,278.995,0.0,75.0,0,0,1,0,0,0,5.845000000000027,Monday,False
2025-01-06,17,5,0,55.64,7.58,America/Vancouver,277.19,0.0,57.5,0,0,1,0,0,0,4.0400000000000205,Monday,False
2025-01-06,18,7,0,81.08,11.05,America/Vancouver,277.105,0.0,57.5,0,0,1,0,0,0,3.955000000000041,Monday,False
2025-01-06,19,10,0,99.82,13.61,America/Vancouver,276.11,0.0,87.5,0,0,1,0,0,0,2.9600000000000364,Monday,False
2025-01-06,20,9,0,59.05,8.05,America/Vancouver,276.93,0.0,100.0,0,0,1,0,0,0,3.7800000000000296,Monday,False
2025-01-06,21,0,0,0.0,0.0,America/Vancouver,277.27,0.0,87.5,1,0,1,0,0,0,4.1200000000000045,Monday,False
2025-01-07,11,5,0,40.42,6.37,America/Vancouver,276.025,0.0,87.5,1,0,1,0,0,0,2.875,Tuesday,False
2025-01-07,12,3,0,22.43,3.54,America/Vancouver,277.22,0.0,99.0,0,0,1,0,0,0,4.07000000000005,Tuesday,False
2025-01-07,13,5,0,56.81,8.96,America/Vancouver,276.86,0.0,87.5,0,0,1,0,0,0,3.7100000000000364,Tuesday,False
2025-01-07,14,4,0,72.92,11.49,America/Vancouver,277.79,0.0,87.5,0,0,1,0,0,0,4.640000000000043,Tuesday,False
2025-01-07,15,5,0,51.65,8.14,America/Vancouver,278.275,0.125,75.0,0,1,1,0,0,0,5.125,Tuesday,False
2025-01-07,16,5,0,61.43,9.68,America/Vancouver,278.625,0.0,75.0,0,0,1,0,0,0,5.475000000000023,Tuesday,False
2025-01-07,17,8,0,93.27,14.7,America/Vancouver,277.15999999999997,0.115,75.0,0,1,1,0,0,0,4.009999999999991,Tuesday,False
2025-01-07,18,7,0,72.84,11.48,America/Vancouver,276.825,0.0,87.5,0,0,1,0,0,0,3.6750000000000114,Tuesday,False
2025-01-07,19,4,0,56.12,8.85,America/Vancouver,277.4,0.0,87.5,0,0,1,0,0,0,4.25,Tuesday,False
2025-01-07,20,10,0,106.5,16.79,America/Vancouver,276.17,0.0,70.0,0,1,1,0,0,0,3.0200000000000387,Tuesday,False
2025-01-07,21,0,0,0.0,0.0,America/Vancouver,275.55,0.19,60.0,0,1,1,0,0,0,2.400000000000034,Tuesday,False
2025-01-08,11,5,0,200.76,21.27,America/Vancouver,278.90999999999997,0.44,100.0,0,1,1,0,0,0,5.759999999999991,Wednesday,False
2025-01-08,12,6,0,71.18,7.54,America/Vancouver,277.70000000000005,0.36,100.0,0,1,1,0,0,0,4.550000000000068,Wednesday,False
2025-01-08,13,10,0,132.52,14.04,America/Vancouver,278.955,0.125,87.5,0,1,1,0,0,0,5.805000000000007,Wednesday,False
2025-01-08,14,6,0,143.25,15.17,America/Vancouver,278.495,0.275,87.5,0,1,1,0,0,0,5.345000000000027,Wednesday,False
2025-01-08,15,8,0,109.88,11.64,America/Vancouver,279.36,0.145,75.0,0,1,1,0,0,0,6.210000000000036,Wednesday,False
2025-01-08,16,3,0,33.05,3.5,America/Vancouver,278.46500000000003,0.0,56.5,0,0,1,0,0,0,5.315000000000055,Wednesday,False
2025-01-08,17,4,0,42.1,4.46,America/Vancouver,278.35,0.0,55.5,0,0,1,0,0,0,5.2000000000000455,Wednesday,False
2025-01-08,18,8,0,94.39,10.0,America/Vancouver,277.74,0.0,48.5,0,0,1,0,0,0,4.590000000000032,Wednesday,False
2025-01-08,19,12,0,89.35,9.46,America/Vancouver,276.565,0.0,37.5,0,0,1,1,0,0,3.4150000000000205,Wednesday,False
2025-01-08,20,3,0,27.6,2.92,America/Vancouver,278.125,0.0,20.5,1,0,1,0,0,0,4.975000000000023,Wednesday,False
2025-01-08,21,0,0,0.0,0.0,America/Vancouver,277.20500000000004,0.0,26.0,1,0,1,0,0,0,4.055000000000064,Wednesday,False
2025-01-09,11,2,0,20.14,2.59,America/Vancouver,276.405,0.0,57.5,0,0,1,0,0,0,3.2549999999999955,Thursday,False
2025-01-09,12,3,0,61.84,7.94,America/Vancouver,277.49,0.0,75.0,0,0,1,0,0,0,4.340000000000032,Thursday,False
2025-01-09,13,8,0,71.75,9.22,America/Vancouver,278.175,0.0,87.5,0,0,1,0,0,0,5.025000000000034,Thursday,False
2025-01-09,14,9,0,86.9,11.16,America/Vancouver,279.78999999999996,0.0,55.5,0,0,1,0,0,0,6.639999999999986,Thursday,False
2025-01-09,15,7,0,65.55,8.42,America/Vancouver,280.73,0.0,56.0,0,0,1,0,0,0,7.580000000000041,Thursday,False
2025-01-09,16,12,0,110.75,14.23,America/Vancouver,279.265,0.0,67.0,0,0,1,0,0,0,6.115000000000009,Thursday,False
2025-01-09,17,17,0,162.34,20.86,America/Vancouver,277.99,0.0,95.0,0,0,1,0,0,0,4.840000000000032,Thursday,False
2025-01-09,18,9,0,83.41,10.72,America/Vancouver,278.28499999999997,0.125,98.0,0,1,1,0,0,0,5.134999999999991,Thursday,False
2025-01-09,19,10,0,94.34,12.12,America/Vancouver,276.485,0.18,100.0,0,1,1,0,0,0,3.3350000000000364,Thursday,False
2025-01-09,20,3,0,21.4,2.75,America/Vancouver,275.775,0.125,87.5,0,1,1,0,0,0,2.625,Thursday,False
2025-01-09,21,0,0,0.0,0.0,America/Vancouver,276.71000000000004,0.095,87.5,0,1,1,0,0,0,3.560000000000059,Thursday,False
2025-01-10,11,6,0,32.76,2.29,America/Vancouver,276.14,0.26,87.5,1,1,0,0,0,0,2.990000000000009,Friday,False
2025-01-10,12,8,0,141.57,9.9,America/Vancouver,275.985,0.365,87.5,0,1,0,0,0,0,2.8350000000000364,Friday,False
2025-01-10,13,16,0,146.75,10.26,America/Vancouver,277.0,0.13,87.5,0,1,1,0,0,0,3.8500000000000227,Friday,False
2025-01-10,14,6,0,87.76,6.14,America/Vancouver,277.24,0.165,87.5,0,1,1,0,0,0,4.090000000000032,Friday,False
2025-01-10,15,10,0,137.44,9.61,America/Vancouver,277.03,0.28,57.5,0,1,1,0,0,0,3.8799999999999955,Friday,False
2025-01-10,16,9,0,92.31,6.46,America/Vancouver,277.005,0.125,60.0,0,1,1,0,0,0,3.855000000000018,Friday,False
2025-01-10,17,9,0,88.42,6.18,America/Vancouver,276.425,0.36,60.0,0,1,1,0,0,0,3.275000000000034,Friday,False
2025-01-10,18,18,0,199.73,13.97,America/Vancouver,276.54,0.175,60.0,0,1,1,0,0,0,3.390000000000043,Friday,False
2025-01-10,19,17,0,192.73,13.48,America/Vancouver,276.325,0.09,60.0,0,1,1,0,0,0,3.1750000000000114,Friday,False
2025-01-10,20,11,0,191.61,13.4,America/Vancouver,276.04,0.4,87.5,0,1,1,0,0,0,2.890000000000043,Friday,False
2025-01-10,21,10,0,118.54,8.29,America/Vancouver,275.905,7.53,87.5,0,1,0,0,0,0,2.7549999999999955,Friday,False
2025-01-11,11,7,0,70.42,3.6,America/Vancouver,278.26,0.36,87.5,0,1,0,0,0,0,5.110000000000014,Saturday,True
2025-01-11,12,16,0,114.4,5.85,America/Vancouver,278.43,0.46,87.5,0,1,0,0,0,0,5.28000000000003,Saturday,True
2025-01-11,13,20,0,167.47,8.56,America/Vancouver,279.105,0.18,87.5,0,1,0,0,0,0,5.955000000000041,Saturday,True
2025-01-11,14,34,0,250.66,12.81,America/Vancouver,278.525,0.09,87.5,0,1,1,0,0,0,5.375,Saturday,True
2025-01-11,15,29,0,202.58,10.36,America/Vancouver,278.9,0.075,87.5,0,1,1,0,0,0,5.75,Saturday,True
2025-01-11,16,30,0,203.52,10.4,America/Vancouver,277.92,0.32999999999999996,87.5,0,1,0,0,0,0,4.770000000000039,Saturday,True
2025-01-11,17,22,0,146.47,7.49,America/Vancouver,277.66999999999996,0.32,87.5,0,1,0,0,0,0,4.519999999999982,Saturday,True
2025-01-11,18,30,0,201.81,10.32,America/Vancouver,278.42999999999995,0.36,87.5,0,1,1,0,0,0,5.279999999999973,Saturday,True
2025-01-11,19,38,0,251.95,12.88,America/Vancouver,278.03999999999996,0.225,100.0,0,1,1,0,0,0,4.889999999999986,Saturday,True
2025-01-11,20,34,0,232.55,11.89,America/Vancouver,277.81,1.93,75.0,0,1,1,0,0,0,4.660000000000025,Saturday,True
2025-01-11,21,13,0,114.45,5.85,America/Vancouver,277.57000000000005,1.645,87.5,0,1,0,0,0,0,4.420000000000073,Saturday,True
2025-01-12,11,14,0,109.25,5.09,America/Vancouver,278.69,0.56,89.0,0,1,1,0,0,0,5.5400000000000205,Sunday,True
2025-01-12,12,19,0,129.96,6.05,America/Vancouver,279.235,0.05,90.5,0,0,1,0,0,0,6.085000000000036,Sunday,True
2025-01-12,13,26,0,157.82,7.35,America/Vancouver,279.06,0.125,77.5,0,1,1,0,0,0,5.910000000000025,Sunday,True
2025-01-12,14,46,0,283.66,13.21,America/Vancouver,279.03499999999997,0.265,93.0,0,1,1,0,0,0,5.884999999999991,Sunday,True
2025-01-12,15,46,0,305.28,14.22,America/Vancouver,279.095,0.38,88.0,0,1,1,0,0,0,5.94500000000005,Sunday,True
2025-01-12,16,41,0,214.51,9.99,America/Vancouver,278.82,0.71,87.0,0,1,1,0,0,0,5.670000000000016,Sunday,True
2025-01-12,17,29,0,217.07,10.11,America/Vancouver,278.9,0.8,58.5,1,1,1,0,0,0,5.75,Sunday,True
2025-01-12,18,34,0,230.69,10.75,America/Vancouver,276.245,1.775,57.5,1,1,1,0,0,0,3.0950000000000273,Sunday,True
2025-01-12,19,21,0,141.37,6.59,America/Vancouver,277.815,1.945,56.0,1,1,1,0,0,0,4.6650000000000205,Sunday,True
2025-01-12,20,34,0,248.42,11.57,America/Vancouver,277.095,0.52,50.0,1,1,0,1,0,0,3.94500000000005,Sunday,True
2025-01-12,21,13,0,81.53,3.8,America/Vancouver,277.97,0.86,87.5,1,1,1,0,0,0,4.82000000000005,Sunday,True
2025-01-13,11,4,0,41.46,4.39,America/Vancouver,276.78,0.0,60.0,0,0,1,0,0,0,3.6299999999999955,Monday,False
2025-01-13,12,4,0,90.58,9.59,America/Vancouver,277.395,0.0,60.0,0,0,1,0,0,0,4.2450000000000045,Monday,False
2025-01-13,13,8,0,59.95,6.35,America/Vancouver,278.47,0.0,60.0,0,0,1,0,0,0,5.32000000000005,Monday,False
2025-01-13,14,8,0,142.56,15.09,America/Vancouver,277.98,0.0,60.0,0,0,1,0,0,0,4.830000000000041,Monday,False
2025-01-13,15,8,0,106.87,11.31,America/Vancouver,279.15,0.0,60.0,0,0,1,0,0,0,6.0,Monday,False
2025-01-13,16,9,0,107.56,11.39,America/Vancouver,278.75,0.05,69.0,0,0,1,0,0,0,5.600000000000023,Monday,False
2025-01-13,17,7,0,66.2,7.01,America/Vancouver,277.985,0.0,60.0,0,0,1,0,0,0,4.835000000000036,Monday,False
2025-01-13,18,16,0,154.87,16.39,America/Vancouver,277.03499999999997,0.0,60.0,0,0,1,0,0,0,3.884999999999991,Monday,False
2025-01-13,19,10,0,121.29,12.84,America/Vancouver,277.115,0.0,47.5,0,0,1,0,0,0,3.965000000000032,Monday,False
2025-01-13,20,8,0,53.37,5.65,America/Vancouver,275.79999999999995,0.125,60.0,0,1,1,0,0,0,2.6499999999999773,Monday,False
2025-01-13,21,0,0,0.0,0.0,America/Vancouver,274.455,0.0,47.5,0,0,1,0,0,0,1.3050000000000068,Monday,False
2025-01-14,11,8,0,93.37,11.02,America/Vancouver,278.075,0.0,75.0,0,0,1,0,0,0,4.925000000000011,Tuesday,False
2025-01-14,12,7,0,115.73,13.66,America/Vancouver,278.55999999999995,0.0,75.0,0,0,1,0,0,0,5.409999999999968,Tuesday,False
2025-01-14,13,7,0,52.82,6.24,America/Vancouver,279.85,0.0,63.0,0,0,1,0,0,0,6.7000000000000455,Tuesday,False
2025-01-14,14,8,0,97.72,11.54,America/Vancouver,279.76,0.0,62.0,0,0,1,0,0,0,6.610000000000014,Tuesday,False
2025-01-14,15,10,0,142.27,16.8,America/Vancouver,279.75,0.0,81.0,0,0,1,0,0,0,6.600000000000023,Tuesday,False
2025-01-14,16,5,0,49.28,5.81,America/Vancouver,279.13,0.0,82.0,0,0,1,0,0,0,5.980000000000018,Tuesday,False
2025-01-14,17,4,0,64.41,7.6,America/Vancouver,279.5,0.0,58.0,0,0,1,0,0,0,6.350000000000023,Tuesday,False
2025-01-14,18,11,0,117.97,13.92,America/Vancouver,278.39,0.0,75.0,0,0,1,0,0,0,5.240000000000009,Tuesday,False
2025-01-14,19,12,0,94.87,11.2,America/Vancouver,276.715,0.0,87.5,0,0,1,0,0,0,3.5649999999999977,Tuesday,False
2025-01-14,20,8,0,61.22,7.23,America/Vancouver,276.37,0.0,72.5,0,0,1,0,0,0,3.2200000000000273,Tuesday,False
2025-01-14,21,0,0,0.0,0.0,America/Vancouver,276.905,0.0,100.0,0,0,1,0,0,0,3.7549999999999955,Tuesday,False
2025-01-15,11,3,0,23.3,2.21,America/Vancouver,279.175,0.125,47.5,0,1,1,0,0,0,6.025000000000034,Wednesday,False
2025-01-15,12,12,0,109.72,10.41,America/Vancouver,280.32000000000005,0.125,47.5,0,1,1,0,0,0,7.170000000000073,Wednesday,False
2025-01-15,13,4,0,53.89,5.11,America/Vancouver,280.97,0.0,20.0,0,0,1,0,0,0,7.82000000000005,Wednesday,False
2025-01-15,14,11,0,140.9,13.37,America/Vancouver,281.82,0.0,12.5,0,0,1,1,0,0,8.670000000000016,Wednesday,False
2025-01-15,15,15,0,128.22,12.17,America/Vancouver,281.635,0.0,11.5,0,0,1,1,0,0,8.485000000000014,Wednesday,False
2025-01-15,16,11,0,118.36,11.23,America/Vancouver,280.20500000000004,0.0,14.5,0,0,1,1,0,0,7.055000000000064,Wednesday,False
2025-01-15,17,7,0,73.84,7.01,America/Vancouver,279.32000000000005,0.0,33.5,0,0,1,0,0,0,6.170000000000073,Wednesday,False
2025-01-15,18,14,0,123.94,11.76,America/Vancouver,278.565,0.0,57.0,0,0,1,0,0,0,5.4150000000000205,Wednesday,False
2025-01-15,19,15,0,142.41,13.52,America/Vancouver,278.065,0.0,57.0,0,0,1,0,0,0,4.9150000000000205,Wednesday,False
2025-01-15,20,12,0,138.99,13.19,America/Vancouver,276.44,0.0,57.5,0,0,1,0,0,0,3.2900000000000205,Wednesday,False
2025-01-15,21,0,0,0.0,0.0,America/Vancouver,276.345,0.0,81.5,0,0,1,0,0,0,3.19500000000005,Wednesday,False
2025-01-16,11,7,0,65.48,7.01,America/Vancouver,277.875,0.0,87.5,0,0,1,0,0,0,4.725000000000023,Thursday,False
2025-01-16,12,9,0,79.21,8.47,America/Vancouver,276.66499999999996,0.0,87.5,0,0,1,0,0,0,3.5149999999999864,Thursday,False
2025-01-16,13,12,0,93.37,9.99,America/Vancouver,277.815,0.125,70.0,0,1,1,0,0,0,4.6650000000000205,Thursday,False
2025-01-16,14,7,0,127.37,13.63,America/Vancouver,278.07,0.0,60.0,0,0,1,0,0,0,4.920000000000016,Thursday,False
2025-01-16,15,15,0,123.86,13.25,America/Vancouver,278.5,0.0,60.0,0,1,1,0,0,0,5.350000000000023,Thursday,False
2025-01-16,16,18,0,138.05,14.77,America/Vancouver,278.015,0.12,50.0,0,1,0,1,0,0,4.865000000000009,Thursday,False
2025-01-16,17,10,0,67.82,7.26,America/Vancouver,276.145,0.095,50.0,0,1,0,1,0,0,2.9950000000000045,Thursday,False
2025-01-16,18,11,0,92.09,9.85,America/Vancouver,275.56,0.21,50.0,0,1,0,1,0,0,2.410000000000025,Thursday,False
2025-01-16,19,14,0,113.2,12.11,America/Vancouver,276.375,0.28,50.0,0,1,0,1,0,0,3.2250000000000227,Thursday,False
2025-01-16,20,4,0,34.3,3.67,America/Vancouver,276.28,0.57,60.0,0,1,1,0,0,0,3.1299999999999955,Thursday,False
2025-01-16,21,0,0,0.0,0.0,America/Vancouver,275.845,0.25,60.0,0,1,1,0,0,0,2.69500000000005,Thursday,False
2025-01-17,11,5,0,30.08,1.81,America/Vancouver,278.16499999999996,0.125,37.5,0,1,1,0,0,0,5.014999999999986,Friday,False
2025-01-17,12,10,0,113.13,6.8,America/Vancouver,277.78499999999997,0.0,50.0,0,0,1,1,0,0,4.634999999999991,Friday,False
2025-01-17,13,12,0,115.24,6.93,America/Vancouver,278.12,0.0,60.0,0,0,1,0,0,0,4.970000000000027,Friday,False
2025-01-17,14,12,0,214.58,12.9,America/Vancouver,277.845,0.0,60.0,0,0,1,0,0,0,4.69500000000005,Friday,False
2025-01-17,15,13,0,120.13,7.22,America/Vancouver,277.39,0.0,47.5,0,0,1,0,0,0,4.240000000000009,Friday,False
2025-01-17,16,15,0,170.0,10.22,America/Vancouver,277.445,0.0,37.5,0,0,1,1,0,0,4.295000000000016,Friday,False
2025-01-17,17,18,0,186.1,11.19,America/Vancouver,276.795,0.0,41.0,0,0,1,1,0,0,3.6450000000000387,Friday,False
2025-01-17,18,18,0,142.45,8.57,America/Vancouver,276.5,0.0,37.5,0,0,1,1,0,0,3.3500000000000227,Friday,False
2025-01-17,19,26,0,195.04,11.73,America/Vancouver,275.36,0.125,37.5,0,1,0,1,0,0,2.2100000000000364,Friday,False
2025-01-17,20,26,0,314.38,18.9,America/Vancouver,274.21500000000003,0.0,50.0,0,0,1,1,0,0,1.0650000000000546,Friday,False
2025-01-17,21,5,0,61.85,3.72,America/Vancouver,274.12,0.0,30.0,0,0,1,0,0,0,0.9700000000000273,Friday,False
2025-01-18,11,5,0,63.14,3.36,America/Vancouver,277.12,0.0,47.5,0,0,1,0,0,0,3.9700000000000273,Saturday,True
2025-01-18,12,7,0,57.98,3.08,America/Vancouver,277.71000000000004,0.0,30.0,0,0,1,0,0,0,4.560000000000059,Saturday,True
2025-01-18,13,22,0,294.56,15.67,America/Vancouver,278.3,0.0,47.5,0,0,1,0,0,0,5.150000000000034,Saturday,True
2025-01-18,14,22,0,185.16,9.85,America/Vancouver,278.78,0.0,47.5,0,0,1,0,0,0,5.6299999999999955,Saturday,True
2025-01-18,15,17,0,249.12,13.25,America/Vancouver,278.92,0.0,15.0,0,0,1,1,0,0,5.770000000000039,Saturday,True
2025-01-18,16,21,0,188.55,10.03,America/Vancouver,276.9,0.0,47.5,0,0,1,0,0,0,3.75,Saturday,True
2025-01-18,17,15,0,138.39,7.36,America/Vancouver,277.23,0.0,42.0,0,0,1,1,0,0,4.080000000000041,Saturday,True
2025-01-18,18,21,0,190.78,10.15,America/Vancouver,275.7,0.0,60.0,0,0,1,0,0,0,2.5500000000000114,Saturday,True
2025-01-18,19,23,0,255.05,13.57,America/Vancouver,274.78499999999997,0.0,50.0,0,0,1,1,0,0,1.634999999999991,Saturday,True
2025-01-18,20,11,0,109.68,5.84,America/Vancouver,274.99,0.0,50.0,0,0,1,1,0,0,1.8400000000000318,Saturday,True
2025-01-18,21,14,0,147.28,7.84,America/Vancouver,274.95000000000005,0.0,75.0,0,0,1,0,0,0,1.8000000000000682,Saturday,True
2025-01-19,11,1,0,5.8,0.43,America/Vancouver,276.535,0.0,37.5,0,0,1,1,0,0,3.3850000000000477,Sunday,True
2025-01-19,12,11,0,108.13,7.97,America/Vancouver,276.53499999999997,0.25,37.5,0,1,0,0,0,0,3.384999999999991,Sunday,True
2025-01-19,13,21,0,219.5,16.17,America/Vancouver,276.845,0.125,37.5,0,1,1,0,0,0,3.69500000000005,Sunday,True
2025-01-19,14,10,0,88.61,6.53,America/Vancouver,278.195,0.0,11.5,0,0,1,1,0,0,5.045000000000016,Sunday,True
2025-01-19,15,20,0,158.24,11.66,America/Vancouver,277.865,0.0,37.5,0,0,1,1,0,0,4.715000000000032,Sunday,True
2025-01-19,16,17,0,145.97,10.76,America/Vancouver,278.04499999999996,0.0,50.0,0,0,1,1,0,0,4.894999999999982,Sunday,True
2025-01-19,17,18,0,160.22,11.81,America/Vancouver,276.46,0.0,50.0,0,0,1,1,0,0,3.3100000000000023,Sunday,True
2025-01-19,18,9,0,89.19,6.57,America/Vancouver,275.895,0.0,50.0,0,0,1,1,0,0,2.7450000000000045,Sunday,True
2025-01-19,19,19,0,180.81,13.32,America/Vancouver,274.74,0.0,50.0,0,0,1,1,0,0,1.5900000000000318,Sunday,True
2025-01-19,20,13,0,117.13,8.63,America/Vancouver,274.975,0.0,50.0,0,0,1,1,0,0,1.8250000000000455,Sunday,True
2025-01-19,21,8,0,83.59,6.16,America/Vancouver,274.71000000000004,0.0,37.5,0,0,1,1,0,0,1.5600000000000591,Sunday,True
2025-01-20,11,3,0,37.81,4.26,America/Vancouver,276.54999999999995,0.0,75.0,0,0,1,0,0,0,3.3999999999999773,Monday,False
2025-01-20,12,7,0,68.42,7.71,America/Vancouver,278.28499999999997,0.0,75.0,0,0,1,0,0,0,5.134999999999991,Monday,False
2025-01-20,13,12,0,155.5,17.53,America/Vancouver,278.19500000000005,0.0,75.0,0,0,1,0,0,0,5.045000000000073,Monday,False
2025-01-20,14,6,0,75.83,8.55,America/Vancouver,277.495,0.0,87.5,0,0,1,0,0,0,4.345000000000027,Monday,False
2025-01-20,15,13,0,141.84,15.99,America/Vancouver,278.855,0.0,94.5,0,0,1,0,0,0,5.705000000000041,Monday,False
2025-01-20,16,6,0,63.36,7.14,America/Vancouver,277.595,0.0,87.5,0,0,1,0,0,0,4.44500000000005,Monday,False
2025-01-20,17,7,0,55.79,6.29,America/Vancouver,276.765,0.0,87.5,0,0,1,0,0,0,3.615000000000009,Monday,False
2025-01-20,18,8,0,90.95,10.25,America/Vancouver,276.0,0.0,99.5,0,0,1,0,0,0,2.8500000000000227,Monday,False
2025-01-20,19,6,0,60.98,6.87,America/Vancouver,275.365,0.0,100.0,0,0,1,0,0,0,2.215000000000032,Monday,False
2025-01-20,20,9,0,129.34,14.58,America/Vancouver,275.815,0.0,100.0,0,0,1,0,0,0,2.6650000000000205,Monday,False
2025-01-20,21,3,0,7.35,0.83,America/Vancouver,275.515,0.0,87.5,0,0,1,0,0,0,2.365000000000009,Monday,False
2025-01-21,11,5,0,53.87,7.95,America/Vancouver,275.58,0.0,75.0,0,0,1,0,0,0,2.430000000000007,Tuesday,False
2025-01-21,12,7,0,80.49,11.88,America/Vancouver,274.92499999999995,0.0,47.5,0,0,1,0,0,0,1.7749999999999773,Tuesday,False
2025-01-21,13,12,0,136.35,20.13,America/Vancouver,278.01,0.0,43.0,0,0,1,0,0,0,4.860000000000014,Tuesday,False
2025-01-21,14,3,0,49.03,7.24,America/Vancouver,277.15,0.0,20.0,0,0,1,0,0,0,4.0,Tuesday,False
2025-01-21,15,4,0,34.44,5.08,America/Vancouver,277.685,0.0,20.0,0,0,1,0,0,0,4.535000000000025,Tuesday,False
2025-01-21,16,7,0,82.19,12.13,America/Vancouver,276.145,0.0,47.5,0,0,1,0,0,0,2.9950000000000045,Tuesday,False
2025-01-21,17,4,0,44.4,6.55,America/Vancouver,275.74,0.0,47.5,0,0,1,0,0,0,2.590000000000032,Tuesday,False
2025-01-21,18,6,0,54.8,8.09,America/Vancouver,274.72,0.0,47.5,0,0,1,0,0,0,1.57000000000005,Tuesday,False
2025-01-21,19,9,0,106.47,15.72,America/Vancouver,272.99,0.0,10.0,0,0,1,1,0,0,-0.15999999999996817,Tuesday,False
2025-01-21,20,3,0,28.2,4.16,America/Vancouver,271.95000000000005,0.0,20.0,0,0,1,0,0,0,-1.1999999999999318,Tuesday,False
2025-01-21,21,0,0,0.0,0.0,America/Vancouver,272.15,0.0,50.0,0,0,1,1,0,0,-1.0,Tuesday,False
2025-01-22,11,8,0,80.3,8.65,America/Vancouver,274.96500000000003,0.0,60.0,0,0,1,0,0,0,1.8150000000000546,Wednesday,False
2025-01-22,12,4,0,57.52,6.2,America/Vancouver,274.985,0.0,60.0,0,0,1,0,0,0,1.8350000000000364,Wednesday,False
2025-01-22,13,11,0,127.97,13.79,America/Vancouver,275.115,0.0,58.0,0,0,1,0,0,0,1.9650000000000318,Wednesday,False
2025-01-22,14,9,0,176.0,18.97,America/Vancouver,275.62,0.125,37.5,0,1,1,0,0,0,2.4700000000000273,Wednesday,False
2025-01-22,15,6,0,47.15,5.08,America/Vancouver,274.91499999999996,0.0,50.0,0,0,1,1,0,0,1.7649999999999864,Wednesday,False
2025-01-22,16,8,0,87.92,9.48,America/Vancouver,275.21000000000004,0.0,50.0,0,0,1,1,0,0,2.060000000000059,Wednesday,False
2025-01-22,17,11,0,119.87,12.92,America/Vancouver,274.46500000000003,0.0,60.0,0,0,1,0,0,0,1.3150000000000546,Wednesday,False
2025-01-22,18,6,0,79.3,8.55,America/Vancouver,273.87,0.0,50.0,0,0,1,1,0,0,0.7200000000000273,Wednesday,False
2025-01-22,19,7,0,79.17,8.53,America/Vancouver,274.385,0.0,47.5,0,0,1,0,0,0,1.2350000000000136,Wednesday,False
2025-01-22,20,4,0,72.69,7.83,America/Vancouver,274.735,0.0,37.5,0,0,1,1,0,0,1.5850000000000364,Wednesday,False
2025-01-22,21,0,0,0.0,0.0,America/Vancouver,273.485,0.0,37.5,0,0,1,1,0,0,0.3350000000000364,Wednesday,False
2025-01-23,11,7,0,77.75,9.88,America/Vancouver,274.53999999999996,0.125,47.5,0,1,1,0,0,0,1.3899999999999864,Thursday,False
2025-01-23,12,10,0,162.64,20.66,America/Vancouver,275.54999999999995,0.0,47.5,0,0,1,0,0,0,2.3999999999999773,Thursday,False
2025-01-23,13,6,0,52.46,6.67,America/Vancouver,276.065,0.125,60.0,0,1,1,0,0,0,2.9150000000000205,Thursday,False
2025-01-23,14,12,0,173.64,22.06,America/Vancouver,275.32,0.0,57.5,0,0,1,0,0,0,2.170000000000016,Thursday,False
2025-01-23,15,6,0,55.95,7.11,America/Vancouver,275.11,0.0,57.5,0,0,1,0,0,0,1.9600000000000364,Thursday,False
2025-01-23,16,4,0,45.4,5.77,America/Vancouver,275.09000000000003,0.0,75.0,0,0,1,0,0,0,1.9400000000000546,Thursday,False
2025-01-23,17,6,0,57.57,7.31,America/Vancouver,275.38,0.0,87.5,0,0,1,0,0,0,2.230000000000018,Thursday,False
2025-01-23,18,2,0,26.59,3.38,America/Vancouver,275.705,0.0,87.5,0,0,1,0,0,0,2.555000000000007,Thursday,False
2025-01-23,19,11,0,101.6,12.91,America/Vancouver,272.95,0.0,87.5,0,0,1,0,0,0,-0.19999999999998863,Thursday,False
2025-01-23,20,5,0,33.49,4.25,America/Vancouver,272.54499999999996,0.0,87.5,0,0,1,0,0,0,-0.6050000000000182,Thursday,False
2025-01-23,21,0,0,0.0,0.0,America/Vancouver,272.625,0.0,75.0,0,0,1,0,0,0,-0.5249999999999773,Thursday,False
2025-01-24,11,8,0,80.95,5.8,America/Vancouver,273.36,0.36,60.0,1,1,1,0,0,0,0.21000000000003638,Friday,False
2025-01-24,12,5,0,68.65,4.92,America/Vancouver,273.895,0.4,50.0,1,1,0,1,0,0,0.7450000000000045,Friday,False
2025-01-24,13,11,0,185.33,13.28,America/Vancouver,274.565,0.48,60.0,1,1,1,0,0,0,1.4150000000000205,Friday,False
2025-01-24,14,8,0,93.03,6.67,America/Vancouver,274.585,0.67,50.0,1,1,0,1,0,0,1.4350000000000023,Friday,False
2025-01-24,15,12,0,145.48,10.42,America/Vancouver,274.24,0.625,50.0,0,1,0,1,0,0,1.0900000000000318,Friday,False
2025-01-24,16,10,0,96.66,6.93,America/Vancouver,273.73,0.395,50.0,0,1,0,1,0,0,0.5800000000000409,Friday,False
2025-01-24,17,14,0,113.01,8.1,America/Vancouver,273.59000000000003,0.53,50.0,1,1,0,1,0,0,0.44000000000005457,Friday,False
2025-01-24,18,6,0,66.29,4.75,America/Vancouver,274.375,0.505,50.0,0,1,0,1,0,0,1.2250000000000227,Friday,False
2025-01-24,19,15,0,196.42,14.07,America/Vancouver,272.555,0.205,50.0,0,1,0,1,0,0,-0.5949999999999704,Friday,False
2025-01-24,20,18,0,245.1,17.56,America/Vancouver,272.015,0.15,50.0,0,1,0,1,0,0,-1.134999999999991,Friday,False
2025-01-24,21,10,0,104.62,7.5,America/Vancouver,272.22,0.15,50.0,0,1,0,1,0,0,-0.92999999999995,Friday,False
2025-01-25,11,2,0,18.99,1.03,America/Vancouver,275.625,0.185,50.0,0,1,0,1,0,0,2.4750000000000227,Saturday,True
2025-01-25,12,10,0,140.2,7.6,America/Vancouver,275.21500000000003,0.315,60.0,0,1,0,0,0,0,2.0650000000000546,Saturday,True
2025-01-25,13,13,0,185.83,10.07,America/Vancouver,275.91999999999996,0.49,60.0,0,1,1,0,0,0,2.769999999999982,Saturday,True
2025-01-25,14,20,0,193.59,10.49,America/Vancouver,275.63,0.425,47.5,0,1,1,0,0,0,2.480000000000018,Saturday,True
2025-01-25,15,21,0,226.55,12.28,America/Vancouver,276.125,1.12,37.5,0,1,0,1,0,0,2.9750000000000227,Saturday,True
2025-01-25,16,13,0,129.53,7.02,America/Vancouver,273.71500000000003,0.35,47.5,0,1,1,0,0,0,0.5650000000000546,Saturday,True
2025-01-25,17,15,0,166.28,9.01,America/Vancouver,274.625,2.035,51.5,0,1,1,0,0,0,1.4750000000000227,Saturday,True
2025-01-25,18,25,0,285.68,15.49,America/Vancouver,273.44,0.115,52.0,0,1,1,0,0,0,0.29000000000002046,Saturday,True
2025-01-25,19,19,0,189.41,10.27,America/Vancouver,273.99,0.155,46.0,0,1,1,0,0,0,0.8400000000000318,Saturday,True
2025-01-25,20,17,0,191.52,10.38,America/Vancouver,272.795,0.23,22.0,0,1,0,1,0,0,-0.35499999999996135,Saturday,True
2025-01-25,21,10,0,117.09,6.35,America/Vancouver,272.29499999999996,0.125,70.0,0,1,1,0,0,0,-0.8550000000000182,Saturday,True
2025-01-26,11,2,0,27.87,1.89,America/Vancouver,275.19,0.05,47.5,0,0,1,0,0,0,2.0400000000000205,Sunday,True
2025-01-26,12,14,0,133.91,9.1,America/Vancouver,276.755,0.125,47.5,0,1,1,0,0,0,3.605000000000018,Sunday,True
2025-01-26,13,12,0,155.47,10.56,America/Vancouver,276.74,0.0,20.0,0,0,1,0,0,0,3.590000000000032,Sunday,True
2025-01-26,14,18,0,271.12,18.42,America/Vancouver,277.87,0.125,37.5,0,1,0,1,0,0,4.720000000000027,Sunday,True
2025-01-26,15,20,0,224.11,15.22,America/Vancouver,277.17499999999995,0.05,37.5,0,0,1,1,0,0,4.024999999999977,Sunday,True
2025-01-26,16,9,0,138.4,9.4,America/Vancouver,275.94,0.0,37.5,0,0,1,1,0,0,2.7900000000000205,Sunday,True
2025-01-26,17,13,0,137.71,9.35,America/Vancouver,275.96000000000004,0.0,52.5,0,0,1,1,0,0,2.810000000000059,Sunday,True
2025-01-26,18,8,0,88.09,5.98,America/Vancouver,274.5,0.05,50.5,0,0,1,1,0,0,1.3500000000000227,Sunday,True
2025-01-26,19,14,0,134.8,9.16,America/Vancouver,274.45000000000005,0.05,50.0,0,0,1,1,0,0,1.3000000000000682,Sunday,True
2025-01-26,20,12,0,133.98,9.1,America/Vancouver,274.03499999999997,0.05,50.0,0,0,1,1,0,0,0.8849999999999909,Sunday,True
2025-01-26,21,3,0,26.76,1.82,America/Vancouver,274.055,0.05,50.0,0,0,1,1,0,0,0.9050000000000296,Sunday,True
2025-01-27,11,1,0,12.39,1.29,America/Vancouver,275.225,0.16,53.5,0,1,0,1,0,0,2.0750000000000455,Monday,False
2025-01-27,12,7,0,86.24,9.01,America/Vancouver,275.54,0.175,50.0,0,1,0,1,0,0,2.390000000000043,Monday,False
2025-01-27,13,9,0,115.04,12.02,America/Vancouver,275.865,0.25,50.0,0,1,0,1,0,0,2.715000000000032,Monday,False
2025-01-27,14,10,0,136.41,14.25,America/Vancouver,276.185,0.135,47.5,0,1,1,0,0,0,3.035000000000025,Monday,False
2025-01-27,15,12,0,144.37,15.08,America/Vancouver,276.24,0.08,50.0,0,1,0,1,0,0,3.090000000000032,Monday,False
2025-01-27,16,9,0,96.32,10.06,America/Vancouver,276.935,0.115,37.5,0,1,0,1,0,0,3.785000000000025,Monday,False
2025-01-27,17,10,0,91.13,9.52,America/Vancouver,276.145,0.0,37.5,0,0,1,1,0,0,2.9950000000000045,Monday,False
2025-01-27,18,10,0,115.09,12.02,America/Vancouver,275.15,0.0,50.0,0,0,1,1,0,0,2.0,Monday,False
2025-01-27,19,10,0,93.36,9.75,America/Vancouver,275.02,0.0,50.0,0,0,1,1,0,0,1.8700000000000045,Monday,False
2025-01-27,20,4,0,66.82,6.98,America/Vancouver,274.38,0.0,50.0,0,0,1,1,0,0,1.2300000000000182,Monday,False
2025-01-27,21,0,0,0.0,0.0,America/Vancouver,273.79499999999996,0.0,50.0,0,0,1,1,0,0,0.6449999999999818,Monday,False
2025-01-28,11,9,0,101.85,8.64,America/Vancouver,277.255,0.14,47.5,0,1,1,0,0,0,4.105000000000018,Tuesday,False
2025-01-28,12,9,0,92.89,7.91,America/Vancouver,278.105,0.125,38.0,0,1,0,0,0,0,4.955000000000041,Tuesday,False
2025-01-28,13,14,0,150.45,12.81,America/Vancouver,279.345,0.0,40.0,0,0,1,1,0,0,6.19500000000005,Tuesday,False
2025-01-28,14,4,0,39.26,3.34,America/Vancouver,277.625,0.0,47.5,0,0,1,0,0,0,4.475000000000023,Tuesday,False
2025-01-28,15,10,0,123.22,10.49,America/Vancouver,277.53499999999997,0.125,48.0,0,1,1,0,0,0,4.384999999999991,Tuesday,False
2025-01-28,16,12,0,202.71,17.25,America/Vancouver,277.28,0.0,53.5,0,0,1,0,0,0,4.1299999999999955,Tuesday,False
2025-01-28,17,6,0,69.39,5.91,America/Vancouver,276.705,0.0,52.0,0,0,1,0,0,0,3.555000000000007,Tuesday,False
2025-01-28,18,8,0,104.83,8.92,America/Vancouver,276.005,0.0,55.0,0,0,1,0,0,0,2.855000000000018,Tuesday,False
2025-01-28,19,12,0,173.48,14.77,America/Vancouver,275.32500000000005,0.0,86.5,0,0,1,0,0,0,2.175000000000068,Tuesday,False
2025-01-28,20,9,0,114.77,9.77,America/Vancouver,275.71,0.0,94.5,0,0,1,0,0,0,2.5600000000000023,Tuesday,False
2025-01-28,21,0,0,0.0,0.0,America/Vancouver,275.47,0.0,50.0,0,1,0,1,0,0,2.32000000000005,Tuesday,False
2025-01-29,11,7,0,90.37,10.31,America/Vancouver,276.32000000000005,0.0,37.5,0,0,1,1,0,0,3.1700000000000728,Wednesday,False
2025-01-29,12,5,0,61.53,7.02,America/Vancouver,277.725,0.125,37.5,0,1,0,1,0,0,4.5750000000000455,Wednesday,False
2025-01-29,13,7,0,108.94,12.42,America/Vancouver,278.56,0.0,38.0,0,0,1,1,0,0,5.410000000000025,Wednesday,False
2025-01-29,14,12,0,144.36,16.46,America/Vancouver,278.97,0.0,47.5,0,0,1,0,0,0,5.82000000000005,Wednesday,False
2025-01-29,15,13,0,115.51,13.17,America/Vancouver,277.96000000000004,0.0,47.5,1,0,1,0,0,0,4.810000000000059,Wednesday,False
2025-01-29,16,5,0,66.73,7.61,America/Vancouver,277.885,0.0,39.0,0,0,1,1,0,0,4.735000000000014,Wednesday,False
2025-01-29,17,6,0,67.19,7.66,America/Vancouver,276.33500000000004,0.0,52.5,0,0,1,1,0,0,3.185000000000059,Wednesday,False
2025-01-29,18,10,0,128.25,14.63,America/Vancouver,276.115,0.0,70.0,0,1,1,0,0,0,2.965000000000032,Wednesday,False
2025-01-29,19,7,0,58.65,6.69,America/Vancouver,275.695,0.05,60.0,0,0,1,0,0,0,2.545000000000016,Wednesday,False
2025-01-29,20,4,0,35.31,4.03,America/Vancouver,275.065,0.05,52.5,0,1,0,1,0,0,1.9150000000000205,Wednesday,False
2025-01-29,21,0,0,0.0,0.0,America/Vancouver,274.71500000000003,0.1,87.5,0,1,1,0,0,0,1.5650000000000546,Wednesday,False
2025-01-30,11,0,0,0.0,0.0,America/Vancouver,274.135,0.475,100.0,0,1,1,0,0,0,0.9850000000000136,Thursday,False
2025-01-30,12,0,0,0.0,0.0,America/Vancouver,274.06,0.325,100.0,0,1,0,0,0,0,0.910000000000025,Thursday,False
2025-01-30,13,0,0,0.0,0.0,America/Vancouver,273.365,1.175,100.0,0,1,0,0,0,0,0.21500000000003183,Thursday,False
2025-01-30,14,0,0,0.0,0.0,America/Vancouver,273.655,0.605,100.0,0,1,0,0,0,0,0.5049999999999955,Thursday,False
2025-01-30,15,0,0,0.0,0.0,America/Vancouver,273.865,0.7250000000000001,100.0,0,1,0,0,0,0,0.7150000000000318,Thursday,False
2025-01-30,16,0,0,0.0,0.0,America/Vancouver,274.42999999999995,0.25,100.0,0,1,0,0,0,0,1.2799999999999727,Thursday,False
2025-01-30,17,0,0,0.0,0.0,America/Vancouver,274.855,0.365,100.0,0,1,0,0,0,0,1.705000000000041,Thursday,False
2025-01-30,18,0,0,0.0,0.0,America/Vancouver,274.58,0.24000000000000002,100.0,0,1,0,0,0,0,1.4300000000000068,Thursday,False
2025-01-30,19,0,0,0.0,0.0,America/Vancouver,274.935,0.225,100.0,0,1,0,0,0,0,1.785000000000025,Thursday,False
2025-01-30,20,0,0,0.0,0.0,America/Vancouver,274.77,1.195,100.0,0,1,0,0,0,0,1.6200000000000045,Thursday,False
2025-01-30,21,0,0,0.0,0.0,America/Vancouver,273.975,1.29,100.0,0,1,0,0,0,0,0.8250000000000455,Thursday,False
2025-01-31,11,6,0,57.64,5.16,America/Vancouver,274.93,1.105,100.0,0,1,0,0,0,0,1.7800000000000296,Friday,False
2025-01-31,12,5,0,62.21,5.57,America/Vancouver,275.21000000000004,0.49,100.0,0,1,0,0,0,0,2.060000000000059,Friday,False
2025-01-31,13,6,0,89.98,8.06,America/Vancouver,275.305,1.0150000000000001,100.0,0,1,0,0,0,0,2.1550000000000296,Friday,False
2025-01-31,14,3,0,43.18,3.87,America/Vancouver,275.11,1.3050000000000002,100.0,1,1,0,0,0,0,1.9600000000000364,Friday,False
2025-01-31,15,9,0,76.6,6.86,America/Vancouver,275.29,1.575,100.0,1,1,0,0,0,0,2.140000000000043,Friday,False
2025-01-31,16,9,0,91.1,8.16,America/Vancouver,276.005,1.29,100.0,0,1,0,0,0,0,2.855000000000018,Friday,False
2025-01-31,17,19,0,211.54,18.95,America/Vancouver,275.83000000000004,0.605,100.0,0,1,0,0,0,0,2.6800000000000637,Friday,False
2025-01-31,18,11,0,118.5,10.61,America/Vancouver,275.89,0.665,100.0,0,1,0,0,0,0,2.740000000000009,Friday,False
2025-01-31,19,9,0,118.01,10.57,America/Vancouver,275.32,0.535,100.0,0,1,0,0,0,0,2.170000000000016,Friday,False
2025-01-31,20,11,0,149.55,13.4,America/Vancouver,273.97,0.435,87.5,1,1,0,0,0,0,0.82000000000005,Friday,False
2025-01-31,21,6,0,98.12,8.79,America/Vancouver,272.835,0.44,87.5,1,1,0,0,0,0,-0.3149999999999977,Friday,False